ticker,name,sector,fy,ocf,capex_ppe,capex_intangible,capex,fcf,marcap,pfr
005930,삼성전자,반도체_메모리,2025,85315148000000.0,47522179000000.0,4630970000000.0,52153149000000.0,33161999000000.0,1359259776360000.0,40.99
000660,SK하이닉스,반도체_메모리,2025,53373126000000.0,27518924000000.0,1060419000000.0,28579343000000.0,24793783000000.0,1031280322155000.0,41.59
402340,SK스퀘어,기타,2025,387202000000.0,23145000000.0,15489000000.0,38634000000.0,348568000000.0,130770760526000.0,375.17
373220,LG에너지솔루션,2차전지_셀,2025,4432277000000.0,10833917000000.0,164758000000.0,10998675000000.0,-6566398000000.0,110448000000000.0,
005380,현대차,자동차_완성차,2025,-5991270000000.0,8366764000000.0,2703092000000.0,11069856000000.0,-17061126000000.0,110364435874000.0,
034020,두산에너빌리티,원자력,2025,751801000000.0,403095000000.0,295016000000.0,698111000000.0,53690000000.0,81479377771200.0,1517.59
012450,한화에어로스페이스,방산,2025,4049804576000.0,1710503200000.0,283579185000.0,1994082385000.0,2055722191000.0,75540382465000.0,36.75
329180,HD현대중공업,조선,2025,3510392442000.0,511943688000.0,29546150000.0,541489838000.0,2968902604000.0,71373633000000.0,24.04
207940,삼성바이오로직스,바이오_CDMO,2025,2247807426551.0,1391740885639.0,83332629654.0,1475073515293.0,772733911258.0,68742062235000.0,88.96
009150,삼성전기,전자부품,2025,1490090883051.0,1192112995578.0,54210548833.0,1246323544411.0,243767338640.0,68568812928000.0,281.29
000270,기아,자동차_완성차,2025,9054140000000.0,3764508000000.0,1228561000000.0,4993069000000.0,4061071000000.0,60123601692000.0,14.8
105560,KB금융,은행,2025,4226378000000.0,333440000000.0,221529000000.0,554969000000.0,3671409000000.0,58835801799000.0,16.03
006400,삼성SDI,2차전지_셀,2025,792385760879.0,3066850926743.0,62253384372.0,3129104311115.0,-2336718550236.0,56812798650000.0,
032830,삼성생명,보험,2025,5256261000000.0,36441000000.0,133203000000.0,169644000000.0,5086617000000.0,53000000000000.0,10.42
028260,삼성물산,지주사,2025,3023741373868.0,1736393846854.0,169135875846.0,1905529722700.0,1118211651168.0,51894073920000.0,46.41
267260,HD현대일렉트릭,기타,2025,959572657325.0,233500152700.0,8414637601.0,241914790301.0,717657867024.0,46825228365000.0,65.25
055550,신한지주,은행,2025,9730881000000.0,258659000000.0,378410000000.0,637069000000.0,9093812000000.0,46516127378000.0,5.12
010120,LS ELECTRIC,기타,2025,299948385888.0,200850433496.0,8716133787.0,209566567283.0,90381818605.0,44100000000000.0,487.93
068270,셀트리온,바이오_CDMO,2025,646050776661.0,108223875636.0,223510374817.0,331734250453.0,314316526208.0,43899388025800.0,139.67
042660,한화오션,조선,2025,1314671582302.0,709619704392.0,7002548692.0,716622253084.0,598049329218.0,40752981402000.0,68.14
005490,POSCO홀딩스,철강,2025,4571910292218.0,5665150778832.0,576029453839.0,6241180232671.0,-1669269940453.0,39779246554000.0,
298040,효성중공업,기타,2025,493009624019.0,162909245075.0,15601447279.0,178510692354.0,314498931665.0,39424188944000.0,125.36
006800,미래에셋증권,증권,2025,-6860961000000.0,44782000000.0,8911000000.0,53693000000.0,-6914654000000.0,39337551664000.0,
012330,현대모비스,자동차_부품,2025,4472515000000.0,1347770000000.0,167887000000.0,1515657000000.0,2956858000000.0,39151109564500.0,13.24
042700,한미반도체,반도체_메모리,2025,228626759780.0,74621166719.0,19113861717.0,93735028436.0,134891731344.0,36028011600000.0,267.09
086790,하나금융지주,은행,2025,-1962471000000.0,1648700000000.0,297905000000.0,1946605000000.0,-3909076000000.0,34734956896800.0,
034730,SK,지주사,2025,6098798000000.0,9586382000000.0,494495000000.0,10080877000000.0,-3982079000000.0,34475035276500.0,
010130,고려아연,비철금속,2025,-628210721953.0,889578561811.0,53419012740.0,942997574551.0,-1571208296504.0,34002066501000.0,
009540,HD한국조선해양,기타,2025,4422050644000.0,946834728000.0,56866219000.0,1003700947000.0,3418349697000.0,33227977962000.0,9.72
035420,NAVER,플랫폼,2025,3095806604677.0,1234693161100.0,84690628410.0,1319383789510.0,1776422815167.0,32782201342000.0,18.45
051910,LG화학,화학,2025,8233859000000.0,13660731000000.0,195940000000.0,13856671000000.0,-5622812000000.0,30284115147000.0,
064350,현대로템,방산,2025,904313494000.0,129245658000.0,27225833000.0,156471491000.0,747842003000.0,29359276817000.0,39.26
015760,한국전력,전력_유틸리티,2025,20880154000000.0,15834139000000.0,103490000000.0,15937629000000.0,4942525000000.0,28567401426500.0,5.78
010140,삼성중공업,조선,2025,1562848761939.0,216254721699.0,0.0,216254721699.0,1346594040240.0,28380000000000.0,21.08
000150,두산,기타,2025,981908000000.0,570134000000.0,328229000000.0,898363000000.0,83545000000.0,27610488675000.0,330.49
096770,SK이노베이션,2차전지_셀,2025,2283052527000.0,5367187285000.0,283377113000.0,5650564398000.0,-3367511871000.0,24630991211600.0,
316140,우리금융지주,기타,2025,13642391000000.0,325952000000.0,180481000000.0,506433000000.0,13135958000000.0,24444741456000.0,1.86
267250,HD현대,기타,2025,7384884225000.0,2159076727000.0,129841621000.0,2288918348000.0,5095965877000.0,23895408212500.0,4.69
003670,포스코퓨처엠,2차전지_양극재,2025,-33577422254.0,1498908768505.0,,1498908768505.0,-1532486190759.0,23748640740000.0,
066570,LG전자,기타,2025,4280500000000.0,2615348000000.0,1292032000000.0,3907380000000.0,373120000000.0,23325330618400.0,62.51
272210,한화시스템,항공우주,2025,78736816771.0,298946996842.0,19366646848.0,318313643690.0,-239576826919.0,22613650863300.0,
079550,LIG넥스원,방산,2025,-584305263675.0,169779461301.0,75988247764.0,245767709065.0,-830072972740.0,21626000000000.0,
086520,에코프로,기타,2025,339076295162.0,786474151211.0,25591260373.0,812065411584.0,-472989116422.0,21153924481600.0,
000810,삼성화재,보험,2025,3413166155628.0,46175024427.0,20504194229.0,66679218656.0,3346486936972.0,21140578465500.0,6.32
247540,에코프로비엠,2차전지_양극재,2025,214707183992.0,418130148124.0,20072344342.0,438202492466.0,-223495308474.0,21082458527000.0,
017670,SK텔레콤,통신,2025,3923847000000.0,2206567000000.0,116685000000.0,2323252000000.0,1600595000000.0,20920551162200.0,13.07
035720,카카오,플랫폼,2025,1404762595727.0,479169184734.0,135204140062.0,614373324796.0,790389270931.0,20865346864500.0,26.4
033780,KT&G,기타,2025,582875000000.0,639535000000.0,34946000000.0,674481000000.0,-91606000000.0,20595925442000.0,
196170,알테오젠,바이오_혁신신약,2025,124127150186.0,23006600667.0,10410779839.0,33417380506.0,90709769680.0,19968123439000.0,220.13
011200,HMM,해운,2025,3305131000000.0,1593575000000.0,5127000000.0,1598702000000.0,1706429000000.0,19949483065500.0,11.69
138040,메리츠금융지주,기타,2025,-6472006707057.0,24082943724.0,23698175285.0,47781119009.0,-6519787826066.0,18977180758200.0,
000720,현대건설,건설_대형,2025,-748259000000.0,107202000000.0,8660000000.0,115862000000.0,-864121000000.0,17750108941000.0,
024110,기업은행,기타,2025,-3022146000000.0,,206589000000.0,206589000000.0,-3228735000000.0,17623111704900.0,
047810,한국항공우주,항공우주,2025,-903316343552.0,128568507493.0,61227978317.0,189796485810.0,-1093112829362.0,17545519260000.0,
086280,현대글로비스,물류,2025,2500761317215.0,592742647045.0,30441308190.0,623183955235.0,1877577361980.0,16912500000000.0,9.01
278470,에이피알,기타,2025,341046397295.0,15411405167.0,2506371609.0,17917776776.0,323128620519.0,16042249417500.0,49.65
006260,LS,비철금속,2025,206330000000.0,1147762000000.0,42239000000.0,1190001000000.0,-983671000000.0,15880800000000.0,
003550,LG,지주사,2025,1015114000000.0,151375000000.0,,151375000000.0,863739000000.0,15776868145500.0,18.27
047050,포스코인터내셔널,무역상사,2025,1941539030000.0,674614248000.0,384430026000.0,1059044274000.0,882494756000.0,15358059392400.0,17.4
030200,KT,통신,2025,4941733000000.0,,444214000000.0,444214000000.0,4497519000000.0,15272514111000.0,3.4
071050,한국금융지주,증권,2025,-7607218000000.0,15666000000.0,17745000000.0,33411000000.0,-7640629000000.0,14600209904000.0,
010950,S-Oil,정유,2025,3942304000000.0,3906036000000.0,2581000000.0,3908617000000.0,33687000000.0,14410597376000.0,427.78
011070,LG이노텍,전자부품,2025,1331402000000.0,610988000000.0,143540000000.0,754528000000.0,576874000000.0,14081928665000.0,24.41
259960,크래프톤,게임,2025,1045103395353.0,77174413938.0,24839255532.0,102013669470.0,943089725883.0,13677299166000.0,14.5
277810,레인보우로보틱스,로봇,2025,-9285606999.0,17608673072.0,571761975.0,18180435047.0,-27466042046.0,13288902730000.0,
047040,대우건설,기타,2025,462905032703.0,100294505123.0,10687212598.0,110981717721.0,351923314982.0,13210680561700.0,37.54
0126Z0,삼성에피스홀딩스,기타,2025,-103744989650.0,6332725524.0,33653795041.0,39986520565.0,-143731510215.0,13163132921000.0,
005940,NH투자증권,기타,2025,-5421616000000.0,11252000000.0,16548000000.0,27800000000.0,-5449416000000.0,12988752250050.0,
018260,삼성에스디에스,IT서비스,2025,1203327812666.0,315345758063.0,44117614609.0,359463372672.0,843864439994.0,12914354820000.0,15.3
016360,삼성증권,기타,2025,-5323820633293.0,11459554550.0,32760913919.0,44220468469.0,-5368041101762.0,12314470000000.0,
307950,현대오토에버,IT서비스,2025,423608443000.0,169490711000.0,67585231000.0,237075942000.0,186532501000.0,12231095972000.0,65.57
443060,HD현대마린솔루션,기타,2025,324127754474.0,17161529714.0,854214590.0,18015744304.0,306112010170.0,12082617470000.0,39.47
323410,카카오뱅크,기타,2025,6005765000000.0,60912000000.0,8770000000.0,69682000000.0,5936083000000.0,11641738662800.0,1.96
001440,대한전선,기타,2025,-171279828165.0,155166163954.0,5530368530.0,160696532484.0,-331976360649.0,11317351110000.0,
352820,하이브,엔터,2025,107483561000.0,31362065000.0,29742914000.0,61104979000.0,46378582000.0,11098829117500.0,239.31
039490,키움증권,증권,2025,-6399934098932.0,65425833281.0,375373472776.0,440799306057.0,-6840733404989.0,11081463510000.0,
007660,이수페타시스,기타,2025,168752524669.0,153463175981.0,1644367086.0,155107543067.0,13644981602.0,10937973631000.0,801.61
005830,DB손해보험,보험,2025,-282418000000.0,75432000000.0,34308000000.0,109740000000.0,-392158000000.0,10925458213200.0,
028050,삼성E&A,기타,2025,254433358974.0,53492598716.0,42999684171.0,96492282887.0,157941076087.0,10780000000000.0,68.25
062040,산일전기,기타,2025,115453741409.0,15254063586.0,1206500000.0,16460563586.0,98993177823.0,10210385975000.0,103.14
003230,삼양식품,기타,2025,309287213625.0,448988219606.0,12384146085.0,461372365691.0,-152085152066.0,9913447740000.0,
000880,한화,기타,2025,8320196000000.0,5683806000000.0,413089000000.0,6096895000000.0,2223301000000.0,9864057868100.0,4.44
000250,삼천당제약,기타,2025,9793496690.0,46146079346.0,13442293094.0,59588372440.0,-49794875750.0,9605834784000.0,
058470,리노공업,기타,2025,179468846374.0,59954233830.0,282097350.0,60236331180.0,119232515194.0,9206391480000.0,77.21
267270,HD건설기계,기계_건설장비,2025,166035785000.0,144445513000.0,10080400000.0,154525913000.0,11509872000.0,9167853949800.0,796.52
003490,대한항공,항공사,2025,4075191178550.0,4289140065128.0,6979969630.0,4296120034758.0,-220928856208.0,9021406194500.0,
950160,코오롱티슈진,기타,2025,-16884915.0,841069.0,81752540.0,82593609.0,-99478524.0,8880338040000.0,
066970,엘앤에프,2차전지_양극재,2025,-29205374598.0,137353241925.0,2040175357.0,139393417282.0,-168598791880.0,8597916039000.0,
009830,한화솔루션,태양광,2025,-655006000000.0,2010493000000.0,7013000000.0,2017506000000.0,-2672512000000.0,8577437546400.0,
028300,HLB,바이오_혁신신약,2025,-92588030393.0,16946773717.0,586381506.0,17533155223.0,-110121185616.0,8109551244900.0,
090430,아모레퍼시픽,화장품,2025,583839768058.0,64585887231.0,26680518856.0,91266406087.0,492573361971.0,7855577533700.0,15.95
326030,SK바이오팜,기타,2025,176333532013.0,6891568938.0,22618549859.0,29510118797.0,146823413216.0,7776505725000.0,52.97
161390,한국타이어앤테크놀로지,타이어,2025,1608024241978.0,2107661242477.0,200289522912.0,2307950765389.0,-699926523411.0,7618316743500.0,
377300,카카오페이,기타,2025,118619005514.0,15328577797.0,5821395419.0,21149973216.0,97469032298.0,7573740552000.0,77.7
078930,GS,정유,2025,2193338000000.0,1882856000000.0,28105000000.0,1910961000000.0,282377000000.0,7516854080200.0,26.62
180640,한진칼,기타,2025,122225750000.0,1629058000.0,4920143000.0,6549201000.0,115676549000.0,7497403931700.0,64.81
082740,한화엔진,기타,2025,330318677509.0,33289810489.0,5571964959.0,38861775448.0,291456902061.0,7468519209000.0,25.62
298380,에이비엘바이오,기타,2025,-41253077040.0,,69690000.0,69690000.0,-41322767040.0,7418338847500.0,
000100,유한양행,제약_전통,2025,106227395422.0,99601135225.0,34875885668.0,134477020893.0,-28249625471.0,7208107890500.0,
052690,한전기술,원자력,2025,29316127878.0,4574307794.0,3122498956.0,7696806750.0,21619321128.0,7120386000000.0,329.35
241560,두산밥캣,기계_건설장비,2025,822394000.0,168382000.0,73214000.0,241596000.0,580798000.0,7093348810000.0,12213.11
000990,DB하이텍,기타,2025,356967025481.0,146129867916.0,8163875766.0,154293743682.0,202673281799.0,7034691879600.0,34.71
454910,두산로보틱스,로봇,2025,-17322515546.0,13137762569.0,2232536023.0,15370298592.0,-32692814138.0,6987593844000.0,
032640,LG유플러스,통신,2025,2963757000000.0,1611423000000.0,372405000000.0,1983828000000.0,979929000000.0,6872955396450.0,7.01
103590,일진전기,기타,2025,86862549000.0,24564642000.0,2575426000.0,27140068000.0,59722481000.0,6871464699000.0,115.06
141080,리가켐바이오,바이오_혁신신약,2025,-124532936677.0,3049519644.0,2991403869.0,6040923513.0,-130573860190.0,6719024367000.0,
010060,OCI홀딩스,태양광,2025,553878733000.0,370844519000.0,1788451000.0,372632970000.0,181245763000.0,6637267476000.0,36.62
001040,CJ,기타,2025,4987380240000.0,2335628897000.0,1036173693000.0,3371802590000.0,1615577650000.0,6550236051000.0,4.05
064400,LG씨엔에스,IT서비스,2025,418168400000.0,44416116000.0,8756776000.0,53172892000.0,364995508000.0,6384783973200.0,17.49
087010,펩트론,기타,2025,-20586335436.0,2493654336.0,502750001.0,2996404337.0,-23582739773.0,6237391125000.0,
034220,LG디스플레이,디스플레이,2025,2352083000000.0,1347937000000.0,759146000000.0,2107083000000.0,245000000000.0,6155000000000.0,25.12
021240,코웨이,기타,2025,35544145039.0,223928885986.0,13289079808.0,237217965794.0,-201673820755.0,6135535834200.0,
029780,삼성카드,기타,2025,-1575026000000.0,12055000000.0,47926000000.0,59981000000.0,-1635007000000.0,6082591777500.0,
240810,원익IPS,반도체_장비,2025,156607028356.0,25661159526.0,6342191451.0,32003350977.0,124603677379.0,6012777872500.0,48.26
450080,에코프로머티,기타,2025,94409083213.0,300702888369.0,1375067248.0,302077955617.0,-207668872404.0,5983382339200.0,
036930,주성엔지니어링,반도체_장비,2025,-30678160138.0,,,0.0,-30678160138.0,5884509918600.0,
039030,이오테크닉스,기타,2025,100287776582.0,3906067446.0,174067717.0,4080135163.0,96207641419.0,5851786250000.0,60.82
036570,엔씨소프트,게임,2025,161967521188.0,103460096418.0,11595039660.0,115055136078.0,46912385110.0,5763025885000.0,122.85
004020,현대제철,철강,2025,2053257208793.0,1492664770515.0,26844817090.0,1519509587605.0,533747621188.0,5744841044250.0,10.76
128940,한미약품,제약_전통,2025,173072329954.0,43024532778.0,33522496152.0,76547028930.0,96525301024.0,5700890995000.0,59.06
214370,케어젠,기타,2025,18589458609.0,3860314345.0,1061465527.0,4921779872.0,13667678737.0,5661561000000.0,414.23
353200,대덕전자,전자부품,2025,71551720318.0,64877213066.0,2261870022.0,67139083088.0,4412637230.0,5653296220000.0,1281.16
138930,BNK금융지주,기타,2025,-2023799286987.0,93519070119.0,81168887756.0,174687957875.0,-2198487244862.0,5647952000600.0,
271560,오리온,음료_주류,2025,537328134910.0,122555594615.0,23759527941.0,146315122556.0,391013012354.0,5645759649600.0,14.44
022100,포스코DX,기타,2025,145951092070.0,5451717497.0,3287620032.0,8739337529.0,137211754541.0,5374427670150.0,39.17
310210,보로노이,기타,2025,-72094552780.0,1649565321.0,32807700.0,1682373021.0,-73776925801.0,5373433932000.0,
095340,ISC,기타,2025,41712020998.0,5671292473.0,662843304.0,6334135777.0,35377885221.0,5246271855000.0,148.29
175330,JB금융지주,기타,2025,-1137480000000.0,49774000000.0,65062000000.0,114836000000.0,-1252316000000.0,5148735522400.0,
002380,KCC,건설자재_가구,2025,789477482258.0,319905524666.0,,319905524666.0,469571957592.0,5100834354000.0,10.86
018880,한온시스템,자동차_부품,2025,112337412418.0,293086557785.0,187091840000.0,480178397785.0,-367840985367.0,4977373377200.0,
000500,가온전선,기타,2025,41739624000.0,24466101000.0,173018000.0,24639119000.0,17100505000.0,4772688677500.0,279.1
011790,SKC,기타,2025,-567575812502.0,284106832517.0,5222470634.0,289329303151.0,-856905115653.0,4695668952000.0,
108490,로보티즈,기타,2025,7075291568.0,2194355547.0,246269549.0,2440625096.0,4634666472.0,4594978278000.0,991.44
011170,롯데케미칼,화학,2025,488927763234.0,1621295035577.0,13315530646.0,1634610566223.0,-1145682802989.0,4542749497800.0,
489790,한화비전,기타,2025,5676061731.0,107398017899.0,2236088158.0,109634106057.0,-103958044326.0,4478320193000.0,
403870,HPSP,기타,2025,100205138390.0,2329823754.0,99357251.0,2429181005.0,97775957385.0,4477120000000.0,45.79
088350,한화생명,기타,2025,4377244000000.0,188100000000.0,115786000000.0,303886000000.0,4073358000000.0,4377391200000.0,1.07
051900,LG생활건강,화장품,2025,446433049589.0,78879194632.0,15751749336.0,94630943968.0,351802105621.0,4277037290500.0,12.16
020150,롯데에너지머티리얼즈,기타,2025,-11053371492.0,63021652512.0,10487104127.0,73508756639.0,-84562128131.0,4110688845500.0,
440110,파두,기타,2025,-3703541869.0,-4061919991.0,-75900000.0,-4137819991.0,434278122.0,4066121424400.0,9362.94
251270,넷마블,게임,2025,337793565982.0,47294479759.0,16035173893.0,63329653652.0,274463912330.0,4057038364500.0,14.78
336260,두산퓨얼셀,수소_연료전지,2025,-56507117413.0,34268630106.0,71733232761.0,106001862867.0,-162508980280.0,3968919795600.0,
023530,롯데쇼핑,유통_백화점,2025,1723750652721.0,651764091594.0,46018060938.0,697782152532.0,1025968500189.0,3917992567500.0,3.82
017800,현대엘리베이터,기타,2025,255573551179.0,42890827192.0,5402841008.0,48293668200.0,207279882979.0,3913147738500.0,18.88
004170,신세계,유통_백화점,2025,990582722093.0,490851138416.0,9942649745.0,500793788161.0,489788933932.0,3877246800500.0,7.92
111770,영원무역,기타,2025,374875504121.0,223162674298.0,6373159195.0,229535833493.0,145339670628.0,3788630514000.0,26.07
263750,펄어비스,기타,2025,23933800287.0,2558154081.0,1910985006.0,4469139087.0,19464661200.0,3758499517500.0,193.09
457190,이수스페셜티케미컬,기타,2025,4641384000.0,49102355000.0,86856000.0,49189211000.0,-44547827000.0,3735052579200.0,
004800,효성,기타,2025,421093178280.0,158920799942.0,8861370250.0,167782170192.0,253311008088.0,3699629947000.0,14.61
032820,우리기술,원자력,2025,-18848097423.0,45467861007.0,1275929214.0,46743790221.0,-65591887644.0,3687124877100.0,
214150,클래시스,의료기기_미용,2025,163935787746.0,12868774989.0,6384614912.0,19253389901.0,144682397845.0,3672767601700.0,25.39
178320,서진시스템,기타,2025,-39756707314.0,292650814802.0,3166469396.0,295817284198.0,-335573991512.0,3649313377700.0,
012510,더존비즈온,기타,2025,129596057115.0,19272176091.0,786003627.0,20058179718.0,109537877397.0,3647378400000.0,33.3
071970,HD현대마린엔진,기타,2025,180601821406.0,13092683668.0,706593000.0,13799276668.0,166802544738.0,3632992114500.0,21.78
011780,금호석유,화학,2025,715308386329.0,194402300702.0,1218927336.0,195621228038.0,519687158291.0,3632717730000.0,6.99
097950,CJ제일제당,식품,2025,2481608395000.0,1630528597000.0,121152974000.0,1751681571000.0,729926824000.0,3628058826000.0,4.97
035250,강원랜드,카지노_레저,2025,294467847955.0,115904370917.0,5692777651.0,121597148568.0,172870699387.0,3626291475000.0,20.98
319400,현대무벡스,기타,2025,-1431766908.0,2681823097.0,214126000.0,2895949097.0,-4327716005.0,3614152465550.0,
357780,솔브레인,반도체_소재,2025,146921893948.0,119808954457.0,234849055.0,120043803512.0,26878090436.0,3566472511000.0,132.69
036460,한국가스공사,전력_유틸리티,2025,6539315000000.0,1987747000000.0,254451000000.0,2242198000000.0,4297117000000.0,3563281800000.0,0.83
226950,올릭스,기타,2025,-15899886728.0,,,0.0,-15899886728.0,3536361558600.0,
375500,DL이앤씨,건설_대형,2025,232139885997.0,,6049704545.0,6049704545.0,226090181452.0,3532727779900.0,15.63
214450,파마리서치,기타,2025,183162279104.0,29727158506.0,6054904414.0,35782062920.0,147380216184.0,3522090672000.0,23.9
439260,대한조선,기타,2025,161974080833.0,8792776564.0,,8792776564.0,153181304269.0,3448104924000.0,22.51
302440,SK바이오사이언스,기타,2025,102507138558.0,183090850076.0,77291184475.0,260382034551.0,-157874895993.0,3397168744900.0,
001720,신영증권,기타,2025,-442109352801.0,1666415454.0,8941481200.0,10607896654.0,-452717249455.0,3394860000000.0,
064760,티씨케이,기타,2025,54111434312.0,4496721586.0,,4496721586.0,49614712726.0,3337055676000.0,67.26
222800,심텍,기타,2025,-198611950618.0,55861442016.0,532441062.0,56393883078.0,-255005833696.0,3293583627600.0,
031210,서울보증보험,기타,2025,387231449456.0,14075143706.0,60160430378.0,74235574084.0,312995875372.0,3292088345700.0,10.52
347850,디앤디파마텍,기타,2025,-21138952801.0,-64410576.0,0.0,-64410576.0,-21074542225.0,3280930610300.0,
014680,한솔케미칼,2차전지_음극재소재,2025,200397744222.0,83529466177.0,330760481.0,83860226658.0,116537517564.0,3257560867500.0,27.95
145020,휴젤,기타,2025,150058740523.0,13394590817.0,16128195244.0,29522786061.0,120535954462.0,3217504629500.0,26.69
237690,에스티팜,기타,2025,13989325017.0,47071524296.0,213635784.0,47285160080.0,-33295835063.0,3205795972600.0,
139130,iM금융지주,기타,2025,-1477952000000.0,31764000000.0,38596000000.0,70360000000.0,-1548312000000.0,3100054451900.0,
043260,성호전자,기타,2025,20087039309.0,4537629021.0,196626141.0,4734255162.0,15352784147.0,3081596659350.0,200.72
006360,GS건설,건설_대형,2025,591530000000.0,225985000000.0,69029000000.0,295014000000.0,296516000000.0,3076654565500.0,10.38
083650,비에이치아이,기타,2025,112298107754.0,15636630449.0,2845594683.0,18482225132.0,93815882622.0,3069682000000.0,32.72
005290,동진쎄미켐,반도체_소재,2025,191257331406.0,77161538103.0,4247018099.0,81408556202.0,109848775204.0,3028313696600.0,27.57
084370,유진테크,기타,2025,66476818240.0,13388716620.0,,13388716620.0,53088101620.0,3024917544000.0,56.98
0009K0,에임드바이오,기타,2025,17860180437.0,353685246.0,8943633.0,362628879.0,17497551558.0,3020143218700.0,172.6
028670,팬오션,해운,2025,702652000000.0,221569000000.0,618000000.0,222187000000.0,480465000000.0,3014972047680.0,6.28
004990,롯데지주,기타,2025,1156131183818.0,1310322358751.0,54736023274.0,1365058382025.0,-208927198207.0,2994896468800.0,
007340,DN오토모티브,기타,2025,259273221000.0,167627855000.0,9268131000.0,176895986000.0,82377235000.0,2989905201500.0,36.3
012750,에스원,기타,2025,368598850300.0,190088549836.0,4026870560.0,194115420396.0,174483429904.0,2975335637400.0,17.05
005850,에스엘,기타,2025,508540930109.0,188402033816.0,12262350251.0,200664384067.0,307876546042.0,2958770724000.0,9.61
112610,씨에스윈드,풍력,2025,527705949520.0,92576962005.0,617353140.0,93194315145.0,434511634375.0,2939346789100.0,6.76
383220,F&F,의류_패션,2025,355205411881.0,23985231684.0,2551900571.0,26537132255.0,328668279626.0,2934321945000.0,8.93
139480,이마트,편의점_마트,2025,1318939140965.0,722674163941.0,41775788743.0,764449952684.0,554489188281.0,2922397232100.0,5.27
319660,피에스케이,반도체_장비,2025,61731136881.0,18531513572.0,2000000.0,18533513572.0,43197623309.0,2899568071400.0,67.12
058610,에스피지,기타,2025,28370862455.0,4820705869.0,216884967.0,5037590836.0,23333271619.0,2865314912000.0,122.8
009970,영원무역홀딩스,기타,2025,540737658622.0,249651242823.0,9863750984.0,259514993807.0,281222664815.0,2855088625500.0,10.15
031980,피에스케이홀딩스,기타,2025,81417272271.0,1501257665.0,687555590.0,2188813255.0,79228459016.0,2846236140000.0,35.92
103140,풍산,비철금속,2025,-168485078220.0,184707994189.0,5635615381.0,190343609570.0,-358828687790.0,2810835083400.0,
120110,코오롱인더,기타,2025,355039451553.0,160471591460.0,23475463349.0,183947054809.0,171092396744.0,2808937801600.0,16.42
067310,하나마이크론,반도체_후공정,2025,174918894576.0,142911917976.0,7717332025.0,150629250001.0,24289644575.0,2794820703300.0,115.06
100790,미래에셋벤처투자,기타,2025,48814681618.0,44591400.0,73040000.0,117631400.0,48697050218.0,2794355748400.0,57.38
483650,달바글로벌,기타,2025,68482449044.0,-301490748.0,-78361440.0,-379852188.0,68862301232.0,2776214190000.0,40.32
229640,LS에코에너지,기타,2025,72484666167.0,2052031754.0,2300000.0,2054331754.0,70430334413.0,2768489061600.0,39.31
051600,한전KPS,전력_유틸리티,2025,135731103199.0,61806035794.0,3483636869.0,65289672663.0,70441430536.0,2763000000000.0,39.22
010170,대한광통신,기타,2025,-12219829801.0,840933995.0,28000000.0,868933995.0,-13088763796.0,2752096182000.0,
204320,HL만도,자동차_부품,2025,720937744650.0,343848197672.0,46304632578.0,390152830250.0,330784914400.0,2723512960000.0,8.23
098460,고영,기타,2025,18090229309.0,4727054515.0,8756888963.0,13483943478.0,4606285831.0,2674102707250.0,580.53
030530,원익홀딩스,기타,2025,118085965498.0,85962417863.0,4845368912.0,90807786775.0,27278178723.0,2672434142600.0,97.97
001450,현대해상,기타,2025,3527079478029.0,21574688422.0,9705166398.0,31279854820.0,3495799623209.0,2664007812500.0,0.76
257720,실리콘투,기타,2025,1140985003.0,6880463537.0,158524622.0,7038988159.0,-5898003156.0,2654860807200.0,
026960,동서,기타,2025,106243502438.0,2135889694.0,,2135889694.0,104107612744.0,2612140000000.0,25.09
082920,비츠로셀,기타,2025,63585597685.0,11396983419.0,30465453.0,11427448872.0,52158148813.0,2607019927500.0,49.98
008930,한미사이언스,기타,2025,47658093135.0,,,0.0,47658093135.0,2602298477500.0,54.6
218410,RFHIC,기타,2025,29499225878.0,4404635450.0,804091940.0,5208727390.0,24290498488.0,2602237316000.0,107.13
097230,HJ중공업,기타,2025,6330000000.0,10661000000.0,747000000.0,11408000000.0,-5078000000.0,2600505907200.0,
060370,LS마린솔루션,기타,2025,19934400037.0,76490866918.0,0.0,76490866918.0,-56556466881.0,2588435215700.0,
001430,세아베스틸지주,철강,2025,113476256502.0,188882764334.0,12973631829.0,201856396163.0,-88380139661.0,2574900144200.0,
131970,두산테스나,기타,2025,147218334000.0,22780544000.0,2016604000.0,24797148000.0,122421186000.0,2553128139800.0,20.86
279570,케이뱅크,기타,2025,616672000000.0,20499000000.0,36307000000.0,56806000000.0,559866000000.0,2551822499790.0,4.56
017960,한국카본,기타,2025,131542994323.0,,44450326.0,44450326.0,131498543997.0,2551195680000.0,19.4
008770,호텔신라,여행_호텔,2025,103620502742.0,53563220274.0,,53563220274.0,50057282468.0,2543278240800.0,50.81
069960,현대백화점,유통_백화점,2025,986166052000.0,579293577000.0,3711048000.0,583004625000.0,403161427000.0,2527638412100.0,6.27
322000,HD현대에너지솔루션,기타,2025,17722056369.0,12304011908.0,6284322782.0,18588334690.0,-866278321.0,2475200000000.0,
068760,셀트리온제약,기타,2025,86430331164.0,16163944383.0,1758656138.0,17922600521.0,68507730643.0,2468769659200.0,36.04
018670,SK가스,에너지_LPG_LNG,2025,672579940927.0,296690188587.0,3112790075.0,299802978662.0,372776962265.0,2467055526000.0,6.62
078600,대주전자재료,2차전지_음극재소재,2025,10948730100.0,23384824711.0,400632883.0,23785457594.0,-12836727494.0,2445679687500.0,
476830,알지노믹스,기타,2025,-10851693259.0,,,0.0,-10851693259.0,2431455429000.0,
009420,한올바이오파마,기타,2025,-2340357567.0,947996233.0,13167744125.0,14115740358.0,-16456097925.0,2418741539400.0,
077970,STX엔진,기타,2025,72871045623.0,9912998123.0,9052710957.0,18965709080.0,53905336543.0,2408883780000.0,44.69
000240,한국앤컴퍼니,기타,2025,235742608281.0,26767918650.0,2371295521.0,29139214171.0,206603394110.0,2401861572000.0,11.63
192820,코스맥스,화장품,2025,86704661578.0,186962756440.0,5765171786.0,192727928226.0,-106023266648.0,2372047381000.0,
004370,농심,식품,2025,268700833743.0,67592589702.0,262618117.0,67855207819.0,200845625924.0,2317486602000.0,11.54
000120,CJ대한통운,물류,2025,902359906502.0,573954606905.0,35991036187.0,609945643092.0,292414263410.0,2310890447200.0,7.9
323280,태성,기타,2025,-9748725998.0,37517754965.0,2571981321.0,40089736286.0,-49838462284.0,2308671288000.0,
005440,현대지에프홀딩스,기타,2025,404603485000.0,147603916000.0,46631274000.0,194235190000.0,210368295000.0,2294911310720.0,10.91
282330,BGF리테일,편의점_마트,2025,770785519532.0,241431392019.0,5658172323.0,247089564342.0,523695955190.0,2288389154400.0,4.37
030000,제일기획,광고_마케팅,2025,212279534936.0,30061204374.0,10575891059.0,40637095433.0,171642439503.0,2272064193750.0,13.24
089030,테크윙,기타,2025,-16089053787.0,27349177047.0,,27349177047.0,-43438230834.0,2271388438500.0,
011210,현대위아,기타,2025,404129000000.0,211785000000.0,41596000000.0,253381000000.0,150748000000.0,2254472380700.0,14.96
085620,미래에셋생명,기타,2025,284524522790.0,4571069612.0,75029398919.0,79600468531.0,204924054259.0,2222359200000.0,10.84
035900,JYP Ent.,엔터,2025,124332829487.0,6244695028.0,16263273043.0,22507968071.0,101824861416.0,2220780750000.0,21.81
041510,에스엠,엔터,2025,194860708063.0,8852603253.0,32357113508.0,41209716761.0,153650991302.0,2216205992000.0,14.42
298020,효성티앤씨,기타,2025,456129589664.0,443023452039.0,16055323217.0,459078775256.0,-2949185592.0,2215773184000.0,
007810,코리아써키트,기타,2025,39137875548.0,77111402014.0,0.0,77111402014.0,-37973526466.0,2192011468000.0,
361610,SKIET,2차전지_분리막,2025,-33358864000.0,121451109000.0,10800000.0,121461909000.0,-154820773000.0,2191894280000.0,
140860,파크시스템스,기타,2025,24479318934.0,53736105124.0,575238228.0,54311343352.0,-29832024418.0,2190235341000.0,
002790,아모레퍼시픽홀딩스,기타,2025,629668209209.0,76814037729.0,30092262560.0,106906300289.0,522761908920.0,2182881039000.0,4.18
003690,코리안리,기타,2025,1668722873508.0,13265217861.0,4013449348.0,17278667209.0,1651444206299.0,2150694947270.0,1.3
081660,미스토홀딩스,기타,2025,567404562642.0,239385773322.0,15109708523.0,254495481845.0,312909080797.0,2142255744000.0,6.85
101490,에스앤에스텍,기타,2025,46882046173.0,63387681905.0,1085609400.0,64473291305.0,-17591245132.0,2133487900000.0,
161890,한국콜마,기타,2025,291432572833.0,163952926635.0,15786919937.0,179739846572.0,111692726261.0,2093770329900.0,18.75
005070,코스모신소재,기타,2025,138233443406.0,45847352800.0,,45847352800.0,92386090606.0,2082553601700.0,22.54
347700,스피어,기타,2025,-14666603366.0,-44069827.0,-2046120.0,-46115947.0,-14620487419.0,2076199329600.0,
023590,다우기술,기타,2025,-6533814135627.0,110098480720.0,21375223579.0,131473704299.0,-6665287839926.0,2064804782400.0,
417200,LS머트리얼즈,기타,2025,5641108239.0,23196178681.0,528076725.0,23724255406.0,-18083147167.0,2053258200650.0,
001120,LX인터내셔널,무역상사,2025,694419646446.0,583942106469.0,31924746103.0,615866852572.0,78552793874.0,2027148000000.0,25.81
475830,오름테라퓨틱,기타,2025,-35988691708.0,,,0.0,-35988691708.0,2020101217500.0,
003570,SNT다이내믹스,기타,2025,-59125830346.0,22890679432.0,17008889439.0,39899568871.0,-99025399217.0,1971884932100.0,
039200,오스코텍,기타,2025,8302368829.0,,,0.0,8302368829.0,1966470246400.0,236.86
003540,대신증권,기타,2025,-3223886096000.0,28896942000.0,2794808000.0,31691750000.0,-3255577846000.0,1966329531850.0,
462870,시프트업,기타,2025,157169089142.0,2557644014.0,53459519.0,2611103533.0,154557985609.0,1956122239000.0,12.66
395400,SK리츠,리츠,2025,4931950608.0,,,0.0,4931950608.0,1953604353800.0,396.11
080220,제주반도체,기타,2025,25554903161.0,2524757610.0,200000000.0,2724757610.0,22830145551.0,1952908631100.0,85.54
007070,GS리테일,편의점_마트,2025,938584394003.0,230371477298.0,3832882056.0,234204359354.0,704380034649.0,1927150915750.0,2.74
475150,SK이터닉스,기타,2025,-25246577658.0,13835108836.0,1050000.0,13836158836.0,-39082736494.0,1880498620800.0,
027360,아주IB투자,기타,2025,-1138168995.0,0.0,854214590.0,854214590.0,-1992383585.0,1872907976760.0,
458870,씨어스,기타,2025,2086101326.0,1475601350.0,156053000.0,1631654350.0,454446976.0,1857315312000.0,4086.98
131290,티에스이,기타,2025,48569539234.0,47145605208.0,3664472769.0,50810077977.0,-2240538743.0,1856107786200.0,
099320,쎄트렉아이,항공우주,2025,-74017199715.0,22959389589.0,,22959389589.0,-96976589304.0,1839814704000.0,
232140,와이씨,기타,2025,41192786217.0,16006710569.0,637679505.0,16644390074.0,24548396143.0,1833713572500.0,74.7
038500,삼표시멘트,기타,2025,93852723445.0,45278017842.0,216000.0,45278233842.0,48574489603.0,1757956624740.0,36.19
003530,한화투자증권,기타,2025,-728445000000.0,6370000000.0,9930000000.0,16300000000.0,-744745000000.0,1757146277250.0,
491000,리브스메드,기타,2025,-34739913530.0,7233465788.0,489598649.0,7723064437.0,-42462977967.0,1741746691800.0,
445680,큐리옥스바이오시스템즈,기타,2025,-11109195641.0,136101014.0,,136101014.0,-11245296655.0,1740969406000.0,
004000,롯데정밀화학,기타,2025,300890349404.0,271573859718.0,,271573859718.0,29316489686.0,1718280000000.0,58.61
069620,대웅제약,기타,2025,149205466388.0,191534126732.0,49833042352.0,241367169084.0,-92161702696.0,1711337127500.0,
006040,동원산업,기타,2025,466018928197.0,367372683366.0,8266556557.0,375639239923.0,90379688274.0,1701904860300.0,18.83
437730,삼현,기타,2025,95012485.0,53033769530.0,32247521.0,53066017051.0,-52971004566.0,1696354834500.0,
012630,HDC,기타,2025,467347129186.0,172959334725.0,10108941462.0,183068276187.0,284278852999.0,1678742360100.0,5.91
095610,테스,기타,2025,82422859490.0,32876864704.0,261777000.0,33138641704.0,49284217786.0,1678512000000.0,34.06
030610,교보증권,기타,2025,-896988206000.0,11397071000.0,1562777000.0,12959848000.0,-909948054000.0,1676395156310.0,
032350,롯데관광개발,기타,2025,100093644817.0,9864293137.0,1595609563.0,11459902700.0,88633742117.0,1659690732900.0,18.73
490470,세미파이브,기타,2025,-8880636884.0,2153792776.0,5700000.0,2159492776.0,-11040129660.0,1652309440000.0,
073240,금호타이어,타이어,2025,915296220859.0,312383783854.0,957916627.0,313341700481.0,601954520378.0,1628765827290.0,2.71
006280,녹십자,기타,2025,99462778248.0,72362076109.0,32916405833.0,105278481942.0,-5815703694.0,1606898975000.0,
065350,신성델타테크,기타,2025,14375832620.0,94458199667.0,65000000.0,94523199667.0,-80147367047.0,1594068984000.0,
085660,차바이오텍,기타,2025,-72522501543.0,146985057030.0,5081245162.0,152066302192.0,-224588803735.0,1571188741200.0,
166090,하나머티리얼즈,기타,2025,68543052519.0,20022518828.0,298170674.0,20320689502.0,48222363017.0,1570347315600.0,32.56
290650,엘앤씨바이오,기타,2025,12564732969.0,15810033915.0,1225490249.0,17035524164.0,-4470791195.0,1560395556400.0,
001800,오리온홀딩스,기타,2025,514071834748.0,158806362579.0,29620275874.0,188426638453.0,325645196295.0,1559871007800.0,4.79
189300,인텔리안테크,기타,2025,-18239219642.0,12537300106.0,,12537300106.0,-30776519748.0,1524724574000.0,
127120,제이에스링크,기타,2025,-9386631119.0,44048504978.0,34260000.0,44082764978.0,-53469396097.0,1524701537100.0,
093370,후성,기타,2025,39575579438.0,39148175849.0,69630214.0,39217806063.0,357773375.0,1515517812900.0,4235.97
003380,하림지주,기타,2025,1141068000000.0,426773000000.0,33844000000.0,460617000000.0,680451000000.0,1512075883500.0,2.22
183300,코미코,기타,2025,38221369716.0,217670719233.0,2051404908.0,219722124141.0,-181500754425.0,1508430632800.0,
281740,레이크머티리얼즈,기타,2025,15478483153.0,13575074556.0,90240080.0,13665314636.0,1813168517.0,1501943021800.0,828.35
090710,휴림로봇,기타,2025,-23016768947.0,639490366.0,934532890.0,1574023256.0,-24590792203.0,1494409534470.0,
294870,IPARK현대산업개발,기타,2025,2808096213.0,117724681819.0,4778758439.0,122503440258.0,-119695344045.0,1489505658000.0,
036830,솔브레인홀딩스,2차전지_전해질,2025,46552322856.0,33300415698.0,1151395111.0,34451810809.0,12100512047.0,1474236233900.0,121.83
195940,HK이노엔,기타,2025,162009691839.0,74517765901.0,11814714321.0,86332480222.0,75677211617.0,1473154332000.0,19.47
033100,제룡전기,기타,2025,67170347966.0,2269760194.0,134898892.0,2404659086.0,64765688880.0,1469710423500.0,22.69
100090,SK오션플랜트,기타,2025,-39768234445.0,58655129356.0,916393090.0,59571522446.0,-99339756891.0,1468236031500.0,
034230,파라다이스,카지노_레저,2025,223864661526.0,88762345974.0,2114328844.0,90876674818.0,132987986708.0,1468175704700.0,11.04
007310,오뚜기,식품,2025,218874761016.0,182904057891.0,2253635488.0,185157693379.0,33717067637.0,1458850120000.0,43.27
001740,SK네트웍스,기타,2025,222288000000.0,78135000000.0,2101000000.0,80236000000.0,142052000000.0,1458221374180.0,10.27
020560,아시아나항공,기타,2025,136976282201.0,705912908558.0,2609159912.0,708522068470.0,-571545786269.0,1448114698330.0,
124500,아이티센글로벌,기타,2025,238152396670.0,27840221403.0,4359858407.0,32200079810.0,205952316860.0,1436360221300.0,6.97
036540,SFA반도체,반도체_후공정,2025,5456325212.0,21686006810.0,373919174.0,22059925984.0,-16603600772.0,1417647811860.0,
000210,DL,기타,2025,514913486084.0,231182056963.0,10418347524.0,241600404487.0,273313081597.0,1412426581600.0,5.17
456160,지투지바이오,기타,2025,-13921212279.0,311896469.0,12075000.0,323971469.0,-14245183748.0,1409664586800.0,
160190,하이젠알앤엠,기타,2025,-9685015063.0,5254612814.0,72534000.0,5327146814.0,-15012161877.0,1402315200000.0,
048410,현대바이오,기타,2025,-17049918860.0,,19000000000.0,19000000000.0,-36049918860.0,1389680236800.0,
420770,기가비스,기타,2025,25653570139.0,4632671533.0,,4632671533.0,21020898606.0,1387995501000.0,66.03
089970,브이엠,기타,2025,18311472375.0,8168017671.0,808515105.0,8976532776.0,9334939599.0,1384754520500.0,148.34
137400,피엔티,2차전지_장비,2025,4447459020.0,127695843866.0,22591100.0,127718434966.0,-123270975946.0,1374062224000.0,
006340,대원전선,기타,2025,-30136980330.0,5296961394.0,0.0,5296961394.0,-35433941724.0,1360490117600.0,
195870,해성디에스,기타,2025,66962774761.0,116486627551.0,3964439742.0,120451067293.0,-53488292532.0,1351500000000.0,
397030,에이프릴바이오,기타,2025,-3342358419.0,41872727.0,,41872727.0,-3384231146.0,1350977760200.0,
388210,씨엠티엑스,기타,2025,36194413360.0,,,0.0,36194413360.0,1341004307600.0,37.05
222080,씨아이에스,기타,2025,101397690254.0,3146423979.0,2097393090.0,5243817069.0,96153873185.0,1337040675360.0,13.91
032500,케이엠더블유,기타,2025,-17041108351.0,5813125465.0,1969559504.0,7782684969.0,-24823793320.0,1334201793750.0,
082640,동양생명,기타,2025,2645772000000.0,4895000000.0,10449000000.0,15344000000.0,2630428000000.0,1331208326250.0,0.51
181710,NHN,기타,2025,373978033332.0,60967003612.0,25541394444.0,86508398056.0,287469635276.0,1329777443400.0,4.63
033790,피노,기타,2025,-11112118716.0,,,0.0,-11112118716.0,1328011740440.0,
003240,태광산업,기타,2025,-133279659296.0,144405259707.0,1338668710.0,145743928417.0,-279023587713.0,1324946000000.0,
126340,비나텍,기타,2025,-6057690907.0,19364442794.0,95876716.0,19460319510.0,-25518010417.0,1319409621600.0,
281820,케이씨텍,기타,2025,60157388920.0,27532447916.0,1092199303.0,28624647219.0,31532741701.0,1316610956500.0,41.75
213420,덕산네오룩스,디스플레이,2025,60554543363.0,12202970495.0,1859400000.0,14062370495.0,46492172868.0,1316052487000.0,28.31
007390,네이처셀,기타,2025,156736518.0,16543013229.0,47474461.0,16590487690.0,-16433751172.0,1314475142400.0,
115180,큐리언트,기타,2025,-28673478096.0,59891871.0,3635867327.0,3695759198.0,-32369237294.0,1303809295650.0,
003090,대웅,기타,2025,257576922910.0,294794537571.0,53157959582.0,347952497153.0,-90375574243.0,1302380352000.0,
192080,더블유게임즈,기타,2025,236934156311.0,778080115.0,163195385.0,941275500.0,235992880811.0,1297933588400.0,5.5
466100,클로봇,기타,2025,-2901172959.0,295964332.0,471981480.0,767945812.0,-3669118771.0,1293329341200.0,
456040,OCI,기타,2025,56057631000.0,81546671000.0,,81546671000.0,-25489040000.0,1291845028500.0,
052020,에스티큐브,기타,2025,-19775092435.0,901064797.0,,901064797.0,-20676157232.0,1291682529000.0,
096530,씨젠,기타,2025,149333824192.0,37356395832.0,3109161158.0,40465556990.0,108868267202.0,1279536853000.0,11.75
300720,한일시멘트,기타,2025,160579864291.0,154404460690.0,28836590.0,154433297280.0,6146567011.0,1272332115700.0,207.0
000670,영풍,기타,2025,47079049295.0,157813396781.0,,157813396781.0,-110734347486.0,1242721102500.0,
014620,성광벤드,기타,2025,37880016780.0,4471685300.0,983502588.0,5455187888.0,32424828892.0,1234917426000.0,38.09
330590,롯데리츠,리츠,2025,64017736779.0,,,0.0,64017736779.0,1233897134680.0,19.27
388720,유일로보틱스,기타,2025,-11268085832.0,7566636646.0,744034504.0,8310671150.0,-19578756982.0,1225259880000.0,
005690,파미셀,기타,2025,41054698193.0,7453097928.0,37960000.0,7491057928.0,33563640265.0,1215343521000.0,36.21
100840,SNT에너지,기타,2025,102991073815.0,6526676175.0,91441564.0,6618117739.0,96372956076.0,1211893883800.0,12.58
003470,유안타증권,기타,2025,-915381873000.0,7220437000.0,9082749000.0,16303186000.0,-931685059000.0,1203567353280.0,
001510,SK증권,기타,2025,-374251666084.0,4489231645.0,3349654075.0,7838885720.0,-382090551804.0,1200421491150.0,
089860,롯데렌탈,기타,2025,-512641924934.0,,,0.0,-512641924934.0,1198209804000.0,
000080,하이트진로,음료_주류,2025,232588233956.0,145265426384.0,422427256.0,145687853640.0,86900380316.0,1197180739770.0,13.78
298050,효성첨단소재,수소_연료전지,2025,210097417108.0,222203867978.0,2922510562.0,225126378540.0,-15028961432.0,1196146116000.0,
023160,태광,기타,2025,19365684614.0,14350163094.0,256532000.0,14606695094.0,4758989520.0,1189893132000.0,250.03
035760,CJ ENM,미디어_방송,2025,1166374650640.0,29366610481.0,929707570363.0,959074180844.0,207300469796.0,1188560146800.0,5.73
185750,종근당,제약_전통,2025,67358554736.0,140916814447.0,38214952885.0,179131767332.0,-111773212596.0,1188419358000.0,
044490,태웅,기타,2025,27815069635.0,23118355321.0,,23118355321.0,4696714314.0,1176434002800.0,250.48
005300,롯데칠성,음료_주류,2025,353618655562.0,205648867593.0,26080326537.0,231729194130.0,121889461432.0,1172850937600.0,9.62
006650,대한유화,2차전지_분리막,2025,202790622580.0,77149138245.0,1174101413.0,78323239658.0,124467382922.0,1169350000000.0,9.39
056190,에스에프에이,2차전지_장비,2025,151638181745.0,91467538070.0,3347972261.0,94815510331.0,56822671414.0,1168830138000.0,20.57
075580,세진중공업,기타,2025,57557625878.0,9498085969.0,,9498085969.0,48059539909.0,1154043956800.0,24.01
161580,필옵틱스,기타,2025,9523880996.0,13547785414.0,720175572.0,14267960986.0,-4744079990.0,1140465316550.0,
050890,쏠리드,기타,2025,22837487502.0,6576042560.0,215620248.0,6791662808.0,16045824694.0,1132501793760.0,70.58
280360,롯데웰푸드,기타,2025,231103311582.0,346461395870.0,4966453870.0,351427849740.0,-120324538158.0,1127714368800.0,
376900,로킷헬스케어,기타,2025,-17229700776.0,163339403.0,372929156.0,536268559.0,-17765969335.0,1125319838500.0,
009450,경동나비엔,기타,2025,71173203156.0,153510527940.0,8735484353.0,162246012293.0,-91072809137.0,1120324724800.0,
204270,제이앤티씨,기타,2025,-2325592026.0,35022710386.0,,35022710386.0,-37348302412.0,1104905700600.0,
499790,GS피앤엘,기타,2025,119618149534.0,224937087540.0,661269104.0,225598356644.0,-105980207110.0,1094662423200.0,
365550,ESR켄달스퀘어리츠,기타,2025,8836054309.0,,,0.0,8836054309.0,1079100265000.0,122.12
295310,에이치브이엠,기타,2025,-8827636205.0,21504976749.0,0.0,21504976749.0,-30332612954.0,1077645273600.0,
090460,비에이치,기타,2025,159158062222.0,107983225841.0,16477038201.0,124460264042.0,34697798180.0,1077083639100.0,31.04
086450,동국제약,기타,2025,68760259149.0,42714519549.0,3281754811.0,45996274360.0,22763984789.0,1074222475000.0,47.19
293490,카카오게임즈,기타,2025,-44267477380.0,8156535841.0,2993148215.0,11149684056.0,-55417161436.0,1061281288020.0,
484870,엠앤씨솔루션,기타,2025,25570445926.0,5642061251.0,,5642061251.0,19928384675.0,1048121550000.0,52.59
253450,스튜디오드래곤,미디어_방송,2025,-9806949401.0,1041704819.0,1224163.0,1042928982.0,-10849878383.0,1046035730400.0,
046890,서울반도체,기타,2025,87878642911.0,46764046255.0,1037633762.0,47801680017.0,40076962894.0,1045415822000.0,26.09
121600,나노신소재,2차전지_음극재소재,2025,16753922734.0,11546260558.0,557214399.0,12103474957.0,4650447777.0,1035436889500.0,222.65
192400,쿠쿠홀딩스,기타,2025,56886422765.0,16027091383.0,1476513065.0,17503604448.0,39382818317.0,1033081474250.0,26.23
285130,SK케미칼,기타,2025,235905765880.0,385109646249.0,81295332461.0,466404978710.0,-230499212830.0,1032736330200.0,
082270,젬백스,기타,2025,1108486901.0,997186899.0,1117712048.0,2114898947.0,-1006412046.0,1031472429900.0,
033240,자화전자,기타,2025,103423366114.0,118302225663.0,578866526.0,118881092189.0,-15457726075.0,1030582445400.0,
108320,LX세미콘,기타,2025,137086532839.0,19613805325.0,9533398718.0,29147204043.0,107939328796.0,1026277330000.0,9.51
057050,현대홈쇼핑,기타,2025,213500925000.0,80481174000.0,43777317000.0,124258491000.0,89242434000.0,1026000000000.0,11.5
074600,원익QnC,기타,2025,84849481802.0,84400532359.0,4911666228.0,89312198587.0,-4462716785.0,1021288800000.0,
451800,한화리츠,리츠,2025,18585596749.0,,,0.0,18585596749.0,1018332000000.0,54.79
094170,동운아나텍,기타,2025,-7020482163.0,894479578.0,610438591.0,1504918169.0,-8525400332.0,1017268386400.0,
358570,지아이이노베이션,기타,2025,-32302679359.0,7375314767.0,161040313.0,7536355080.0,-39839034439.0,1016878833500.0,
006110,삼아알미늄,기타,2025,-4973559699.0,80739434291.0,226931800.0,80966366091.0,-85939925790.0,1010246794000.0,
056080,유진로봇,기타,2025,-5386336977.0,112799632.0,21266640.0,134066272.0,-5520403249.0,1009076888800.0,
122870,와이지엔터테인먼트,기타,2025,90908918011.0,6038908047.0,1567969467.0,7606877514.0,83302040497.0,999971121500.0,12.0
078160,메디포스트,기타,2025,-57145549594.0,2915495807.0,361703391.0,3277199198.0,-60422748792.0,997757146350.0,
248070,솔루엠,기타,2025,54635510959.0,96865126453.0,2734483676.0,99599610129.0,-44964099170.0,996968520600.0,
036530,SNT홀딩스,기타,2025,120111474930.0,,,0.0,120111474930.0,996167434600.0,8.29
171090,선익시스템,기타,2025,97303264538.0,25393715795.0,196500000.0,25590215795.0,71713048743.0,995108661000.0,13.88
137310,에스디바이오센서,기타,2025,357516150744.0,57085572335.0,403731579.0,57489303914.0,300026846830.0,991350127420.0,3.3
348370,엔켐,2차전지_전해질,2025,800153037.0,19520384798.0,842426775.0,20362811573.0,-19562658536.0,989281333950.0,
009240,한샘,건설자재_가구,2025,69368697267.0,14900272156.0,140153573.0,15040425729.0,54328271538.0,984894886800.0,18.13
365340,성일하이텍,2차전지_리사이클링,2025,-22755829110.0,36181463093.0,4550400.0,36186013493.0,-58941842603.0,979361539800.0,
006730,서부T&D,기타,2025,106128379142.0,,,0.0,106128379142.0,971306768080.0,9.15
006120,SK디스커버리,기타,2025,660830683509.0,753522006691.0,89278920768.0,842800927459.0,-181970243950.0,968204555600.0,
476060,온코닉테라퓨틱스,기타,2025,11395049104.0,302903855.0,,302903855.0,11092145249.0,965088560000.0,87.01
336370,솔루스첨단소재,기타,2025,-18143517375.0,233540778767.0,1249353069.0,234790131836.0,-252933649211.0,959168919040.0,
003160,디아이,기타,2025,49033956684.0,35762367849.0,401957300.0,36164325149.0,12869631535.0,956540000000.0,74.33
003030,세아제강지주,기타,2025,17431961261.0,622904985526.0,4006786478.0,626911772004.0,-609479810743.0,948439453000.0,
036810,에프에스티,기타,2025,14070656599.0,48285227271.0,404861071.0,48690088342.0,-34619431743.0,946095779300.0,
174900,앱클론,기타,2025,-13828783952.0,593697880.0,23945000.0,617642880.0,-14446426832.0,941480347500.0,
079900,전진건설로봇,기타,2025,32339255145.0,10777839675.0,4093208108.0,14871047783.0,17468207362.0,932463625500.0,53.38
004490,세방전지,기타,2025,157270980611.0,,2289120466.0,2289120466.0,154981860145.0,930006000000.0,6.0
083450,GST,기타,2025,41591693861.0,12756209017.0,150470774.0,12906679791.0,28685014070.0,923343000000.0,32.19
327260,RF머트리얼즈,기타,2025,7160653825.0,2405906840.0,504813221.0,2910720061.0,4249933764.0,922571661000.0,217.08
064960,SNT모티브,기타,2025,73771249147.0,83987994738.0,1164983850.0,85152978588.0,-11381729441.0,915639384000.0,
032190,다우데이타,기타,2025,-6533460947223.0,118331743269.0,36225901043.0,154557644312.0,-6688018591535.0,913455000000.0,
053610,프로텍,기타,2025,29622029288.0,35933383000.0,474377524.0,36407760524.0,-6785731236.0,905300000000.0,
425420,티에프이,기타,2025,12808751016.0,15226563030.0,225630700.0,15452193730.0,-2643442714.0,903813649200.0,
356860,티엘비,기타,2025,8185200713.0,36883713496.0,,36883713496.0,-28698512783.0,903618697000.0,
002020,코오롱,기타,2025,10407353706.0,85824040402.0,121461443134.0,207285483536.0,-196878129830.0,902246832000.0,
003620,KG모빌리티,자동차_완성차,2025,117292411520.0,160747394605.0,123753270546.0,284500665151.0,-167208253631.0,898544609280.0,
025540,한국단자,기타,2025,219176860000.0,58057942000.0,4985631000.0,63043573000.0,156133287000.0,896189000000.0,5.74
178920,PI첨단소재,기타,2025,78271937085.0,3934348300.0,,3934348300.0,74337588785.0,895672821000.0,12.05
077360,덕산하이메탈,기타,2025,4837216218.0,14625665911.0,333437470.0,14959103381.0,-10121887163.0,890110869180.0,
030190,NICE평가정보,기타,2025,120877944271.0,5431459464.0,4137046546.0,9568506010.0,111309438261.0,885440250810.0,7.95
071320,지역난방공사,에너지_LPG_LNG,2025,677348000000.0,333056000000.0,821000000.0,333877000000.0,343471000000.0,883458167200.0,2.57
033500,동성화인텍,기타,2025,84702106506.0,15638870860.0,500792467.0,16139663327.0,68562443179.0,877192699500.0,12.79
059090,미코,기타,2025,24830688331.0,315582185187.0,3272619796.0,318854804983.0,-294024116652.0,872177905800.0,
005090,SGC에너지,기타,2025,-32741369149.0,35044092534.0,4584123730.0,39628216264.0,-72369585413.0,871764646500.0,
003850,보령,기타,2025,133176935951.0,22238978849.0,7702906802.0,29941885651.0,103235050300.0,858729942070.0,8.32
372320,큐로셀,기타,2025,-29993184895.0,313226837.0,1902265587.0,2215492424.0,-32208677319.0,852096280200.0,
252990,샘씨엔에스,기타,2025,19243268598.0,8732325750.0,578904400.0,9311230150.0,9932038448.0,850878771570.0,85.67
399720,가온칩스,기타,2025,-848730459.0,5210217544.0,3120040134.0,8330257678.0,-9178988137.0,850310786000.0,
241710,코스메카코리아,기타,2025,55035089611.0,61376951561.0,74578881.0,61451530442.0,-6416440831.0,847992000000.0,
009520,포스코엠텍,기타,2025,1556128510.0,599958873.0,81447798.0,681406671.0,874721839.0,845346870900.0,966.42
389470,인벤티지랩,기타,2025,-20702649747.0,5191411060.0,1678087796.0,6869498856.0,-27572148603.0,840454039500.0,
005880,대한해운,해운,2025,442588577067.0,148830911681.0,190518560.0,149021430241.0,293567146826.0,839143084000.0,2.86
089890,코세스,기타,2025,15592663275.0,359391026.0,,359391026.0,15233272249.0,837540581000.0,54.98
348340,뉴로메카,기타,2025,-11358377537.0,3141823363.0,21600000.0,3163423363.0,-14521800900.0,835681407600.0,
024850,HLB이노베이션,기타,2025,-30082499698.0,898020905.0,,898020905.0,-30980520603.0,833301113900.0,
253590,네오셈,기타,2025,3740873104.0,16015193334.0,641140563.0,16656333897.0,-12915460793.0,832198041080.0,
199800,툴젠,기타,2025,-20217744733.0,451250117.0,,451250117.0,-20668994850.0,831929182500.0,
112040,위메이드,기타,2025,64255777601.0,6668390687.0,2240077897.0,8908468584.0,55347309017.0,828342985200.0,14.97
102710,이엔에프테크놀로지,기타,2025,103080225506.0,,3848322090.0,3848322090.0,99231903416.0,827265704400.0,8.34
011930,신성이엔지,태양광,2025,-29149614166.0,11173944014.0,841702200.0,12015646214.0,-41165260380.0,822363363245.0,
079160,CJ CGV,기타,2025,214869995007.0,86965877391.0,16469303063.0,103435180454.0,111434814553.0,822116462085.0,7.38
249420,일동제약,기타,2025,18950688320.0,13646620440.0,3682753305.0,17329373745.0,1621314575.0,821012639400.0,506.39
317450,명인제약,기타,2025,81561053982.0,30038765734.0,,30038765734.0,51522288248.0,817600000000.0,15.87
052400,코나아이,기타,2025,152370530738.0,23327274944.0,1514414819.0,24841689763.0,127528840975.0,811175308700.0,6.36
060250,NHN KCP,핀테크_결제,2025,200325990515.0,4737377520.0,418555373.0,5155932893.0,195170057622.0,805220250550.0,4.13
014820,동원시스템즈,기타,2025,138668647854.0,68670876412.0,554355113.0,69225231525.0,69443416329.0,800159383200.0,11.52
000370,한화손해보험,기타,2025,668260677000.0,24917873000.0,25418741000.0,50336614000.0,617924063000.0,799661567750.0,1.29
278280,천보,기타,2025,8033369715.0,21517053393.0,88566122.0,21605619515.0,-13572249800.0,795421713600.0,
001270,부국증권,기타,2025,86867296323.0,1353587400.0,1714815870.0,3068403270.0,83798893053.0,792259290400.0,9.45
007700,F&F홀딩스,기타,2025,361624481606.0,24011248184.0,2569614097.0,26580862281.0,335043619325.0,792065931750.0,2.36
010780,아이에스동서,기타,2025,133629547273.0,35454901146.0,821082535.0,36275983681.0,97353563592.0,786370724800.0,8.08
084110,휴온스글로벌,기타,2025,93605926803.0,45226537950.0,6644530839.0,51871068789.0,41734858014.0,784908344000.0,18.81
475960,토모큐브,기타,2025,-6754417130.0,772867260.0,,772867260.0,-7527284390.0,784259856400.0,
214320,이노션,광고_마케팅,2025,281196807331.0,17542064044.0,2015427895.0,19557491939.0,261639315392.0,784000000000.0,3.0
368770,파이버프로,기타,2025,5199627005.0,5059787457.0,694650673.0,5754438130.0,-554811125.0,783573266250.0,
102940,코오롱생명과학,기타,2025,10209353321.0,38264347889.0,123781250.0,38388129139.0,-28178775818.0,780199938800.0,
448900,한국피아이엠,기타,2025,7379493815.0,10331711439.0,15440464.0,10347151903.0,-2967658088.0,776923050300.0,
225570,넥슨게임즈,기타,2025,-42651279687.0,3491479914.0,771479753.0,4262959667.0,-46914239354.0,775832849720.0,
214430,아이쓰리시스템,기타,2025,18805171604.0,,,0.0,18805171604.0,773103347000.0,41.11
376300,디어유,기타,2025,35476240470.0,567887818.0,209778410.0,777666228.0,34698574242.0,770311274700.0,22.2
086900,메디톡스,기타,2025,61409930215.0,15660765015.0,18563806539.0,34224571554.0,27185358661.0,769991433500.0,28.32
035890,서희건설,기타,2025,-3753124031.0,,,0.0,-3753124031.0,769858330950.0,
114090,GKL,카지노_레저,2025,104661991247.0,8504938981.0,75652101.0,8580591082.0,96081400165.0,765773194600.0,7.97
348210,넥스틴,기타,2025,-11108642951.0,30177447722.0,282020308.0,30459468030.0,-41568110981.0,763773664500.0,
033640,네패스,반도체_후공정,2025,103543972416.0,54200416853.0,,54200416853.0,49343555563.0,759800705900.0,15.4
069260,TKG휴켐스,기타,2025,102429389657.0,10543881651.0,,10543881651.0,91885508006.0,753801162720.0,8.2
217590,티엠씨,기타,2025,10227612215.0,5216637586.0,3440860234.0,8657497820.0,1570114395.0,745716263750.0,474.94
025980,아난티,기타,2025,36085973977.0,20110201345.0,129944000.0,20240145345.0,15845828632.0,743379563600.0,46.91
486990,노타,기타,2025,-11788125418.0,,,0.0,-11788125418.0,740714181000.0,
031330,에스에이엠티,기타,2025,-120254688218.0,316720161.0,55771284.0,372491445.0,-120627179663.0,738963545130.0,
161000,애경케미칼,기타,2025,27865874000.0,98177547000.0,6916862000.0,105094409000.0,-77228535000.0,735081992990.0,
093050,LF,의류_패션,2025,270228216579.0,192132847400.0,11110031383.0,203242878783.0,66985337796.0,732462000000.0,10.93
460860,동국제강,기타,2025,114649523103.0,721637489352.0,0.0,721637489352.0,-606987966249.0,729733930070.0,
200710,에이디테크놀로지,기타,2025,-15874501256.0,26615357664.0,,26615357664.0,-42489858920.0,728294578700.0,
015750,성우하이텍,기타,2025,453327741638.0,388968620819.0,1043334416.0,390011955235.0,63315786403.0,724000000000.0,11.43
272290,이녹스첨단소재,디스플레이,2025,68300855094.0,234755169623.0,,234755169623.0,-166454314529.0,723731576700.0,
002840,미원상사,기타,2025,68590111022.0,49119677627.0,131576990.0,49251254617.0,19338856405.0,721525000000.0,37.31
001500,현대차증권,기타,2025,-153613000000.0,7375000000.0,49259000000.0,56634000000.0,-210247000000.0,720354962600.0,
041960,코미팜,기타,2025,-621803980.0,3086725895.0,1384201072.0,4470926967.0,-5092730947.0,718176731400.0,
002350,넥센타이어,타이어,2025,351365344177.0,222681406502.0,197487315.0,222878893817.0,128486450360.0,717858895950.0,5.59
017940,E1,에너지_LPG_LNG,2025,377806668074.0,97289620931.0,9141981407.0,106431602338.0,271375065736.0,716184000000.0,2.64
001060,JW중외제약,기타,2025,96396462541.0,11771958671.0,24348481441.0,36120440112.0,60276022429.0,714878051000.0,11.86
460930,현대힘스,기타,2025,37017783442.0,11418393242.0,42500000.0,11460893242.0,25556890200.0,713764487100.0,27.93
001820,삼화콘덴서,기타,2025,25939329033.0,16689715735.0,124000000.0,16813715735.0,9125613298.0,711018000000.0,77.91
293940,신한알파리츠,기타,2025,22440241530.0,,,0.0,22440241530.0,709918522010.0,31.64
001680,대상,기타,2025,188141306085.0,137193112667.0,3708158302.0,140901270969.0,47240035116.0,708552111250.0,15.0
005420,코스모화학,2차전지_리사이클링,2025,121742460863.0,54959498393.0,136343961.0,55095842354.0,66646618509.0,707095477480.0,10.61
006910,보성파워텍,기타,2025,43704844510.0,,,0.0,43704844510.0,705012974400.0,16.13
383800,LX홀딩스,기타,2025,76180000000.0,,,0.0,76180000000.0,701782348000.0,9.21
053800,안랩,정보보안,2025,64201454965.0,3257328876.0,2627113874.0,5884442750.0,58317012215.0,700969878000.0,12.02
016380,KG스틸,기타,2025,184037037098.0,61946394974.0,1360038001.0,63306432975.0,120730604123.0,699062190030.0,5.79
101930,인화정공,기타,2025,5142820091.0,6530823687.0,,6530823687.0,-1388003596.0,698929167400.0,
090360,로보스타,기타,2025,55687262.0,,,0.0,55687262.0,698100000000.0,12536.08
009900,명신산업,기타,2025,158876295088.0,40794011916.0,116584908.0,40910596824.0,117965698264.0,696803366240.0,5.91
010820,퍼스텍,기타,2025,-20244567579.0,2668483143.0,2135945590.0,4804428733.0,-25048996312.0,695975555260.0,
058650,세아홀딩스,기타,2025,106339159979.0,262543047348.0,14682051637.0,277225098985.0,-170885939006.0,693999672400.0,
003280,흥아해운,기타,2025,38014074656.0,6997457101.0,,6997457101.0,31016617555.0,692423709120.0,22.32
005180,빙그레,기타,2025,114316008931.0,51141932046.0,1484406126.0,52626338172.0,61689670759.0,689615906400.0,11.18
383310,에코프로에이치엔,기타,2025,-4869001747.0,35445639285.0,,35445639285.0,-40314641032.0,689026516200.0,
493280,아이엠바이오로직스,기타,2025,392514672.0,502187609.0,,502187609.0,-109672937.0,688388232000.0,
002240,고려제강,기타,2025,117018111571.0,78129311399.0,6432970.0,78135744369.0,38882367202.0,685800000000.0,17.64
000400,롯데손해보험,기타,2025,-722054000000.0,13259000000.0,5055000000.0,18314000000.0,-740368000000.0,681188222400.0,
104830,원익머트리얼즈,반도체_소재,2025,77715191634.0,79662152752.0,3175847540.0,82838000292.0,-5122808658.0,679571200000.0,
130660,한전산업,기타,2025,-8020030107.0,1589865678.0,91057653.0,1680923331.0,-9700953438.0,671560000000.0,
060280,큐렉소,기타,2025,-11258378658.0,2483850592.0,29652726.0,2513503318.0,-13771881976.0,668408598000.0,
393890,더블유씨피,2차전지_분리막,2025,-27463755027.0,,,0.0,-27463755027.0,666709936800.0,
005810,풍산홀딩스,기타,2025,-5232274413.0,6368950422.0,114000000.0,6482950422.0,-11715224835.0,666078890400.0,
000640,동아쏘시오홀딩스,기타,2025,227391724773.0,49261493062.0,9349211020.0,58610704082.0,168781020691.0,663153909500.0,3.93
015860,일진홀딩스,기타,2025,107849888159.0,37896026598.0,5952873372.0,43848899970.0,64000988189.0,661749747030.0,10.34
033160,엠케이전자,기타,2025,-159320417770.0,4187857848.0,48800000.0,4236657848.0,-163557075618.0,661492150000.0,
005250,녹십자홀딩스,기타,2025,24299847331.0,110869436020.0,39191529146.0,150060965166.0,-125761117835.0,656043529500.0,
271940,일진하이솔루스,기타,2025,-4589895653.0,4686471564.0,1920122024.0,6606593588.0,-11196489241.0,655089947600.0,
336570,원텍,의료기기_미용,2025,51137974854.0,1193909226.0,127573612.0,1321482838.0,49816492016.0,653938715800.0,13.13
039130,하나투어,여행_호텔,2025,101086158079.0,3175669045.0,1989488866.0,5165157911.0,95921000168.0,647479157600.0,6.75
008730,율촌화학,기타,2025,27148417002.0,34705068420.0,285825825.0,34990894245.0,-7842477243.0,644800000000.0,
002960,한국쉘석유,기타,2025,51307771674.0,12172572834.0,,12172572834.0,39135198840.0,644150000000.0,16.46
089010,켐트로닉스,기타,2025,647051641.0,112043482999.0,6183087014.0,118226570013.0,-117579518372.0,638099527350.0,
067160,SOOP,기타,2025,121415447009.0,19146917159.0,1848100497.0,20995017656.0,100420429353.0,637959568500.0,6.35
107640,한중엔시에스,기타,2025,527834658.0,47757104906.0,33781200.0,47790886106.0,-47263051448.0,633639725400.0,
039440,에스티아이,기타,2025,18683112269.0,9390744139.0,308046000.0,9698790139.0,8984322130.0,633462869950.0,70.51
001570,금양,기타,2025,-43201410312.0,13661620314.0,,13661620314.0,-56863030626.0,633275240400.0,
001530,DI동일,기타,2025,3943698490.0,63489275117.0,1029957259.0,64519232376.0,-60575533886.0,631826440500.0,
099190,아이센스,기타,2025,20119708503.0,27716477747.0,741485500.0,28457963247.0,-8338254744.0,625688536200.0,
354320,알멕,기타,2025,27207366446.0,27225627281.0,42516000.0,27268143281.0,-60776835.0,625077061800.0,
125490,한라캐스트,기타,2025,4378422170.0,,,0.0,4378422170.0,623825195680.0,142.48
042000,카페24,플랫폼,2025,82550637228.0,13283267065.0,360984719.0,13644251784.0,68906385444.0,620878182400.0,9.01
003000,부광약품,기타,2025,21463602416.0,7257136693.0,3936876501.0,11194013194.0,10269589222.0,620600780590.0,60.43
006380,카프로,기타,2025,-28030501575.0,24497116319.0,,24497116319.0,-52527617894.0,618539985360.0,
016610,DB증권,기타,2025,-1024925355819.0,6310941303.0,2985345465.0,9296286768.0,-1034221642587.0,615897104390.0,
014830,유니드,기타,2025,89480595289.0,84302998467.0,604344536.0,84907343003.0,4573252286.0,612467800000.0,133.92
119850,지엔씨에너지,기타,2025,41079015426.0,3798569215.0,7066600.0,3805635815.0,37273379611.0,609432078450.0,16.35
328130,루닛,의료AI,2025,-55175238016.0,638569749.0,8994819706.0,9633389455.0,-64808627471.0,609117641600.0,
017900,광전자,기타,2025,9244131424.0,14269637990.0,64500000.0,14334137990.0,-5090006566.0,604353448090.0,
468530,프로티나,기타,2025,-8074322371.0,1084461118.0,422425750.0,1506886868.0,-9581209239.0,603859296000.0,
268280,미원에스씨,기타,2025,76518495728.0,45120323985.0,0.0,45120323985.0,31398171743.0,601500000000.0,19.16
019170,신풍제약,기타,2025,17253671683.0,3477355780.0,513087570.0,3990443350.0,13263228333.0,599667891680.0,45.21
025900,동화기업,2차전지_전해질,2025,1536021639.0,41220316565.0,108001211.0,41328317776.0,-39792296137.0,599609400100.0,
019210,와이지-원,기타,2025,38308790587.0,55754463413.0,1286583000.0,57041046413.0,-18732255826.0,594727710720.0,
122640,예스티,기타,2025,-7443039427.0,6341452144.0,2922711762.0,9264163906.0,-16707203333.0,592457532750.0,
020000,한섬,의류_패션,2025,116179872000.0,,,0.0,116179872000.0,592356520800.0,5.1
009410,태영건설,기타,2025,115087827658.0,4142656165.0,211950000.0,4354606165.0,110733221493.0,586847633816.0,5.3
036620,감성코퍼레이션,기타,2025,39000370860.0,2414793542.0,10400000.0,2425193542.0,36575177318.0,586464436080.0,16.03
452260,한화갤러리아,기타,2025,78393925086.0,69800881750.0,577632619.0,70378514369.0,8015410717.0,586425320250.0,73.16
018290,브이티,기타,2025,49728513140.0,3542507351.0,,3542507351.0,46186005789.0,584576949740.0,12.66
105840,우진,기타,2025,-2059787214.0,14798487002.0,255362800.0,15053849802.0,-17113637016.0,579673129000.0,
001200,유진투자증권,기타,2025,91633720793.0,6554216090.0,10701881344.0,17256097434.0,74377623359.0,579261179640.0,7.79
025860,남해화학,기타,2025,47646848138.0,26186087317.0,319418182.0,26505505499.0,21141342639.0,576771367230.0,27.28
394280,오픈엣지테크놀로지,기타,2025,-18637225167.0,666267182.0,6708205221.0,7374472403.0,-26011697570.0,574354354000.0,
045100,한양이엔지,기타,2025,2350443562.0,47705162425.0,495940118.0,48201102543.0,-45850658981.0,568750000000.0,
047920,HLB제약,기타,2025,568978333.0,7210494029.0,,7210494029.0,-6641515696.0,566444878120.0,
002030,아세아,기타,2025,171898913000.0,213264061000.0,8631375000.0,221895436000.0,-49996523000.0,566184300000.0,
041190,우리기술투자,기타,2025,-1302839238.0,10134700.0,,10134700.0,-1312973938.0,566160000000.0,
488900,비츠로넥스텍,기타,2025,-8780220356.0,774974000.0,,774974000.0,-9555194356.0,562432758630.0,
064260,다날,핀테크_결제,2025,14288578704.0,1371764430.0,238217994.0,1609982424.0,12678596280.0,562045745510.0,44.33
037460,삼지전자,기타,2025,-140763325922.0,17452728208.0,759608074.0,18212336282.0,-158975662204.0,558909378500.0,
138080,오이솔루션,기타,2025,-11833070957.0,1045701421.0,0.0,1045701421.0,-12878772378.0,557617997900.0,
025320,시노펙스,기타,2025,22247874054.0,19024384901.0,136742274.0,19161127175.0,3086746879.0,555691653090.0,180.03
168360,펨트론,기타,2025,-5722460731.0,-4554076194.0,-309630000.0,-4863706194.0,-858754537.0,552430969800.0,
284740,쿠쿠홈시스,기타,2025,8710300042.0,9618780539.0,831666205.0,10450446744.0,-1740146702.0,549714585000.0,
101160,월덱스,기타,2025,60759780767.0,10752116177.0,136100000.0,10888216177.0,49871564590.0,548164967600.0,10.99
0120G0,삼양바이오팜,기타,2025,9774248356.0,6727021395.0,13379778.0,6740401173.0,3033847183.0,547280032000.0,180.39
013030,하이록코리아,기타,2025,47282012072.0,9954739025.0,,9954739025.0,37327273047.0,543099845600.0,14.55
034310,NICE,기타,2025,406018070966.0,76891032323.0,21124729726.0,98015762049.0,308002308917.0,542535637320.0,1.76
403550,쏘카,기타,2025,50773403238.0,,3096143208.0,3096143208.0,47677260030.0,540577706920.0,11.34
004690,삼천리,기타,2025,306467453147.0,121742863323.0,711135646.0,122453998969.0,184013454178.0,538576384500.0,2.93
003300,한일홀딩스,기타,2025,206363646331.0,169809521810.0,99374320.0,169908896130.0,36454750201.0,536492181600.0,14.72
287840,인투셀,기타,2025,-8626402885.0,143451091.0,1160239193.0,1303690284.0,-9930093169.0,535532874000.0,
484590,삼양컴텍,기타,2025,17696005047.0,7386131818.0,833729000.0,8219860818.0,9476144229.0,532851118500.0,56.23
453340,현대그린푸드,기타,2025,82423220000.0,30967418000.0,233237000.0,31200655000.0,51222565000.0,531406326600.0,10.37
290550,디케이티,기타,2025,4514778387.0,11092331987.0,511190320.0,11603522307.0,-7088743920.0,531032656500.0,
000070,삼양홀딩스,기타,2025,253768137587.0,123042185929.0,2294756294.0,125336942223.0,128431195364.0,529449626200.0,4.12
251970,펌텍코리아,기타,2025,61175929674.0,47667969444.0,1977609045.0,49645578489.0,11530351185.0,528240000000.0,45.81
381970,케이카,기타,2025,77035672329.0,3398253591.0,616131900.0,4014385491.0,73021286838.0,527265158400.0,7.22
448730,삼성FN리츠,기타,2025,4568844646.0,,,0.0,4568844646.0,525358500000.0,114.99
079370,제우스,기타,2025,28038875320.0,10974748704.0,2173800848.0,13148549552.0,14890325768.0,524187131000.0,35.2
002710,TCC스틸,기타,2025,24989426838.0,9379455620.0,0.0,9379455620.0,15609971218.0,523749666060.0,33.55
187660,페니트리움바이오,기타,2025,-4474747994.0,747985637.0,25200000.0,773185637.0,-5247933631.0,521937440730.0,
093320,케이아이엔엑스,기타,2025,45518500370.0,,,0.0,45518500370.0,520696000000.0,11.44
031430,신세계인터내셔날,기타,2025,29603466551.0,,,0.0,29603466551.0,519891960000.0,17.56
067630,HLB생명과학,기타,2025,-22933098765.0,25581830576.0,360244250.0,25942074826.0,-48875173591.0,516928325920.0,
950210,프레스티지바이오파마,기타,2025,-37175838.0,29051428.0,4298149.0,33349577.0,-70525415.0,516826933000.0,
092190,서울바이오시스,기타,2025,80332717617.0,54536238605.0,759667712.0,55295906317.0,25036811300.0,515101941090.0,20.57
211050,인카금융서비스,기타,2025,56174712000.0,977538000.0,,977538000.0,55197174000.0,514805215650.0,9.33
424870,이뮨온시아,기타,2025,-22775358394.0,322672637.0,137744300.0,460416937.0,-23235775331.0,514597696680.0,
377740,바이오노트,기타,2025,14381482563.0,8111395804.0,158520099.0,8269915903.0,6111566660.0,514524542400.0,84.19
317330,덕산테코피아,기타,2025,-21390341189.0,30287674286.0,209507159.0,30497181445.0,-51887522634.0,513962258400.0,
098070,한텍,기타,2025,58844374305.0,823194818.0,10435000.0,833629818.0,58010744487.0,513240657150.0,8.85
008060,대덕,기타,2025,88791350645.0,87339254210.0,2732738044.0,90071992254.0,-1280641609.0,513108407200.0,
016590,신대양제지,기타,2025,59588991850.0,49174823631.0,21976000.0,49196799631.0,10392192219.0,512991248600.0,49.36
117730,티로보틱스,기타,2025,14147653176.0,1063339622.0,34822549.0,1098162171.0,13049491005.0,510939673950.0,39.15
069540,빛과전자,기타,2025,-3398283535.0,197215446.0,28279900.0,225495346.0,-3623778881.0,510067018190.0,
126720,수산인더스트리,기타,2025,11229132751.0,20171112064.0,1309908649.0,21481020713.0,-10251887962.0,510010200000.0,
306200,세아제강,기타,2025,-108307635174.0,45758962332.0,0.0,45758962332.0,-154066597506.0,509966740000.0,
027410,BGF,기타,2025,52674405139.0,116071151250.0,589391975.0,116660543225.0,-63986138086.0,506341824390.0,
170920,엘티씨,기타,2025,25146673728.0,9693363899.0,436787799.0,10130151698.0,15016522030.0,505493429100.0,33.66
092870,엑시콘,기타,2025,-4034653160.0,2755413575.0,673160000.0,3428573575.0,-7463226735.0,501803144650.0,
340570,티앤엘,기타,2025,37691797461.0,17586638030.0,500469621.0,18087107651.0,19604689810.0,499872000000.0,25.5
080580,오킨스전자,기타,2025,16862322274.0,,,0.0,16862322274.0,496691990250.0,29.46
389650,넥스트바이오메디컬,기타,2025,1250124514.0,3151672458.0,,3151672458.0,-1901547944.0,496335103000.0,
230360,에코마케팅,기타,2025,37570999282.0,3596429810.0,68961722.0,3665391532.0,33905607750.0,495980128000.0,14.63
114810,한솔아이원스,기타,2025,23635086619.0,19819084229.0,409500000.0,20228584229.0,3406502390.0,495233773680.0,145.38
332570,PS일렉트로닉스,기타,2025,23044997551.0,3913647000.0,257507000.0,4171154000.0,18873843551.0,494864727990.0,26.22
0001A0,덕양에너젠,기타,2025,7767581393.0,8972517906.0,50415454.0,9022933360.0,-1255351967.0,493344780500.0,
030520,한글과컴퓨터,기타,2025,69730080098.0,11118531716.0,4988219813.0,16106751529.0,53623328569.0,492057790400.0,9.18
145990,삼양사,기타,2025,204493207070.0,92374989037.0,312544695.0,92687533732.0,111805673338.0,491951517300.0,4.4
078130,국일제지,기타,2025,3589931935.0,20182399612.0,93000000.0,20275399612.0,-16685467677.0,491548959756.0,
078350,한양디지텍,기타,2025,27185684099.0,19762659452.0,321900240.0,20084559692.0,7101124407.0,490869100400.0,69.13
064820,케이프,기타,2025,188434193508.0,971346045.0,2734570180.0,3705916225.0,184728277283.0,490060214200.0,2.65
092790,넥스틸,기타,2025,23785556354.0,,,0.0,23785556354.0,488837600000.0,20.55
230240,에치에프알,기타,2025,9552007579.0,25929354405.0,1183671560.0,27113025965.0,-17561018386.0,487109400000.0,
034950,한국기업평가,기타,2025,31890334361.0,701205500.0,2402580000.0,3103785500.0,28786548861.0,486743100800.0,16.91
058430,포스코스틸리온,기타,2025,41493545438.0,18815163488.0,2426851821.0,21242015309.0,20251530129.0,486600000000.0,24.03
215200,메가스터디교육,기타,2025,153879428226.0,16202673381.0,28109708581.0,44312381962.0,109567046264.0,485092108800.0,4.43
029530,신도리코,기타,2025,52078719058.0,22669947828.0,0.0,22669947828.0,29408771230.0,483357517750.0,16.44
110990,디아이티,기타,2025,24669976179.0,435963554.0,25272185.0,461235739.0,24208740440.0,482895000000.0,19.95
101730,위메이드맥스,기타,2025,-24184389776.0,5011692244.0,1100114191.0,6111806435.0,-30296196211.0,482706927360.0,
042370,비츠로테크,기타,2025,80553586321.0,17012121398.0,1916308590.0,18928429988.0,61625156333.0,478936457000.0,7.77
095660,네오위즈,기타,2025,76072659764.0,925586792.0,3878176642.0,4803763434.0,71268896330.0,473838452100.0,6.65
234340,헥토파이낸셜,기타,2025,64396975202.0,4307414698.0,1388775209.0,5696189907.0,58700785295.0,472208172800.0,8.04
006220,제주은행,기타,2025,24934000000.0,3318000000.0,6046000000.0,9364000000.0,15570000000.0,471348005790.0,30.27
215600,신라젠,기타,2025,-22499148798.0,246322017.0,3473811148.0,3720133165.0,-26219281963.0,469696581960.0,
330860,네패스아크,기타,2025,46594298618.0,10236880099.0,,10236880099.0,36357418519.0,469694934750.0,12.92
192650,드림텍,기타,2025,95857225063.0,31400166566.0,2410110950.0,33810277516.0,62046947547.0,468334811210.0,7.55
206650,유바이오로직스,기타,2025,49100608879.0,5527833784.0,11429630487.0,16957464271.0,32143144608.0,466753231970.0,14.52
036170,에이치엠넥스,기타,2025,-517217586.0,2175482613.0,55562150.0,2231044763.0,-2748262349.0,465151445080.0,
105630,한세실업,기타,2025,85379007016.0,133071289257.0,,133071289257.0,-47692282241.0,464400000000.0,
344820,KCC글라스,기타,2025,-17955418412.0,63874027488.0,3105941013.0,66979968501.0,-84935386913.0,462346322400.0,
308430,셀비온,기타,2025,-5545416204.0,1472116372.0,207186765.0,1679303137.0,-7224719341.0,461292784500.0,
455900,엔젤로보틱스,기타,2025,-7219333059.0,897421857.0,83046203.0,980468060.0,-8199801119.0,460463356200.0,
199820,제일일렉트릭,기타,2025,6371824941.0,18432204906.0,174074420.0,18606279326.0,-12234454385.0,459954000000.0,
078020,LS증권,기타,2025,45612988415.0,,0.0,0.0,45612988415.0,459939065100.0,10.08
017810,풀무원,외식_급식,2025,163748100720.0,149471698638.0,4995484156.0,154467182794.0,9280917926.0,459733736520.0,49.54
241520,DSC인베스트먼트,기타,2025,-11672883057.0,13873002.0,,13873002.0,-11686756059.0,459116000000.0,
004700,조광피혁,기타,2025,11870249877.0,314715725.0,,314715725.0,11555534152.0,458125608200.0,39.65
220100,퓨쳐켐,기타,2025,-2427218227.0,6351296957.0,2176252493.0,8527549450.0,-10954767677.0,457519368000.0,
441270,파인엠텍,기타,2025,-1395740048.0,61762344469.0,275188264.0,62037532733.0,-63433272781.0,456128771680.0,
145720,덴티움,의료기기_미용,2025,13239357613.0,53002462893.0,553556151.0,53556019044.0,-40316661431.0,455341444800.0,
0082N0,카나프테라퓨틱스,기타,2025,-7166820983.0,77172726.0,0.0,77172726.0,-7243993709.0,454324671000.0,
072710,농심홀딩스,기타,2025,24658671312.0,16772238997.0,7931302686.0,24703541683.0,-44870371.0,450793188000.0,
089980,상아프론테크,수소_연료전지,2025,8040417172.0,29545043291.0,61277253.0,29606320544.0,-21565903372.0,448492487850.0,
304360,에스바이오메딕스,기타,2025,-3980548646.0,4368836555.0,15000000.0,4383836555.0,-8364385201.0,447722377200.0,
357120,코람코라이프인프라리츠,기타,2025,3415421809.0,,,0.0,3415421809.0,446282598090.0,130.67
376270,HEM파마,기타,2025,-8344845855.0,-9754831073.0,-229873872.0,-9984704945.0,1639859090.0,441950500500.0,269.51
015360,INVENI,기타,2025,-70997876000.0,27503903000.0,2099582000.0,29603485000.0,-100601361000.0,441722500000.0,
389500,에스비비테크,로봇,2025,-7067797057.0,3274101154.0,0.0,3274101154.0,-10341898211.0,441256136100.0,
001390,KG케미칼,기타,2025,383767609241.0,256108407874.0,131575087803.0,387683495677.0,-3915886436.0,440376346500.0,
378340,필에너지,기타,2025,5751000979.0,9556607253.0,317745190.0,9874352443.0,-4123351464.0,438995254600.0,
029460,케이씨,기타,2025,51044859033.0,49898241196.0,788245729.0,50686486925.0,358372108.0,435311132500.0,1214.69
010690,화신,기타,2025,42043080329.0,187633545367.0,88791756.0,187722337123.0,-145679256794.0,434060696300.0,
482630,삼양엔씨켐,기타,2025,19513332846.0,3820326700.0,842922408.0,4663249108.0,14850083738.0,431636881600.0,29.07
450950,아스테라시스,기타,2025,4985606331.0,1442602902.0,56490293.0,1499093195.0,3486513136.0,430835928400.0,123.57
089590,제주항공,항공사,2025,6101192256.0,271293526172.0,1089392720.0,272382918892.0,-266281726636.0,429010040200.0,
180400,DXVX,기타,2025,-18854600669.0,998432472.0,415409572.0,1413842044.0,-20268442713.0,428660176360.0,
356680,엑스게이트,기타,2025,1416011655.0,1169325378.0,88981818.0,1258307196.0,157704459.0,428437814920.0,2716.71
194370,제이에스코퍼레이션,기타,2025,127908052455.0,-10835969883.0,-207392351.0,-11043362234.0,138951414689.0,428287348080.0,3.08
389260,대명에너지,기타,2025,1398381111.0,2616823887.0,2408560000.0,5025383887.0,-3627002776.0,428200167500.0,
025770,한국정보통신,기타,2025,103537613000.0,5428480000.0,487358000.0,5915838000.0,97621775000.0,427613574820.0,4.38
005610,삼립,기타,2025,88237005124.0,41123342636.0,879180182.0,42002522818.0,46234482306.0,427135945500.0,9.24
084010,대한제강,기타,2025,39618460129.0,20703709165.0,1574805569.0,22278514734.0,17339945395.0,426551506360.0,24.6
091700,파트론,기타,2025,54233239255.0,42280203129.0,446230603.0,42726433732.0,11506805523.0,426250000000.0,37.04
042520,한스바이오메드,기타,2025,318338522.0,1700383597.0,57182334.0,1757565931.0,-1439227409.0,425701804950.0,
183190,아세아시멘트,기타,2025,93407843000.0,126988526000.0,7347020000.0,134335546000.0,-40927703000.0,425664950480.0,
036890,진성티이씨,기타,2025,21706590494.0,57240886894.0,41400000.0,57282286894.0,-35575696400.0,425009297670.0,
003720,삼영,기타,2025,18543144571.0,3537528195.0,,3537528195.0,15005616376.0,425000000000.0,28.32
017860,DS단석,기타,2025,19017516094.0,40489175220.0,,40489175220.0,-21471659126.0,424443422100.0,
170900,동아에스티,기타,2025,27779633059.0,22141816093.0,13486434539.0,35628250632.0,-7848617573.0,424132908400.0,
114190,강원에너지,기타,2025,34821336776.0,4077689817.0,103047790.0,4180737607.0,30640599169.0,423193215600.0,13.81
254490,미래반도체,기타,2025,-26712137031.0,,,0.0,-26712137031.0,422311500000.0,
475400,씨메스로보틱스,기타,2025,-14454048430.0,2200088098.0,99560000.0,2299648098.0,-16753696528.0,422042625800.0,
009160,SIMPAC,기타,2025,48449676634.0,47891551880.0,852132600.0,48743684480.0,-294007846.0,420989033920.0,
069080,웹젠,기타,2025,19124251767.0,6857245221.0,3513954618.0,10371199839.0,8753051928.0,420746749440.0,48.07
425040,티이엠씨,기타,2025,21584197185.0,22520745290.0,931491721.0,23452237011.0,-1868039826.0,420396206220.0,
322310,오로스테크놀로지,기타,2025,1670632845.0,14668850430.0,263068360.0,14931918790.0,-13261285945.0,420089408700.0,
432720,퀄리타스반도체,기타,2025,-16464566738.0,319287546.0,196825251.0,516112797.0,-16980679535.0,417620054000.0,
204620,글로벌텍스프리,기타,2025,40486752594.0,1533391414.0,688941182.0,2222332596.0,38264419998.0,417482980200.0,10.91
079940,가비아,기타,2025,71756908745.0,45808864035.0,,45808864035.0,25948044710.0,417383272400.0,16.09
046120,오르비텍,기타,2025,-6269083927.0,2790246542.0,1410018136.0,4200264678.0,-10469348605.0,417098934560.0,
394800,쓰리빌리언,기타,2025,-3558249941.0,-2294596910.0,,-2294596910.0,-1263653031.0,417028179880.0,
298830,슈어소프트테크,기타,2025,17902322900.0,634934635.0,44255457.0,679190092.0,17223132808.0,416441707210.0,24.18
009290,광동제약,기타,2025,82341354027.0,25196174112.0,1181729490.0,26377903602.0,55963450425.0,415828396800.0,7.43
228760,지노믹트리,기타,2025,-10192656968.0,2726132209.0,19360673.0,2745492882.0,-12938149850.0,413657121280.0,
016800,퍼시스,기타,2025,28209055042.0,36356513785.0,21794760.0,36378308545.0,-8169253503.0,412850000000.0,
417310,코람코더원리츠,기타,2025,3598287711.0,,,0.0,3598287711.0,412484000000.0,114.63
160980,싸이맥스,기타,2025,43688335760.0,837672665.0,32600000.0,870272665.0,42818063095.0,411297748950.0,9.61
0015G0,그린광학,기타,2025,-8073349902.0,10806106163.0,2538793314.0,13344899477.0,-21418249379.0,410174062050.0,
086390,유니테스트,기타,2025,-22777800718.0,,,0.0,-22777800718.0,410002044400.0,
078340,컴투스,기타,2025,-39213012905.0,5729120060.0,,5729120060.0,-44942132965.0,409895510700.0,
097520,엠씨넥스,기타,2025,69708663502.0,40618349899.0,607879000.0,41226228899.0,28482434603.0,409805325000.0,14.39
243840,신흥에스이씨,기타,2025,52335376513.0,49454441627.0,197927119.0,49652368746.0,2683007767.0,407174961600.0,151.76
094360,칩스앤미디어,기타,2025,3343701792.0,138726400.0,875655640.0,1014382040.0,2329319752.0,406202672960.0,174.39
179900,유티아이,기타,2025,-35234636730.0,71323238246.0,3651080155.0,74974318401.0,-110208955131.0,403724404800.0,
064290,인텍플러스,기타,2025,5742414789.0,,,0.0,5742414789.0,403285208700.0,70.23
073490,LIG아큐버,기타,2025,-8499333051.0,1343650038.0,439371907.0,1783021945.0,-10282354996.0,403003838000.0,
084990,헬릭스미스,기타,2025,-6898457427.0,-212677210.0,-48800000.0,-261477210.0,-6636980217.0,402390117810.0,
034830,한국토지신탁,기타,2025,-124622078410.0,521730138.0,22000000.0,543730138.0,-125165808548.0,400447918780.0,
200670,휴메딕스,기타,2025,45145414363.0,7935501196.0,76015011.0,8011516207.0,37133898156.0,400347004500.0,10.78
041830,인바디,기타,2025,35777960281.0,6913134935.0,508709455.0,7421844390.0,28356115891.0,399708151300.0,14.1
452280,한선엔지니어링,기타,2025,1427992006.0,-34086368851.0,-734512090.0,-34820880941.0,36248872947.0,399363215000.0,11.02
355150,코스텍시스,기타,2025,539304285.0,,,0.0,539304285.0,398444585000.0,738.81
011760,현대코퍼레이션,기타,2025,-294660212971.0,21648700831.0,1296040628.0,22944741459.0,-317604954430.0,398191876600.0,
012030,DB,기타,2025,15233867779.0,2520792732.0,1460110064.0,3980902796.0,11252964983.0,396312648010.0,35.22
419530,SAMG엔터,기타,2025,23807507937.0,1095113305.0,,1095113305.0,22712394632.0,394678667500.0,17.38
478340,나라스페이스테크놀로지,기타,2025,-3529463523.0,4126182251.0,,4126182251.0,-7655645774.0,393872132650.0,
459510,나우로보틱스,기타,2025,-7626244691.0,10195727487.0,43899700.0,10239627187.0,-17865871878.0,393244974600.0,
060980,HL홀딩스,기타,2025,45167129942.0,15880852363.0,9674526070.0,25555378433.0,19611751509.0,392660132750.0,20.02
265520,AP시스템,기타,2025,33895776250.0,64411303926.0,383128511.0,64794432437.0,-30898656187.0,392073887050.0,
018250,애경산업,기타,2025,41015097859.0,7877778150.0,2323990948.0,10201769098.0,30813328761.0,391395236700.0,12.7
041920,메디아나,기타,2025,5504109274.0,566996892.0,41500000.0,608496892.0,4895612382.0,389632771850.0,79.59
084850,아이티엠반도체,기타,2025,23694620776.0,14695604698.0,,14695604698.0,8999016078.0,388785488760.0,43.2
200880,서연이화,기타,2025,164090823083.0,252739094885.0,5840839335.0,258579934220.0,-94489111137.0,386776933470.0,
026890,스틱인베스트먼트,기타,2025,-5741329150.0,290967732.0,355156780.0,646124512.0,-6387453662.0,386545244890.0,
352480,씨앤씨인터내셔널,기타,2025,26727430669.0,15202988688.0,3480910504.0,18683899192.0,8043531477.0,386407693350.0,48.04
092230,KPX홀딩스,기타,2025,119479922634.0,73033223996.0,6767299009.0,79800523005.0,39679399629.0,385710179800.0,9.72
0088M0,메쥬,기타,2025,-5388631350.0,226498015.0,,226498015.0,-5615129365.0,385388250000.0,
001250,GS글로벌,무역상사,2025,64858035000.0,112864735000.0,2244470000.0,115109205000.0,-50251170000.0,385020009060.0,
389020,자람테크놀로지,기타,2025,611707413.0,222621369.0,388696667.0,611318036.0,389377.0,384509222600.0,987498.55
002810,삼영무역,기타,2025,25016233192.0,9494527999.0,183843837.0,9678371836.0,15337861356.0,383189171000.0,24.98
003800,에이스침대,기타,2025,51464210348.0,17195618334.0,0.0,17195618334.0,34268592014.0,383159500000.0,11.18
046970,우리로,기타,2025,1159407745.0,245408248.0,,245408248.0,913999497.0,383030491260.0,419.07
494120,큐리오시스,기타,2025,-7348638188.0,2235547971.0,71618332.0,2307166303.0,-9655804491.0,381585748200.0,
108670,LX하우시스,기타,2025,195279000000.0,79001000000.0,1080000000.0,80081000000.0,115198000000.0,381125975000.0,3.31
236200,슈프리마,기타,2025,37327663261.0,5654427121.0,4464162229.0,10118589350.0,27209073911.0,379402518400.0,13.94
0008Z0,에스엔시스,기타,2025,17995351702.0,267678798.0,5297590575.0,5565269373.0,12430082329.0,378878044600.0,30.48
007690,국도화학,기타,2025,9036624024.0,35228140746.0,7560139538.0,42788280284.0,-33751656260.0,378768028800.0,
104700,한국철강,기타,2025,24335122462.0,18824970405.0,302000.0,18825272405.0,5509850057.0,378715500000.0,68.73
005720,넥센,기타,2025,360410208343.0,234094412142.0,419760175.0,234514172317.0,125896036026.0,378316634400.0,3.0
004430,송원산업,기타,2025,53538000000.0,30677000000.0,589000000.0,31266000000.0,22272000000.0,378000000000.0,16.97
085910,네오티스,기타,2025,7770108536.0,1861700161.0,11500000.0,1873200161.0,5896908375.0,377633567800.0,64.04
251370,와이엠티,기타,2025,17529249441.0,29259564789.0,0.0,29259564789.0,-11730315348.0,377592622050.0,
088800,에이스테크,기타,2025,-559658669.0,1592688080.0,565631211.0,2158319291.0,-2717977960.0,377154637830.0,
001940,KISCO홀딩스,기타,2025,49454112458.0,29236857597.0,302000.0,29237159597.0,20216952861.0,377091708000.0,18.65
321550,티움바이오,기타,2025,-15302839867.0,264343782.0,117812000.0,382155782.0,-15684995649.0,376470319250.0,
200470,에이팩트,기타,2025,5636468637.0,9481516048.0,333749982.0,9815266030.0,-4178797393.0,376175385840.0,
091810,트리니티항공,기타,2025,171062760810.0,56009314582.0,532280120.0,56541594702.0,114521166108.0,375802231350.0,3.28
241770,메카로,기타,2025,15940735992.0,10576980286.0,1510442521.0,12087422807.0,3853313185.0,375598784000.0,97.47
093520,매커스,기타,2025,70965118234.0,,,0.0,70965118234.0,375321938000.0,5.29
418550,제이오,기타,2025,872118298.0,10396245396.0,150000000.0,10546245396.0,-9674127098.0,374286597370.0,
217730,강스템바이오텍,기타,2025,-11675962559.0,660835494.0,,660835494.0,-12336798053.0,373394971530.0,
036200,유니셈,기타,2025,-6489600606.0,999353537.0,,999353537.0,-7488954143.0,373183593910.0,
005010,휴스틸,기타,2025,6443228096.0,74712549977.0,,74712549977.0,-68269321881.0,373088818000.0,
001750,한양증권,기타,2025,260419271189.0,960022411.0,582020000.0,1542042411.0,258877228778.0,371036766100.0,1.43
078520,에이블씨엔씨,기타,2025,35649882515.0,544955886.0,55633285.0,600589171.0,35049293344.0,370701794250.0,10.58
011500,한농화성,기타,2025,18852051585.0,23930726240.0,2260699.0,23932986939.0,-5080935354.0,370597895400.0,
065680,우주일렉트로,기타,2025,22440654609.0,23113259564.0,2317642741.0,25430902305.0,-2990247696.0,369618840000.0,
035810,이지홀딩스,기타,2025,236402774128.0,81767541017.0,931846403.0,82699387420.0,153703386708.0,369032578200.0,2.4
092220,KEC,기타,2025,9281736256.0,38585026772.0,3138000.0,38588164772.0,-29306428516.0,369002653158.0,
144510,지씨셀,기타,2025,9192592369.0,1268105765.0,5206267208.0,6474372973.0,2718219396.0,368938032400.0,135.73
448280,에코아이,기타,2025,-7761347587.0,38428691.0,3234000.0,41662691.0,-7803010278.0,367129688310.0,
126560,현대퓨처넷,기타,2025,18110262000.0,8965024000.0,1732741000.0,10697765000.0,7412497000.0,366975806850.0,49.51
451760,컨텍,기타,2025,-778460325.0,14030365162.0,212976184.0,14243341346.0,-15021801671.0,366145724500.0,
014940,오리엔탈정공,기타,2025,27909615123.0,9095162139.0,,9095162139.0,18814452984.0,362766341560.0,19.28
001230,동국홀딩스,기타,2025,54667957475.0,41918241899.0,60578878.0,41978820777.0,12689136698.0,362525506200.0,28.57
099430,바이오플러스,기타,2025,14738333672.0,46581731703.0,1346374129.0,47928105832.0,-33189772160.0,361831038140.0,
091580,상신이디피,기타,2025,8076394698.0,35710126084.0,0.0,35710126084.0,-27633731386.0,361194734900.0,
452430,사피엔반도체,기타,2025,4528745604.0,535760000.0,25000000.0,560760000.0,3967985604.0,359950414800.0,90.71
462350,이노스페이스,기타,2025,-51168088528.0,20682227754.0,2412177236.0,23094404990.0,-74262493518.0,359567046260.0,
053030,바이넥스,바이오_CDMO,2025,-23268095490.0,21214970704.0,2049645324.0,23264616028.0,-46532711518.0,359199226120.0,
318060,그래피,기타,2025,-15098064627.0,2434641559.0,516424546.0,2951066105.0,-18049130732.0,358870808250.0,
052710,아모텍,기타,2025,16615684824.0,13617144407.0,5217814935.0,18834959342.0,-2219274518.0,356608659600.0,
136480,하림,기타,2025,129100220000.0,39008270000.0,3557837000.0,42566107000.0,86534113000.0,353147259150.0,4.08
002310,아세아제지,기타,2025,77042494905.0,86065962179.0,306600000.0,86372562179.0,-9330067274.0,351889629200.0,
108860,셀바스AI,AI_소프트웨어,2025,9402953663.0,1882559424.0,286400000.0,2168959424.0,7233994239.0,350968861600.0,48.52
101360,에코앤드림,기타,2025,-11106560440.0,62552470090.0,34946645.0,62587416735.0,-73693977175.0,350386445800.0,
094820,일진파워,기타,2025,37004231517.0,12637903602.0,40755455.0,12678659057.0,24325572460.0,349826048800.0,14.38
065660,안트로젠,기타,2025,-1019759376.0,97771819.0,168033568.0,265805387.0,-1285564763.0,348712585000.0,
049630,재영솔루텍,기타,2025,9358891363.0,,,0.0,9358891363.0,347185753200.0,37.1
286940,롯데이노베이트,기타,2025,92440438126.0,34511782689.0,15202135087.0,49713917776.0,42726520350.0,346462504300.0,8.11
445090,에이직랜드,기타,2025,-6296502656.0,34270735045.0,2688997424.0,36959732469.0,-43256235125.0,346343358600.0,
043150,바텍,기타,2025,60322822553.0,8882211887.0,2415987950.0,11298199837.0,49024622716.0,346104164800.0,7.06
151860,KG에코솔루션,기타,2025,262791153141.0,226591883846.0,125113308547.0,351705192393.0,-88914039252.0,346073824540.0,
416180,신성에스티,기타,2025,-8590060013.0,61361493521.0,,61361493521.0,-69951553534.0,345771508500.0,
402490,그린리소스,기타,2025,-17941524218.0,6045937945.0,32400000.0,6078337945.0,-24019862163.0,345114312300.0,
002900,TYM,기타,2025,131270026023.0,17416633917.0,3848712581.0,21265346498.0,110004679525.0,344448000000.0,3.13
094480,갤럭시아머니트리,기타,2025,-1520083474.0,224398609.0,1314200400.0,1538599009.0,-3058682483.0,344437977640.0,
058970,엠로,기타,2025,8783029697.0,3204519166.0,2308034604.0,5512553770.0,3270475927.0,343685673200.0,105.09
012210,삼미금속,기타,2025,-1794047462.0,3191468738.0,0.0,3191468738.0,-4985516200.0,342866585400.0,
314930,바이오다인,기타,2025,830259097.0,3431282182.0,2205590000.0,5636872182.0,-4806613085.0,342287184500.0,
474650,링크솔루션,기타,2025,-5460215468.0,23209259913.0,53025960.0,23262285873.0,-28722501341.0,341378155800.0,
084690,대상홀딩스,기타,2025,242940140469.0,163720044534.0,5090703527.0,168810748061.0,74129392408.0,341122107960.0,4.6
394420,리센스메디컬,기타,2025,-8593732190.0,760590905.0,46250000.0,806840905.0,-9400573095.0,339071812500.0,
045390,대아티아이,기타,2025,-1509424151.0,15101491993.0,346571280.0,15448063273.0,-16957487424.0,338976943370.0,
024720,콜마홀딩스,기타,2025,31026274937.0,16403474499.0,7681447723.0,24084922222.0,6941352715.0,336789263380.0,48.52
200130,콜마비앤에이치,기타,2025,37903213067.0,15449503994.0,6864709535.0,22314213529.0,15588999538.0,335925672360.0,21.55
092730,네오팜,기타,2025,28409737456.0,1184658644.0,236274167.0,1420932811.0,26988804645.0,335786369550.0,12.44
092460,한라IMS,기타,2025,22052232987.0,13218305063.0,,13218305063.0,8833927924.0,335520824800.0,37.98
054210,이랜텍,기타,2025,34645356737.0,61966875616.0,635341260.0,62602216876.0,-27956860139.0,334096884100.0,
338840,와이바이오로직스,기타,2025,-5840011467.0,1024741097.0,400000000.0,1424741097.0,-7264752564.0,333456977700.0,
060720,KH바텍,기타,2025,15079639679.0,27455154734.0,397635000.0,27852789734.0,-12773150055.0,333378383360.0,
051500,CJ프레시웨이,외식_급식,2025,127080103084.0,44307682056.0,13105572578.0,57413254634.0,69666848450.0,332997987300.0,4.78
219130,타이거일렉,기타,2025,526684643.0,4992666381.0,,4992666381.0,-4465981738.0,332131654000.0,
001340,PKC,기타,2025,25233216150.0,141485104339.0,766002340.0,142251106679.0,-117017890529.0,331947027730.0,
000680,LS네트웍스,기타,2025,54550821210.0,22385325428.0,7025749477.0,29411074905.0,25139746305.0,331760697360.0,13.2
900290,GRT,기타,2025,461975019.0,624488871.0,10953.0,624499824.0,-162524805.0,331485000000.0,
064850,에프앤가이드,기타,2025,10746501650.0,307719800.0,134210000.0,441929800.0,10304571850.0,331470144600.0,32.17
095500,미래나노텍,기타,2025,65037387601.0,95762238366.0,251859363.0,96014097729.0,-30976710128.0,330876689330.0,
272110,케이엔제이,기타,2025,18240202619.0,21809064422.0,39428360.0,21848492782.0,-3608290163.0,329843734500.0,
272450,진에어,항공사,2025,79808358628.0,18744447067.0,1275098618.0,20019545685.0,59788812943.0,328860000000.0,5.5
365270,큐라클,기타,2025,-13448383609.0,-4347729.0,-19251261.0,-23598990.0,-13424784619.0,327772261700.0,
0007C0,아크릴,기타,2025,-4711715324.0,1152649930.0,17416069.0,1170065999.0,-5881781323.0,327637219200.0,
900140,엘브이엠씨홀딩스,기타,2025,16569568.0,1511620.0,317442.0,1829062.0,14740506.0,327542532240.0,22220.58
456010,아이씨티케이,기타,2025,-2944120783.0,999373485.0,903037235.0,1902410720.0,-4846531503.0,327388661700.0,
011690,와이투솔루션,기타,2025,-2005847889.0,3164286511.0,78471815.0,3242758326.0,-5248606215.0,326669106600.0,
067390,아스트,기타,2025,18761440877.0,8277398332.0,2662549350.0,10939947682.0,7821493195.0,325689432884.0,41.64
018000,유니슨,풍력,2025,-24002863986.0,614415886.0,12581540957.0,13195956843.0,-37198820829.0,325495934764.0,
128820,대성산업,기타,2025,37776048665.0,19425355603.0,371465340.0,19796820943.0,17979227722.0,324338377260.0,18.04
472850,폰드그룹,기타,2025,54115232309.0,6348857690.0,98693541.0,6447551231.0,47667681078.0,324128400760.0,6.8
115450,HLB테라퓨틱스,기타,2025,-8178106351.0,1284742531.0,8781135569.0,10065878100.0,-18243984451.0,322874497305.0,
049070,인탑스,기타,2025,8579016395.0,15355120799.0,195485519.0,15550606318.0,-6971589923.0,322500000000.0,
037270,YG PLUS,기타,2025,27361290362.0,819852730.0,1348909606.0,2168762336.0,25192528026.0,321498705500.0,12.76
009470,삼화전기,기타,2025,8371821693.0,5086742126.0,64676666.0,5151418792.0,3220402901.0,321431652000.0,99.81
123890,한국자산신탁,기타,2025,203263359359.0,72512094.0,,72512094.0,203190847265.0,320619686120.0,1.58
003520,영진약품,기타,2025,11730228393.0,11184333306.0,779427350.0,11963760656.0,-233532263.0,320245171981.0,
033270,유나이티드제약,기타,2025,51135702845.0,23442991211.0,1700776369.0,25143767580.0,25991935265.0,319011038750.0,12.27
061970,LB세미콘,기타,2025,9528097718.0,55270713123.0,73502900.0,55344216023.0,-45816118305.0,318294872880.0,
017390,서울가스,기타,2025,82719158771.0,34226469840.0,9569987705.0,43796457545.0,38922701226.0,318285000000.0,8.18
001460,BYC,기타,2025,34233859773.0,33686838216.0,47297028.0,33734135244.0,499724529.0,317304420000.0,634.96
243070,휴온스,기타,2025,45005541724.0,20054253629.0,4264428245.0,24318681874.0,20686859850.0,316862139250.0,15.32
357550,석경에이티,기타,2025,5348468212.0,6225920874.0,29187728.0,6255108602.0,-906640390.0,316390000000.0,
035600,KG이니시스,핀테크_결제,2025,121276840467.0,25080743637.0,6361279256.0,31442022893.0,89834817574.0,316324902320.0,3.52
215000,골프존,기타,2025,95437197990.0,26331593754.0,5167666635.0,31499260389.0,63937937601.0,316280916000.0,4.95
005680,삼영전자,기타,2025,30120821775.0,8815033271.0,,8815033271.0,21305788504.0,315000000000.0,14.78
382900,범한퓨얼셀,기타,2025,21683119054.0,,,0.0,21683119054.0,314519900000.0,14.51
096760,JW홀딩스,기타,2025,163666846617.0,29383806904.0,25313767866.0,54697574770.0,108969271847.0,313441754080.0,2.88
004360,세방,기타,2025,69622089214.0,49698275393.0,1447313571.0,51145588964.0,18476500250.0,312540109050.0,16.92
003920,남양유업,기타,2025,26851111134.0,5571461724.0,3563748054.0,9135209778.0,17715901356.0,311400000000.0,17.58
226590,엠디바이스,기타,2025,-17140943812.0,8443375738.0,11180000.0,8454555738.0,-25595499550.0,310950432000.0,
051370,인터플렉스,기타,2025,25131105930.0,45808912379.0,,45808912379.0,-20677806449.0,309322278720.0,
475560,더본코리아,기타,2025,-29003479270.0,14342917040.0,794396234.0,15137313274.0,-44140792544.0,309163174500.0,
144960,뉴파워프라즈마,기타,2025,9841751353.0,43386216003.0,994804013.0,44381020016.0,-34539268663.0,308906851680.0,
023410,유진기업,기타,2025,31414347940.0,21688448291.0,2235656229.0,23924104520.0,7490243420.0,307310680425.0,41.03
023760,한국캐피탈,기타,2025,-529295507988.0,193740700.0,9878000.0,203618700.0,-529499126688.0,307088117448.0,
125020,티씨머티리얼즈,기타,2025,4040097992.0,30066315797.0,105103000.0,30171418797.0,-26131320805.0,306587312500.0,
484810,티엑스알로보틱스,기타,2025,-2402887701.0,1985883814.0,266239734.0,2252123548.0,-4655011249.0,306391644450.0,
000490,대동,기타,2025,-56725188304.0,-58571696633.0,-12333844850.0,-70905541483.0,14180353179.0,305853037650.0,21.57
003200,일신방직,기타,2025,37245872843.0,12603323749.0,386128160.0,12989451909.0,24256420934.0,305138400000.0,12.58
388050,지투파워,기타,2025,18023763243.0,3247493954.0,59140492.0,3306634446.0,14717128797.0,304028351250.0,20.66
053690,한미글로벌,기타,2025,40808805338.0,4915120079.0,593796876.0,5508916955.0,35299888383.0,303524135000.0,8.6
037710,광주신세계,기타,2025,67625651851.0,27843200326.0,434569059.0,28277769385.0,39347882466.0,303168939000.0,7.7
003120,일성아이에스,기타,2025,3881172099.0,2134976763.0,40607840.0,2175584603.0,1705587496.0,302575000000.0,177.4
464080,에스오에스랩,기타,2025,-11314281270.0,11218030653.0,150333360.0,11368364013.0,-22682645283.0,302407708250.0,
294570,쿠콘,기타,2025,44999409784.0,922186046.0,1219764361.0,2141950407.0,42857459377.0,302247373400.0,7.05
054950,제이브이엠,기타,2025,30378159381.0,1884584212.0,2981285467.0,4865869679.0,25512289702.0,301642805400.0,11.82
108380,대양전기공업,기타,2025,15564954095.0,7239354502.0,,7239354502.0,8325599593.0,301370989500.0,36.2
274090,켄코아에어로스페이스,기타,2025,-617387612.0,26059005585.0,3508876254.0,29567881839.0,-30185269451.0,301224305850.0,
001780,알루코,기타,2025,56784351374.0,66135477265.0,503924394.0,66639401659.0,-9855050285.0,300173409200.0,
017890,한국알콜,기타,2025,54399234792.0,,,0.0,54399234792.0,298892759300.0,5.49
098120,마이크로컨텍솔,기타,2025,18636932711.0,9539484014.0,74526800.0,9614010814.0,9022921897.0,298843937700.0,33.12
002320,한진,물류,2025,243828651705.0,73084281756.0,2335069084.0,75419350840.0,168409300865.0,298422985680.0,1.77
088260,이리츠코크렙,기타,2025,12246907189.0,,,0.0,12246907189.0,297705473000.0,24.31
034120,SBS,미디어_방송,2025,64847454550.0,15640864360.0,1354473203.0,16995337563.0,47852116987.0,297190832760.0,6.21
005950,이수화학,기타,2025,-4297480000.0,20557312000.0,7444336000.0,28001648000.0,-32299128000.0,296335284630.0,
086820,바이오솔루션,기타,2025,-1311613033.0,184984581.0,546534769.0,731519350.0,-2043132383.0,295793809850.0,
003960,사조대림,기타,2025,62712943443.0,53148182644.0,2426193980.0,55574376624.0,7138566819.0,295554060750.0,41.4
241590,화승엔터프라이즈,기타,2025,132334249914.0,55219382513.0,2622212379.0,57841594892.0,74492655022.0,295372720500.0,3.97
044450,KSS해운,기타,2025,154681497739.0,,,0.0,154681497739.0,294575828800.0,1.9
099440,스맥,기타,2025,-1430720418.0,1229109585.0,51490000.0,1280599585.0,-2711320003.0,293787811170.0,
361390,제노코,기타,2025,-19821767171.0,1207417489.0,126000000.0,1333417489.0,-21155184660.0,293127270200.0,
000320,노루홀딩스,기타,2025,80058435615.0,21306999340.0,6800103847.0,28107103187.0,51951332428.0,292405322000.0,5.63
036800,나이스정보통신,기타,2025,163603243277.0,,0.0,0.0,163603243277.0,292000000000.0,1.78
417840,저스템,기타,2025,7272004843.0,7391709124.0,500760176.0,7892469300.0,-620464457.0,291231513350.0,
035510,신세계 I&C,기타,2025,99175530095.0,19609458357.0,,19609458357.0,79566071738.0,290802720000.0,3.65
304100,솔트룩스,AI_소프트웨어,2025,-3276450388.0,1834625747.0,213192298.0,2047818045.0,-5324268433.0,290288357750.0,
0004V0,엔비알모션,기타,2025,6907861495.0,4032738914.0,3636364.0,4036375278.0,2871486217.0,290284657200.0,101.09
092200,디아이씨,기타,2025,9741086851.0,32531046114.0,,32531046114.0,-22789959263.0,290108724740.0,
474170,루미르,기타,2025,16411426328.0,,,0.0,16411426328.0,289893913920.0,17.66
138610,나이벡,기타,2025,5819286311.0,1484590410.0,3787759927.0,5272350337.0,546935974.0,289878721500.0,530.0
000540,흥국화재,기타,2025,747390000000.0,4566000000.0,15228000000.0,19794000000.0,727596000000.0,287164623150.0,0.39
012860,모베이스전자,기타,2025,68829690112.0,47110912722.0,1949930928.0,49060843650.0,19768846462.0,287075151440.0,14.52
078150,HB테크놀러지,기타,2025,12403772241.0,17882194716.0,2378250421.0,20260445137.0,-7856672896.0,286955760020.0,
083310,엘오티베큠,기타,2025,6467833128.0,4848175527.0,1066743373.0,5914918900.0,552914228.0,286741531300.0,518.6
013890,지누스,기타,2025,216705566723.0,51326817256.0,2031047745.0,53357865001.0,163347701722.0,286638938880.0,1.75
289930,웨이비스,기타,2025,794314913.0,8530699213.0,79330300.0,8610029513.0,-7815714600.0,285116319000.0,
000650,천일고속,기타,2025,312011629.0,3950499514.0,,3950499514.0,-3638487885.0,284128936000.0,
372170,윤성에프앤씨,기타,2025,4656971753.0,3768124011.0,,3768124011.0,888847742.0,284054108800.0,319.58
255220,SG,기타,2025,-28541691786.0,1127038132.0,44000000.0,1171038132.0,-29712729918.0,283768952180.0,
134380,미원화학,기타,2025,20682914653.0,8703981891.0,,8703981891.0,11978932762.0,283485645200.0,23.67
003070,코오롱글로벌,기타,2025,72356277140.0,56166501372.0,739377127.0,56905878499.0,15450398641.0,283222903260.0,18.33
199430,케이엔알시스템,기타,2025,-2023290159.0,,,0.0,-2023290159.0,283058692200.0,
334890,이지스밸류플러스리츠,기타,2025,6233134643.0,,,0.0,6233134643.0,283003383225.0,45.4
000050,경방,기타,2025,60087310946.0,7751223985.0,16344661.0,7767568646.0,52319742300.0,282925586400.0,5.41
488280,에스투더블유,기타,2025,-4281455149.0,540168159.0,159002076.0,699170235.0,-4980625384.0,282696382500.0,
004980,성신양회,기타,2025,130995296437.0,,67404728.0,67404728.0,130927891709.0,282670321690.0,2.16
030210,다올투자증권,기타,2025,-265648144462.0,3568997022.0,4526270734.0,8095267756.0,-273743412218.0,281713865250.0,
078070,유비쿼스홀딩스,기타,2025,32117529683.0,,,0.0,32117529683.0,280620065680.0,8.74
382800,지앤비에스 에코,기타,2025,8896348895.0,8101090321.0,19378055.0,8120468376.0,775880519.0,280113160800.0,361.03
079960,동양이엔피,기타,2025,41378075732.0,18316042675.0,,18316042675.0,23062033057.0,279816000000.0,12.13
221800,지구홀딩스,기타,2025,-1562284353.0,91624048.0,109795430.0,201419478.0,-1763703831.0,279198552800.0,
267980,매일유업,기타,2025,51178494040.0,17169209739.0,8219824419.0,25389034158.0,25789459882.0,278956423200.0,10.82
194700,노바렉스,기타,2025,16651717423.0,10050957927.0,423189472.0,10474147399.0,6177570024.0,278568980480.0,45.09
018310,삼목에스폼,기타,2025,41469588749.0,19397628879.0,0.0,19397628879.0,22071959870.0,278124000000.0,12.6
203650,드림시큐리티,기타,2025,-14788435920.0,7748021293.0,1526682033.0,9274703326.0,-24063139246.0,276378919160.0,
043370,피에이치에이,기타,2025,88562956030.0,49624963446.0,545544722.0,50170508168.0,38392447862.0,275940000000.0,7.19
405100,큐알티,기타,2025,13787581792.0,,,0.0,13787581792.0,275894807450.0,20.01
053300,한국정보인증,기타,2025,15425811750.0,949908737.0,445774735.0,1395683472.0,14030128278.0,275868846500.0,19.66
112290,와이씨켐,기타,2025,1602669805.0,13897117281.0,222843203.0,14119960484.0,-12517290679.0,275411245800.0,
256840,한국비엔씨,기타,2025,7158975543.0,7013969887.0,2091740201.0,9105710088.0,-1946734545.0,275289416150.0,
004310,현대약품,기타,2025,-123285115.0,4604402287.0,1260245941.0,5864648228.0,-5987933343.0,274880000000.0,
092070,디엔에프,기타,2025,17200974816.0,5657724994.0,527069310.0,6184794304.0,11016180512.0,274831627500.0,24.95
357580,아모센스,기타,2025,11384009671.0,2168814664.0,3116835708.0,5285650372.0,6098359299.0,274776946150.0,45.06
005710,대원산업,기타,2025,110294141691.0,21836947265.0,5655286.0,21842602551.0,88451539140.0,274715496000.0,3.11
051360,토비스,기타,2025,53458195938.0,17528918786.0,73959400.0,17602878186.0,35855317752.0,274488311200.0,7.66
126700,하이비젼시스템,기타,2025,-10661732295.0,16686244366.0,2214783780.0,18901028146.0,-29562760441.0,274337176320.0,
226320,잇츠한불,기타,2025,28065361749.0,1198811895.0,569866796.0,1768678691.0,26296683058.0,274116437500.0,10.42
084680,이월드,기타,2025,5991972162.0,2768650635.0,86131250.0,2854781885.0,3137190277.0,273827758683.0,87.28
067080,대화제약,기타,2025,5427802858.0,,,0.0,5427802858.0,273106255500.0,50.32
190510,나무가,기타,2025,37814079179.0,3880572650.0,1276877057.0,5157449707.0,32656629472.0,272973443460.0,8.36
377190,디앤디플랫폼리츠,기타,2025,6423324847.0,,,0.0,6423324847.0,272714000000.0,42.46
008350,남선알미늄,기타,2025,-5132085976.0,2665223895.0,,2665223895.0,-7797309871.0,272356879900.0,
194480,데브시스터즈,기타,2025,8302385059.0,3389725820.0,,3389725820.0,4912659239.0,271692960000.0,55.3
000430,대원강업,기타,2025,111220582000.0,123473662000.0,,123473662000.0,-12253080000.0,270320000000.0,
214180,헥토이노베이션,기타,2025,100434444308.0,3096015750.0,5702094366.0,8798110116.0,91636334192.0,270262033600.0,2.95
138360,앤로보틱스,기타,2025,2505665049.0,60539929.0,,60539929.0,2445125120.0,269855985610.0,110.36
309710,아이티켐,기타,2025,-1749053901.0,42843589456.0,131617709.0,42975207165.0,-44724261066.0,268443021000.0,
042600,새로닉스,기타,2025,1128980500.0,1890853616.0,,1890853616.0,-761873116.0,268349198400.0,
307180,아이엘,기타,2025,-1118622155.0,10805627423.0,71414720.0,10877042143.0,-11995664298.0,268335146290.0,
404990,신한서부티엔디리츠,기타,2025,17345374303.0,,,0.0,17345374303.0,267657110520.0,15.43
136490,선진,기타,2025,128955612012.0,,,0.0,128955612012.0,266807156880.0,2.07
126600,BGF에코머티리얼즈,기타,2025,26928211637.0,115889940739.0,567968750.0,116457909489.0,-89529697852.0,266759320750.0,
182400,엔케이젠바이오텍코리아,기타,2025,-3202165692.0,901980482.0,,901980482.0,-4104146174.0,265496721770.0,
314130,지놈앤컴퍼니,기타,2025,-18386763810.0,284660484.0,212999078.0,497659562.0,-18884423372.0,265406538860.0,
007160,사조산업,기타,2025,-20538767596.0,13320048787.0,114743329.0,13434792116.0,-33973559712.0,264500000000.0,
001130,대한제분,기타,2025,140108370403.0,27627436577.0,527946669.0,28155383246.0,111952987157.0,264485000000.0,2.36
064550,바이오니아,기타,2025,10331360225.0,6785543107.0,375767232.0,7161310339.0,3170049886.0,264039276930.0,83.29
004560,현대비앤지스틸,기타,2025,63152457375.0,7577059921.0,2331337000.0,9908396921.0,53244060454.0,263879192500.0,4.96
211270,AP위성,기타,2025,-4460659186.0,,,0.0,-4460659186.0,263789496960.0,
462860,더즌,기타,2025,62363551478.0,747813750.0,571392790.0,1319206540.0,61044344938.0,263497102790.0,4.32
457550,우진엔텍,기타,2025,3945796134.0,2177239445.0,222457000.0,2399696445.0,1546099689.0,262794615600.0,169.97
004710,한솔테크닉스,기타,2025,46425834085.0,33834965463.0,611938811.0,34446904274.0,11978929811.0,262584392280.0,21.92
034810,해성산업,기타,2025,135612437949.0,163540962916.0,4465635436.0,168006598352.0,-32394160403.0,261757130280.0,
402030,코난테크놀로지,기타,2025,-7511067377.0,497280365.0,784882.0,498065247.0,-8009132624.0,260363750400.0,
013120,동원개발,기타,2025,-44224700470.0,14141400.0,,14141400.0,-44238841870.0,260165206500.0,
216080,제테마,기타,2025,11053611923.0,5659569229.0,10193185425.0,15852754654.0,-4799142731.0,260091602010.0,
0030R0,대신밸류리츠,기타,2025,2269013086.0,,,0.0,2269013086.0,259445200000.0,114.34
001790,대한제당,기타,2025,-8598230000.0,8851720000.0,131869000.0,8983589000.0,-17581819000.0,259223116200.0,
102120,어보브반도체,기타,2025,14728643363.0,7273033071.0,7978306727.0,15251339798.0,-522696435.0,259065571210.0,
439090,마녀공장,기타,2025,11102905458.0,-819788309.0,-1796147219.0,-2615935528.0,13718840986.0,258685642800.0,18.86
353810,이지바이오,기타,2025,34653612535.0,5871628447.0,431570263.0,6303198710.0,28350413825.0,258038976000.0,9.1
950170,JTC,기타,2025,5379668827.0,802227766.0,14845500.0,817073266.0,4562595561.0,257179349560.0,56.37
013580,계룡건설,기타,2025,209873153020.0,55298395908.0,49631816.0,55348027724.0,154525125296.0,256317030900.0,1.66
121800,비덴트,기타,2025,-9673483814.0,44992791.0,826140482.0,871133273.0,-10544617087.0,256309348520.0,
481070,에이유브랜즈,기타,2025,7357616385.0,,,0.0,7357616385.0,255824400000.0,34.77
176750,듀켐바이오,기타,2025,9939408412.0,865665166.0,12155365.0,877820531.0,9061587881.0,255243323400.0,28.17
293580,나우IB,기타,2025,-14573093293.0,,,0.0,-14573093293.0,254886915750.0,
147830,제룡산업,기타,2025,13012821808.0,372707925.0,58213541.0,430921466.0,12581900342.0,254600000000.0,20.24
285490,노바텍,기타,2025,13409825041.0,2015229717.0,15763344.0,2030993061.0,11378831980.0,253819944000.0,22.31
058820,CMG제약,기타,2025,-11020197867.0,29630092595.0,3383033782.0,33013126377.0,-44033324244.0,253697186028.0,
024060,흥구석유,기타,2025,894633864.0,87552800.0,,87552800.0,807081064.0,253350000000.0,313.91
377460,큐에이드,기타,2025,-43306551933.0,124633600.0,5400000.0,130033600.0,-43436585533.0,253187202960.0,
484120,도우인시스,기타,2025,4078176759.0,14377189505.0,661008193.0,15038197698.0,-10960020939.0,253116448200.0,
206640,바디텍메드,기타,2025,22081112564.0,33012742039.0,1006989957.0,34019731996.0,-11938619432.0,253036487550.0,
122900,아이마켓코리아,기타,2025,52574507815.0,20089035950.0,455873756.0,20544909706.0,32029598109.0,252387742000.0,7.88
000390,SP삼화,기타,2025,22187389833.0,17386904592.0,1732680340.0,19119584932.0,3067804901.0,251904122940.0,82.11
033920,무학,기타,2025,6281263044.0,9658839834.0,16500000.0,9675339834.0,-3394076790.0,251655000000.0,
0011A0,액스비스,기타,2025,2605729196.0,,,0.0,2605729196.0,250144232000.0,96.0
001630,종근당홀딩스,기타,2025,76035046964.0,55835331184.0,1796246756.0,57631577940.0,18403469024.0,249491077800.0,13.56
119610,인터로조,기타,2025,25339040304.0,6766067889.0,159607322.0,6925675211.0,18413365093.0,249390371950.0,13.54
452450,피아이이,기타,2025,-6880412284.0,4437009641.0,1835708507.0,6272718148.0,-13153130432.0,249317220000.0,
299030,하나기술,2차전지_장비,2025,9973110629.0,,,0.0,9973110629.0,249041446500.0,24.97
073010,케이에스피,기타,2025,2871184119.0,25922577800.0,4329800.0,25926907600.0,-23055723481.0,248783837500.0,
005500,삼진제약,기타,2025,24111431141.0,,,0.0,24111431141.0,248284800000.0,10.3
487570,HS효성,기타,2025,7570230074.0,6621927755.0,2186455784.0,8808383539.0,-1238153465.0,248146738200.0,
028100,동아지질,기타,2025,95091456138.0,47381335720.0,18002100.0,47399337820.0,47692118318.0,247973577040.0,5.2
039860,나노엔텍,기타,2025,4146226068.0,1771964622.0,337959016.0,2109923638.0,2036302430.0,247223913970.0,121.41
209640,와이제이링크,기타,2025,-4004061523.0,18890569302.0,114446902.0,19005016204.0,-23009077727.0,246602075820.0,
125210,아모그린텍,기타,2025,21736629923.0,12637763568.0,2595864446.0,15233628014.0,6503001909.0,246297074700.0,37.87
036030,케이티알파,기타,2025,50106417512.0,3878296718.0,1053455113.0,4931751831.0,45174665681.0,246076800660.0,5.45
100120,뷰웍스,기타,2025,37192250099.0,28960380559.0,446111551.0,29406492110.0,7785757989.0,245816661400.0,31.57
035150,백산,기타,2025,38395407301.0,10641642840.0,1403888346.0,12045531186.0,26349876115.0,245753879070.0,9.33
004380,삼익THK,기타,2025,24057266202.0,3648345351.0,67875483.0,3716220834.0,20341045368.0,245709000000.0,12.08
403850,더핑크퐁컴퍼니,기타,2025,20936093742.0,369972105.0,2368154392.0,2738126497.0,18197967245.0,245689291200.0,13.5
117580,대성에너지,기타,2025,49586957635.0,21641818491.0,0.0,21641818491.0,27945139144.0,245025000000.0,8.77
461300,아이스크림미디어,기타,2025,57298544192.0,,,0.0,57298544192.0,244232669880.0,4.26
036190,금화피에스시,기타,2025,-24657114462.0,2208700632.0,370593000.0,2579293632.0,-27236408094.0,244200000000.0,
270660,에브리봇,기타,2025,-5261333968.0,472382172.0,104230527.0,576612699.0,-5837946667.0,242897758620.0,
338220,뷰노,의료AI,2025,-4675991674.0,,,0.0,-4675991674.0,241531446750.0,
380550,뉴로핏,기타,2025,-15066824231.0,265456020.0,59470333.0,324926353.0,-15391750584.0,240990271550.0,
017510,세명전기,기타,2025,12171972761.0,258046320.0,,258046320.0,11913926441.0,240429420000.0,20.18
297090,씨에스베어링,기타,2025,7589135337.0,7347763552.0,0.0,7347763552.0,241371785.0,239976000000.0,994.22
210980,SK디앤디,기타,2025,-265224701328.0,1462733719.0,445502240.0,1908235959.0,-267132937287.0,239791880160.0,
010580,에스엠벡셀,기타,2025,6207788416.0,,,0.0,6207788416.0,239747542800.0,38.62
041020,폴라리스오피스,기타,2025,24968363261.0,1959197473.0,558180000.0,2517377473.0,22450985788.0,239227463295.0,10.66
095700,제넥신,기타,2025,-29584355121.0,14734964611.0,24316168.0,14759280779.0,-44343635900.0,239087593500.0,
104480,티케이케미칼,기타,2025,145099444043.0,,,0.0,145099444043.0,239054991420.0,1.65
950140,잉글우드랩,기타,2025,15606710.0,4676033.0,22148.0,4698181.0,10908529.0,239010427980.0,21910.42
237880,클리오,기타,2025,13245150540.0,660291230.0,111369480.0,771660710.0,12473489830.0,238903286660.0,19.15
009680,모토닉,기타,2025,56339700616.0,5935371772.0,8914600.0,5944286372.0,50395414244.0,238412041180.0,4.73
019010,베뉴지,기타,2025,17954584818.0,5709389680.0,,5709389680.0,12245195138.0,236903000000.0,19.35
025000,KPX케미칼,기타,2025,78279043040.0,21643012809.0,1096726548.0,22739739357.0,55539303683.0,236888156900.0,4.27
061090,세나테크놀로지,기타,2025,14039324978.0,2940043505.0,98186256.0,3038229761.0,11001095217.0,236830457600.0,21.53
065710,서호전기,기타,2025,36273527961.0,,,0.0,36273527961.0,236642500000.0,6.52
244920,에이플러스에셋,기타,2025,31777936983.0,9924834888.0,771206270.0,10696041158.0,21081895825.0,236476468780.0,11.22
003220,대원제약,기타,2025,42313124261.0,29800844332.0,12330422079.0,42131266411.0,181857850.0,236386724820.0,1299.84
000480,CR홀딩스,기타,2025,32437444000.0,34754723000.0,2315186000.0,37069909000.0,-4632465000.0,236328069600.0,
203400,에이비온,기타,2025,-33044797174.0,431825000.0,1859360.0,433684360.0,-33478481534.0,235614909960.0,
298690,에어부산,기타,2025,107057323876.0,152788095044.0,314928985.0,153103024029.0,-46045700153.0,235612800000.0,
293780,압타바이오,기타,2025,-15276295654.0,,,0.0,-15276295654.0,235141799850.0,
003610,방림,기타,2025,5188722317.0,5507809800.0,0.0,5507809800.0,-319087483.0,234780602720.0,
016880,웅진,기타,2025,261616995655.0,12413313169.0,12037884075.0,24451197244.0,237165798411.0,234585979800.0,0.99
011560,세보엠이씨,기타,2025,69800878697.0,,,0.0,69800878697.0,234427500000.0,3.36
012610,경인양행,기타,2025,33725804523.0,14966164372.0,110415200.0,15076579572.0,18649224951.0,234300134950.0,12.56
002150,도화엔지니어링,기타,2025,12948322121.0,13599161753.0,22869200.0,13622030953.0,-673708832.0,234016800000.0,
083930,아바코,기타,2025,15686879267.0,10963297436.0,58552935.0,11021850371.0,4665028896.0,233808576570.0,50.12
348950,제이알글로벌리츠,기타,2025,-24625104808.0,,,0.0,-24625104808.0,233298432000.0,
371950,풍원정밀,기타,2025,-5018116242.0,954300000.0,,954300000.0,-5972416242.0,233197618920.0,
008490,서흥,기타,2025,76864719894.0,45588780220.0,1668039787.0,47256820007.0,29607899887.0,233117626950.0,7.87
289080,SV인베스트먼트,기타,2025,-1509588805.0,,,0.0,-1509588805.0,232473858160.0,
053210,스카이라이프,기타,2025,99935332947.0,992267716.0,61502498773.0,62494766489.0,37440566458.0,232387249950.0,6.21
024840,KBI메탈,기타,2025,-21138874043.0,1765266802.0,0.0,1765266802.0,-22904140845.0,231447989370.0,
095570,AJ네트웍스,기타,2025,75931753000.0,25189404000.0,1951892000.0,27141296000.0,48790457000.0,230336543310.0,4.72
264450,유비쿼스,기타,2025,24539062365.0,,,0.0,24539062365.0,228781690800.0,9.32
039840,디오,기타,2025,16586887961.0,4839066254.0,154740863.0,4993807117.0,11593080844.0,228739867400.0,19.73
003350,한국화장품제조,기타,2025,36305075109.0,2259083544.0,0.0,2259083544.0,34045991565.0,228639400000.0,6.72
036560,KZ정밀,기타,2025,12164624583.0,720544700.0,82000000.0,802544700.0,11362079883.0,228060000000.0,20.07
234690,녹십자웰빙,기타,2025,5729600433.0,3694802946.0,2501583962.0,6196386908.0,-466786475.0,227954150100.0,
417010,나노팀,기타,2025,-390172421.0,19642863638.0,143695741.0,19786559379.0,-20176731800.0,227951826400.0,
068930,디지털대성,기타,2025,55532197683.0,5168585733.0,3747261452.0,8915847185.0,46616350498.0,227768064660.0,4.89
118990,모트렉스,기타,2025,56601961642.0,14495756577.0,11513228664.0,26008985241.0,30592976401.0,225743813200.0,7.38
232680,라온로보틱스,기타,2025,7835223406.0,9609846279.0,54989200.0,9664835479.0,-1829612073.0,225725482290.0,
018470,조일알미늄,기타,2025,17736000994.0,2437658222.0,,2437658222.0,15298342772.0,224138146170.0,14.65
418420,라온텍,기타,2025,-5095983266.0,2804266317.0,0.0,2804266317.0,-7900249583.0,223502792240.0,
123330,제닉,기타,2025,20650775397.0,2670976236.0,12840400.0,2683816636.0,17966958761.0,222724606000.0,12.4
007860,서연,기타,2025,238360731326.0,321854153674.0,9021542422.0,330875696096.0,-92514964770.0,222588921120.0,
339770,교촌에프앤비,기타,2025,39275745347.0,29803598645.0,2207734291.0,32011332936.0,7264412411.0,222094780600.0,30.57
016580,환인제약,기타,2025,9043600259.0,,,0.0,9043600259.0,221898835100.0,24.54
102260,동성케미컬,기타,2025,113076115377.0,57733002955.0,559833244.0,58292836199.0,54783279178.0,221426112670.0,4.04
489500,엘케이켐,기타,2025,4609690565.0,9741004020.0,254285087.0,9995289107.0,-5385598542.0,220673668400.0,
121440,골프존홀딩스,기타,2025,10017162943.0,4081879286.0,398114100.0,4479993386.0,5537169557.0,220181244520.0,39.76
264660,씨앤지하이테크,기타,2025,14890487095.0,6795381463.0,253561900.0,7048943363.0,7841543732.0,219698487200.0,28.02
033530,SJG세종,기타,2025,92738451667.0,82764700414.0,4819985628.0,87584686042.0,5153765625.0,219507382290.0,42.59
005960,동부건설,기타,2025,-21895164812.0,1646091288.0,8800000.0,1654891288.0,-23550056100.0,218911165020.0,
025820,이구산업,기타,2025,-4836778789.0,8269797844.0,,8269797844.0,-13106576633.0,218710680000.0,
259630,엠플러스,기타,2025,62139032502.0,3155022153.0,1246012601.0,4401034754.0,57737997748.0,218702699040.0,3.79
054450,텔레칩스,기타,2025,-9136468047.0,,,0.0,-9136468047.0,218682724520.0,
123860,아나패스,기타,2025,28881263793.0,6809496166.0,105138742.0,6914634908.0,21966628885.0,218100235850.0,9.93
469610,이노테크,기타,2025,10408963601.0,2169179653.0,810469390.0,2979649043.0,7429314558.0,218011560000.0,29.34
377450,리파인,기타,2025,18059809358.0,507977357.0,87417633.0,595394990.0,17464414368.0,217664800000.0,12.46
140670,알에스오토메이션,기타,2025,1981208270.0,183636455.0,353843779.0,537480234.0,1443728036.0,216736499200.0,150.12
039570,HDC랩스,기타,2025,56552244199.0,1456278888.0,803864230.0,2260143118.0,54292101081.0,216486392340.0,3.99
060150,인선이엔티,기타,2025,27764393997.0,5017543874.0,,5017543874.0,22746850123.0,216287977740.0,9.51
080160,모두투어,여행_호텔,2025,30943117802.0,,,0.0,30943117802.0,215649000000.0,6.97
001080,만호제강,기타,2025,6776433713.0,1035772000.0,,1035772000.0,5740661713.0,214140000000.0,37.3
000140,하이트진로홀딩스,기타,2025,212024023659.0,145553974784.0,424313561.0,145978288345.0,66045735314.0,213502238000.0,3.23
179290,엠아이텍,기타,2025,14874046787.0,3293721830.0,1594718826.0,4888440656.0,9985606131.0,212966161240.0,21.33
445180,퓨릿,기타,2025,22336549174.0,,,0.0,22336549174.0,212802147440.0,9.53
000860,강남제비스코,기타,2025,38631317343.0,27728660971.0,288349805.0,28017010776.0,10614306567.0,212550000000.0,20.02
458650,성우,기타,2025,20415750730.0,4220523050.0,,4220523050.0,16195227680.0,212444860400.0,13.12
059120,아진엑스텍,기타,2025,2069580790.0,186993317.0,61123000.0,248116317.0,1821464473.0,212030564280.0,116.41
003650,미창석유,기타,2025,40339554418.0,2486061633.0,0.0,2486061633.0,37853492785.0,211892049600.0,5.6
039560,다산네트웍스,기타,2025,19425348249.0,13534502527.0,1603785909.0,15138288436.0,4287059813.0,211763514340.0,49.4
308080,바이젠셀,기타,2025,-13817801907.0,729150000.0,,729150000.0,-14546951907.0,211757355800.0,
051980,중앙첨단소재,기타,2025,3447896942.0,-255880942.0,-461819800.0,-717700742.0,4165597684.0,211740797354.0,50.83
040160,누리플렉스,기타,2025,-499314144.0,1202190629.0,42209820.0,1244400449.0,-1743714593.0,210851307150.0,
052330,코텍,기타,2025,3949226070.0,3265881715.0,158307270.0,3424188985.0,525037085.0,210474829650.0,400.88
474610,RF시스템즈,기타,2025,4105146424.0,1786041360.0,496899221.0,2282940581.0,1822205843.0,210465502080.0,115.5
032620,GC메디아이,기타,2025,16628644141.0,,,0.0,16628644141.0,210093484475.0,12.63
007570,일양약품,기타,2025,12040542630.0,5717220162.0,4719870163.0,10437090325.0,1603452305.0,209942304000.0,130.93
081000,일진다이아,기타,2025,-267700742.0,5953166167.0,2898133724.0,8851299891.0,-9119000633.0,209635911000.0,
307750,국전,기타,2025,10608203206.0,3114113782.0,69826550.0,3183940332.0,7424262874.0,208117140240.0,28.03
003460,유화증권,기타,2025,68028970675.0,157954631.0,0.0,157954631.0,67871016044.0,207530838900.0,3.06
282880,코윈테크,기타,2025,20588529882.0,35817386760.0,247281153.0,36064667913.0,-15476138031.0,207336073860.0,
002100,경농,기타,2025,-7727991902.0,15766572584.0,77746500.0,15844319084.0,-23572310986.0,206939295000.0,
380540,옵티코어,기타,2025,-14779915965.0,447610388.0,5276765.0,452887153.0,-15232803118.0,206658130575.0,
475230,엔알비,기타,2025,3007144561.0,39269240259.0,39134389.0,39308374648.0,-36301230087.0,205440174550.0,
271980,제일약품,기타,2025,-5689659592.0,8032323422.0,1044697397.0,9077020819.0,-14766680411.0,205280013120.0,
101970,우양에이치씨,기타,2025,22861725034.0,757302773.0,20404000.0,777706773.0,22084018261.0,205137424830.0,9.29
432320,KB스타리츠,기타,2025,13774995308.0,,,0.0,13774995308.0,204856855700.0,14.87
115310,인포바인,기타,2025,4701395347.0,235153638.0,97838880.0,332992518.0,4368402829.0,204823444450.0,46.89
005160,동국산업,기타,2025,90050046465.0,,,0.0,90050046465.0,203688029910.0,2.26
119830,아이텍,기타,2025,18759232428.0,10052006176.0,2220292890.0,12272299066.0,6486933362.0,203150967330.0,31.32
234080,JW생명과학,기타,2025,40536761521.0,12554044495.0,879368767.0,13433413262.0,27103348259.0,202998982280.0,7.49
002990,금호건설,기타,2025,51027952185.0,132082363.0,472146616.0,604228979.0,50423723206.0,202742244800.0,4.02
037350,성도이엔지,기타,2025,44358000913.0,19863283123.0,12440000.0,19875723123.0,24482277790.0,201684600000.0,8.24
002230,피에스텍,기타,2025,19125728191.0,1302603692.0,10970700.0,1313574392.0,17812153799.0,201082190000.0,11.29
267320,나인테크,기타,2025,7805019443.0,2647455782.0,73540000.0,2720995782.0,5084023661.0,200953532500.0,39.53
217820,원익피앤이,기타,2025,61370436365.0,1529758769.0,1343072013.0,2872830782.0,58497605583.0,200495511775.0,3.43
158430,아톤,기타,2025,1562108057.0,315100049.0,422679317.0,737779366.0,824328691.0,200263512560.0,242.94
453450,그리드위즈,기타,2025,5402772807.0,,,0.0,5402772807.0,200157300000.0,37.05
460850,동국씨엠,기타,2025,137090788131.0,52769389264.0,429438029.0,53198827293.0,83891960838.0,200022008640.0,2.38
031440,신세계푸드,외식_급식,2025,63502374270.0,18078722308.0,408497267.0,18487219575.0,45015154695.0,199819968000.0,4.44
047770,코데즈컴바인,기타,2025,4563075091.0,126805909.0,7000000.0,133805909.0,4429269182.0,199808938560.0,45.11
000520,삼일제약,기타,2025,568162783.0,7456619280.0,66287393.0,7522906673.0,-6954743890.0,199130824980.0,
123410,코리아에프티,기타,2025,69198862429.0,39637046306.0,,39637046306.0,29561816123.0,199063607600.0,6.73
282720,금양그린파워,기타,2025,15077672267.0,3248952463.0,117680000.0,3366632463.0,11711039804.0,199002190000.0,16.99
046440,KG파이낸셜,기타,2025,17199327074.0,899565660.0,4886808545.0,5786374205.0,11412952869.0,198796494460.0,17.42
015230,대창단조,기타,2025,17704670608.0,28279373643.0,109749080.0,28389122723.0,-10684452115.0,198148426000.0,
002780,진흥기업,기타,2025,-26294748495.0,205879169.0,350362500.0,556241669.0,-26850990164.0,197841573200.0,
007610,선도전기,기타,2025,-1794673485.0,85403585.0,46825550.0,132229135.0,-1926902620.0,197640000000.0,
101170,우림피티에스,기타,2025,3387102105.0,8849131934.0,467921998.0,9317053932.0,-5929951827.0,197505000000.0,
036710,심텍홀딩스,기타,2025,-138993810711.0,70630908106.0,683145266.0,71314053372.0,-210307864083.0,197311661190.0,
100250,진양홀딩스,기타,2025,22954654175.0,40887146934.0,2708064089.0,43595211023.0,-20640556848.0,197131500000.0,
213500,한솔제지,제지,2025,66598315640.0,75729878475.0,1767287103.0,77497165578.0,-10898849938.0,197068769280.0,
054920,한컴위드,기타,2025,6497984719.0,298296811.0,74605460.0,372902271.0,6125082448.0,196955225380.0,32.16
004090,한국석유,기타,2025,6570319290.0,38446827241.0,378140000.0,38824967241.0,-32254647951.0,196758860000.0,
102460,이연제약,기타,2025,1456689953.0,-7915547612.0,0.0,-7915547612.0,9372237565.0,196648460380.0,20.98
122990,와이솔,기타,2025,6084221794.0,21738755854.0,216933022.0,21955688876.0,-15871467082.0,196596417780.0,
088130,동아엘텍,기타,2025,93866495205.0,26004413275.0,646373500.0,26650786775.0,67215708430.0,196534929360.0,2.92
187790,나노,기타,2025,134387710.0,19820186315.0,,19820186315.0,-19685798605.0,196147678800.0,
039830,오로라,기타,2025,19701243103.0,8405970906.0,55682337.0,8461653243.0,11239589860.0,195884598000.0,17.43
340450,지씨지놈,기타,2025,1296946118.0,311388000.0,42990993.0,354378993.0,942567125.0,195592058110.0,207.51
452190,한빛레이저,기타,2025,303415779.0,954052307.0,79719945.0,1033772252.0,-730356473.0,195430950690.0,
264850,이랜시스,기타,2025,5159759425.0,1806278715.0,81641200.0,1887919915.0,3271839510.0,195097301280.0,59.63
106190,하이텍팜,기타,2025,17028160111.0,1926449794.0,,1926449794.0,15101710317.0,194693397630.0,12.89
220260,켐트로스,기타,2025,585175581.0,15257228687.0,0.0,15257228687.0,-14672053106.0,194677373850.0,
006060,화승인더,기타,2025,179998823357.0,60452609672.0,2963211580.0,63415821252.0,116583002105.0,194449800000.0,1.67
012200,계양전기,기타,2025,-20603192143.0,24988717539.0,305986806.0,25294704345.0,-45897896488.0,194098770770.0,
473980,노머스,기타,2025,762782738.0,729281081.0,16821118.0,746102199.0,16680539.0,194056001100.0,11633.68
047310,파워로직스,기타,2025,16636241893.0,22585228842.0,,22585228842.0,-5948986949.0,194037001500.0,
322180,LS티라유텍,기타,2025,-6865968376.0,,,0.0,-6865968376.0,193737571840.0,
082800,비보존 제약,기타,2025,-6868916474.0,1411953656.0,800997633.0,2212951289.0,-9081867763.0,193695734540.0,
056090,시지메드텍,기타,2025,2612675074.0,-11479014959.0,-461067356.0,-11940082315.0,14552757389.0,193507433464.0,13.3
037070,파세코,기타,2025,14065166120.0,2910835665.0,502439525.0,3413275190.0,10651890930.0,193200000000.0,18.14
008970,KBI동양철관,기타,2025,-31594037080.0,8554618306.0,50000000.0,8604618306.0,-40198655386.0,193006447020.0,
126730,코칩,기타,2025,4612617924.0,4616023866.0,6000000.0,4622023866.0,-9405942.0,192942772000.0,
032940,원익,기타,2025,1086643243.0,11138946021.0,142633021.0,11281579042.0,-10194935799.0,192848238000.0,
017550,수산중공업,기계_건설장비,2025,8654331398.0,10579346987.0,2319038756.0,12898385743.0,-4244054345.0,192189320400.0,
115500,케이씨에스,기타,2025,62790389.0,96611000.0,,96611000.0,-33820611.0,192000000000.0,
446540,메가터치,기타,2025,5662510197.0,10596181106.0,,10596181106.0,-4933670909.0,191872105110.0,
001520,동양,기타,2025,-15414980493.0,9508141020.0,187031249.0,9695172269.0,-25110152762.0,191663302589.0,
333430,일승,기타,2025,6728919161.0,277542279.0,0.0,277542279.0,6451376882.0,191120366340.0,29.62
163730,핑거,기타,2025,7004565174.0,261388313.0,176548600.0,437936913.0,6566628261.0,190483002000.0,29.01
149950,아바텍,기타,2025,9871276263.0,345129593.0,,345129593.0,9526146670.0,189981071700.0,19.94
037030,파워넷,기타,2025,21853360190.0,2001979408.0,,2001979408.0,19851380782.0,189816660480.0,9.56
204610,티쓰리,기타,2025,2689128237.0,303322154.0,1386498.0,304708652.0,2384419585.0,189755934000.0,79.58
086890,이수앱지스,기타,2025,11038341356.0,,,0.0,11038341356.0,189581569500.0,17.17
053080,케이엔솔,기타,2025,-35913563936.0,5527395614.0,1188400000.0,6715795614.0,-42629359550.0,189537186060.0,
300080,플리토,기타,2025,10006595983.0,,,0.0,10006595983.0,189317522970.0,18.92
038390,레드캡투어,기타,2025,24928846796.0,912168321.0,554390000.0,1466558321.0,23462288475.0,189112496820.0,8.06
101530,해태제과식품,기타,2025,53023934927.0,32103233487.0,1143916334.0,33247149821.0,19776785106.0,188968174780.0,9.56
143160,아이디스,기타,2025,34767697609.0,3146409931.0,764028870.0,3910438801.0,30857258808.0,188929955700.0,6.12
003480,한진중공업홀딩스,기타,2025,124020000000.0,34840000000.0,629000000.0,35469000000.0,88551000000.0,188695498680.0,2.13
068790,DMS,기타,2025,35978498345.0,,,0.0,35978498345.0,188009965920.0,5.23
001360,삼성제약,기타,2025,-10050871543.0,53860000.0,12709740000.0,12763600000.0,-22814471543.0,187570861368.0,
016790,현대사료,기타,2025,8558304937.0,1257059098.0,2740000.0,1259799098.0,7298505839.0,187340898626.0,25.67
009580,무림P&P,제지,2025,-21566410129.0,161305560893.0,160419000.0,161465979893.0,-183032390022.0,186793130380.0,
071840,롯데하이마트,기타,2025,156549130675.0,19093893771.0,4949926512.0,24043820283.0,132505310392.0,186264847680.0,1.41
005430,한국공항,기타,2025,19856309761.0,30575971669.0,155941600.0,30731913269.0,-10875603508.0,185865038500.0,
365330,에스와이스틸텍,기타,2025,-9890783428.0,3674167164.0,1750000.0,3675917164.0,-13566700592.0,185632700000.0,
114840,아이패밀리에스씨,기타,2025,43047674497.0,,0.0,0.0,43047674497.0,185496129000.0,4.31
322510,제이엘케이,의료AI,2025,-12342197502.0,,,0.0,-12342197502.0,185483681320.0,
086980,쇼박스,기타,2025,-19330361439.0,,,0.0,-19330361439.0,185408480000.0,
008830,대동기어,기타,2025,9634279607.0,25766397421.0,,25766397421.0,-16132117814.0,185142912000.0,
217270,넵튠,기타,2025,8914442960.0,453937917.0,645724400.0,1099662317.0,7814780643.0,185073146280.0,23.68
071200,인피니트헬스케어,기타,2025,13691104684.0,418086846.0,15753638.0,433840484.0,13257264200.0,184437222480.0,13.91
089470,HDC현대EP,기타,2025,18472059299.0,10479077137.0,3129948.0,10482207085.0,7989852214.0,184382000000.0,23.08
321370,센서뷰,기타,2025,-7606904752.0,5394318690.0,1023290136.0,6417608826.0,-14024513578.0,184185389890.0,
077500,유니퀘스트,기타,2025,32537964482.0,461028880.0,323000000.0,784028880.0,31753935602.0,183600867000.0,5.78
092130,이크레더블,기타,2025,13203486326.0,167442500.0,2154980000.0,2322422500.0,10881063826.0,182701412000.0,16.79
290740,액트로,기타,2025,19865943912.0,15936845278.0,70560144.0,16007405422.0,3858538490.0,182176699100.0,47.21
037560,LG헬로비전,기타,2025,121110045200.0,75405685932.0,17990450919.0,93396136851.0,27713908349.0,182000132750.0,6.57
003100,선광,기타,2025,67671350964.0,73842424035.0,1864480.0,73844288515.0,-6172937551.0,181830000000.0,
317400,자이에스앤디,기타,2025,63328065489.0,,,0.0,63328065489.0,181696106200.0,2.87
214420,토니모리,기타,2025,9433323467.0,3128484057.0,3173205249.0,6301689306.0,3131634161.0,181613732450.0,57.99
143240,사람인,기타,2025,12356815372.0,4643978812.0,350915031.0,4994893843.0,7361921529.0,181168499280.0,24.61
009070,KCTC,기타,2025,42755836868.0,27681982608.0,239599405.0,27921582013.0,14834254855.0,180300000000.0,12.15
048870,시너지이노베이션,기타,2025,14777578741.0,5370436896.0,1605518826.0,6975955722.0,7801623019.0,180178739335.0,23.1
016450,한세예스24홀딩스,기타,2025,32924311844.0,207480238898.0,,207480238898.0,-174555927054.0,180000000000.0,
210540,디와이파워,기타,2025,23102288824.0,6913904861.0,1241969060.0,8155873921.0,14946414903.0,179979840400.0,12.04
235980,메드팩토,기타,2025,-13389815130.0,91245200.0,,91245200.0,-13481060330.0,179944385250.0,
400760,NH올원리츠,기타,2025,7711210938.0,,,0.0,7711210938.0,179618729250.0,23.29
049430,코메론,기타,2025,16925262007.0,3441733818.0,63114419.0,3504848237.0,13420413770.0,179421840000.0,13.37
290690,소룩스,기타,2025,-2701492659.0,683158569.0,5528400.0,688686969.0,-3390179628.0,178847509500.0,
166480,코아스템켐온,기타,2025,-13866551052.0,2055504741.0,0.0,2055504741.0,-15922055793.0,178173167120.0,
066620,국보디자인,기타,2025,39624899241.0,,,0.0,39624899241.0,178125000000.0,4.5
107600,새빗켐,2차전지_리사이클링,2025,-12626072794.0,648287080.0,6120000.0,654407080.0,-13280479874.0,177690051000.0,
002170,SYTS,기타,2025,34457787052.0,,5550225.0,5550225.0,34452236827.0,177000000000.0,5.14
172670,에이엘티,기타,2025,12951697350.0,9141697097.0,,9141697097.0,3810000253.0,176785910070.0,46.4
044820,코스맥스비티아이,기타,2025,35173851069.0,30608524519.0,2073795136.0,32682319655.0,2491531414.0,176712146400.0,70.93
086670,비엠티,기타,2025,10149638624.0,10912104814.0,72120396.0,10984225210.0,-834586586.0,176680753000.0,
038290,마크로젠,기타,2025,22347253986.0,35283313799.0,757936405.0,36041250204.0,-13693996218.0,175847508000.0,
293480,하나제약,기타,2025,9176277457.0,,,0.0,9176277457.0,175063518100.0,19.08
042420,네오위즈홀딩스,기타,2025,69575165893.0,982815198.0,3879069097.0,4861884295.0,64713281598.0,175059084500.0,2.71
272550,삼양패키징,기타,2025,48274543434.0,43421244395.0,288344950.0,43709589345.0,4564954089.0,174944193660.0,38.32
462520,조선내화,기타,2025,4024799000.0,20479262000.0,43805000.0,20523067000.0,-16498268000.0,174626624640.0,
090350,노루페인트,기타,2025,32671980429.0,12033066068.0,4284687669.0,16317753737.0,16354226692.0,174600000000.0,10.68
334970,프레스티지바이오로직스,기타,2025,-18307750680.0,5225788706.0,430063908.0,5655852614.0,-23963603294.0,174554670065.0,
049080,기가레인,기타,2025,-8867724201.0,9205161073.0,649037463.0,9854198536.0,-18721922737.0,174435278085.0,
234030,싸이닉솔루션,기타,2025,-2382603460.0,37399088.0,4900000.0,42299088.0,-2424902548.0,174204900000.0,
069510,에스텍,기타,2025,42080165636.0,10799634864.0,241375958.0,11041010822.0,31039154814.0,174123600000.0,5.61
000300,DH오토넥스,기타,2025,6030528715.0,,,0.0,6030528715.0,174035631000.0,28.86
011040,경동제약,기타,2025,16933991730.0,18394484900.0,2117817061.0,20512301961.0,-3578310231.0,173228152580.0,
054540,삼영엠텍,기타,2025,9797760951.0,,32055217.0,32055217.0,9765705734.0,173160000000.0,17.73
242040,나무기술,기타,2025,10146677461.0,,1234975700.0,1234975700.0,8911701761.0,173031320000.0,19.42
297890,HB솔루션,기타,2025,18925369391.0,26824738969.0,15112390.0,26839851359.0,-7914481968.0,172612557040.0,
396300,세아메카닉스,기타,2025,-11676382893.0,4417149205.0,,4417149205.0,-16093532098.0,172446645000.0,
148150,세경하이테크,기타,2025,14563804916.0,71443524253.0,389964433.0,71833488686.0,-57269683770.0,171316382760.0,
047560,이스트소프트,기타,2025,-17681732543.0,2528112458.0,818464425.0,3346576883.0,-21028309426.0,171142693560.0,
023910,대한약품,기타,2025,25604315068.0,25122784957.0,,25122784957.0,481530111.0,171000000000.0,355.12
475580,에이럭스,기타,2025,-160087787.0,3031389048.0,811474650.0,3842863698.0,-4002951485.0,170719997000.0,
007330,푸른저축은행,기타,2025,18020320408.0,1969165000.0,207460000.0,2176625000.0,15843695408.0,170586468000.0,10.77
062970,한국첨단소재,기타,2025,-1569208155.0,-146530500.0,,-146530500.0,-1422677655.0,169267740510.0,
083500,에프엔에스테크,기타,2025,7151438390.0,2644205732.0,33550000.0,2677755732.0,4473682658.0,169113237840.0,37.8
108230,톱텍,기타,2025,-8235823307.0,3594749369.0,0.0,3594749369.0,-11830572676.0,169013324025.0,
033340,좋은사람들,기타,2025,-8196685449.0,1547347911.0,94862517.0,1642210428.0,-9838895877.0,168693970920.0,
067000,조이시티,기타,2025,-1858786200.0,320670258.0,0.0,320670258.0,-2179456458.0,168467304860.0,
013520,화승코퍼레이션,기타,2025,159811772702.0,61779391542.0,2345672273.0,64125063815.0,95686708887.0,168422462980.0,1.76
323990,박셀바이오,기타,2025,-10627367068.0,,,0.0,-10627367068.0,168383177800.0,
105330,케이엔더블유,기타,2025,-1743980856.0,91365277908.0,-1450000.0,91363827908.0,-93107808764.0,168148493160.0,
456070,이엔셀,기타,2025,-10197459796.0,3142263451.0,5630000.0,3147893451.0,-13345353247.0,167883149420.0,
013990,아가방컴퍼니,기타,2025,13375086598.0,4684144155.0,466000000.0,5150144155.0,8224942443.0,167726433600.0,20.39
000020,동화약품,기타,2025,15698716578.0,53174370624.0,2124351527.0,55298722151.0,-39600005573.0,167588820000.0,
388790,라이콤,기타,2025,-951259572.0,216816568.0,2133637.0,218950205.0,-1170209777.0,167459455200.0,
192440,슈피겐코리아,기타,2025,43140165478.0,8676627040.0,676101000.0,9352728040.0,33787437438.0,167220164700.0,4.95
396270,넥스트칩,기타,2025,-12205062299.0,601856891.0,7628588938.0,8230445829.0,-20435508128.0,167068149480.0,
360070,탑머티리얼,기타,2025,782189169.0,32286210753.0,48214029.0,32334424782.0,-31552235613.0,166999357200.0,
041440,현대에버다임,기타,2025,-4990347346.0,2925172265.0,42142719.0,2967314984.0,-7957662330.0,166976598080.0,
004960,한신공영,기타,2025,22386315459.0,1442768675.0,336370771.0,1779139446.0,20607176013.0,166849522840.0,8.1
095190,신화프리텍,기타,2025,15129000942.0,10082089573.0,1158058000.0,11240147573.0,3888853369.0,166740480410.0,42.88
260970,에스앤디,기타,2025,22777571953.0,15610087792.0,200000000.0,15810087792.0,6967484161.0,166622630400.0,23.91
000970,한국주철관,기타,2025,27329183231.0,4345297824.0,37785056.0,4383082880.0,22946100351.0,166443650000.0,7.25
307930,컴퍼니케이,기타,2025,4480183686.0,37605845.0,456850000.0,494455845.0,3985727841.0,166402600000.0,41.75
054800,아이디스홀딩스,기타,2025,43092268840.0,12407512039.0,934717459.0,13342229498.0,29750039342.0,166184961360.0,5.59
040300,YTN,기타,2025,-4701106367.0,642145328.0,337297000.0,979442328.0,-5680548695.0,166154275300.0,
065450,빅텍,기타,2025,9095811131.0,4583267489.0,3594810631.0,8178078120.0,917733011.0,165989946350.0,180.87
079430,현대리바트,건설자재_가구,2025,37954944448.0,15855882018.0,,15855882018.0,22099062430.0,165514372920.0,7.49
024800,유성티엔에스,기타,2025,4389098759.0,617502000.0,,617502000.0,3771596759.0,164695304340.0,43.67
357880,SKAI,기타,2025,-3829677942.0,,,0.0,-3829677942.0,164353300325.0,
067280,멀티캠퍼스,기타,2025,43552902405.0,703386434.0,2092687994.0,2796074428.0,40756827977.0,164171778300.0,4.03
389030,지니너스,기타,2025,-7079975054.0,1335089474.0,44098191.0,1379187665.0,-8459162719.0,163604171600.0,
093640,케이알엠,기타,2025,-4152290409.0,1927302100.0,66323196.0,1993625296.0,-6145915705.0,163377230000.0,
306620,지아이에스,기타,2025,-4667398718.0,2206702811.0,49389000.0,2256091811.0,-6923490529.0,163290843980.0,
003830,대한화섬,기타,2025,-4900198307.0,6638710105.0,25000000.0,6663710105.0,-11563908412.0,162812800000.0,
009270,신원,기타,2025,-18553198456.0,20962422123.0,2077742419.0,23040164542.0,-41593362998.0,162744417274.0,
115440,우리넷,기타,2025,16639217821.0,4694023102.0,55681044.0,4749704146.0,11889513675.0,162562037520.0,13.67
036010,아비코전자,기타,2025,11859840908.0,2730750172.0,0.0,2730750172.0,9129090736.0,161907936120.0,17.74
408470,한패스,기타,2025,3396946582.0,,,0.0,3396946582.0,161434440000.0,47.52
011700,한신기계,기타,2025,-1486021356.0,,,0.0,-1486021356.0,161095139715.0,
041520,이엘씨,기타,2025,-7531718673.0,8576656645.0,95970000.0,8672626645.0,-16204345318.0,160891236000.0,
023600,삼보판지,기타,2025,55743264674.0,40573117209.0,,40573117209.0,15170147465.0,160723332000.0,10.59
012800,대창,기타,2025,-16886151569.0,7106125385.0,93430000.0,7199555385.0,-24085706954.0,160498418739.0,
0007J0,인벤테라,기타,2025,-6343066855.0,133220000.0,130000000.0,263220000.0,-6606286855.0,160460565600.0,
256940,킵스파마,기타,2025,-14920825169.0,31933148608.0,2953734500.0,34886883108.0,-49807708277.0,160424394530.0,
080420,모다이노칩,기타,2025,26993937288.0,49451390372.0,249720182.0,49701110554.0,-22707173266.0,160240460220.0,
027710,팜스토리,기타,2025,77390736399.0,23028343940.0,68500000.0,23096843940.0,54293892459.0,160217070800.0,2.95
021080,에이티넘인베스트,기타,2025,39767670861.0,,0.0,0.0,39767670861.0,160080000000.0,4.03
066410,버킷스튜디오,기타,2025,-6288667499.0,43642740.0,,43642740.0,-6332310239.0,159637252154.0,
000700,유수홀딩스,기타,2025,34135726605.0,2225018190.0,812887591.0,3037905781.0,31097820824.0,159375889440.0,5.12
046070,코다코,기타,2025,-19208471474.0,12614849850.0,,12614849850.0,-31823321324.0,159196994920.0,
262260,에이프로,기타,2025,24477528275.0,6731615813.0,,6731615813.0,17745912462.0,159004990480.0,8.96
214390,경보제약,기타,2025,7455545863.0,41538221191.0,75961540.0,41614182731.0,-34158636868.0,158980619000.0,
085670,뉴프렉스,기타,2025,14735235683.0,7630317042.0,400848029.0,8031165071.0,6704070612.0,158929946500.0,23.71
012320,경동인베스트,기타,2025,4544477081.0,1882232462.0,1484594086.0,3366826548.0,1177650533.0,158456541000.0,134.55
131030,옵투스제약,기타,2025,16225200857.0,44514930091.0,526377389.0,45041307480.0,-28816106623.0,158113446400.0,
014280,금강공업,기타,2025,21874636165.0,45457797261.0,2390939978.0,47848737239.0,-25974101074.0,157791940660.0,
072870,메가스터디,기타,2025,34217653541.0,2340598356.0,1511955760.0,3852554116.0,30365099425.0,157595077980.0,5.19
104460,디와이피엔에프,기타,2025,-24490365706.0,5635180429.0,719204072.0,6354384501.0,-30844750207.0,157561152980.0,
417500,제이아이테크,기타,2025,9319612665.0,15977567065.0,217576300.0,16195143365.0,-6875530700.0,157530694920.0,
182360,큐브엔터,기타,2025,42699881790.0,530617107.0,0.0,530617107.0,42169264683.0,157364471880.0,3.73
078000,텔코웨어,기타,2025,16934383564.0,399449956.0,,399449956.0,16534933608.0,156804106690.0,9.48
215100,로보로보,기타,2025,573641928.0,270377938.0,17650000.0,288027938.0,285613990.0,156683095800.0,548.58
136540,윈스테크넷,기타,2025,16118088520.0,638721410.0,202022885.0,840744295.0,15277344225.0,156321166580.0,10.23
090470,제이스로보틱스,기타,2025,-4459173893.0,2878179574.0,217004000.0,3095183574.0,-7554357467.0,155891218480.0,
005860,한일사료,기타,2025,15738418978.0,,,0.0,15738418978.0,155644555750.0,9.89
156100,엘앤케이바이오,기타,2025,-13879213692.0,2990905587.0,140455095.0,3131360682.0,-17010574374.0,155564024880.0,
093190,빅솔론,기타,2025,-4060777704.0,4487766537.0,73181619.0,4560948156.0,-8621725860.0,155450352400.0,
063570,NICE인프라,기타,2025,82581009235.0,40145733540.0,2578651080.0,42724384620.0,39856624615.0,155372162400.0,3.9
250060,모비스,기타,2025,-2610011577.0,224250640.0,1531500.0,225782140.0,-2835793717.0,155065733480.0,
366030,공구우먼,기타,2025,6399934746.0,196405490.0,117140000.0,313545490.0,6086389256.0,154725795500.0,25.42
149980,하이로닉,기타,2025,-88093847.0,2244852604.0,118963718.0,2363816322.0,-2451910169.0,154718849900.0,
225190,LK삼양,기타,2025,-3829731123.0,3619474593.0,78562000.0,3698036593.0,-7527767716.0,154325883600.0,
025620,차AI헬스케어,기타,2025,-6711883384.0,0.0,599777987.0,599777987.0,-7311661371.0,154187651310.0,
408920,메쎄이상,기타,2025,19722105537.0,289155613.0,92059091.0,381214704.0,19340890833.0,154123702075.0,7.97
021820,세원정공,기타,2025,60355129621.0,20010290941.0,100045000.0,20110335941.0,40244793680.0,154100000000.0,3.83
214680,디알텍,기타,2025,-20132047032.0,6475998267.0,290471217.0,6766469484.0,-26898516516.0,154098645376.0,
067990,도이치모터스,기타,2025,181513816810.0,40782004219.0,1171083622.0,41953087841.0,139560728969.0,154078584000.0,1.1
044990,에이치엔에스하이텍,기타,2025,10698917686.0,15264378825.0,547857521.0,15812236346.0,-5113318660.0,153708500000.0,
004970,신라교역,기타,2025,-13055426424.0,17746075248.0,552193440.0,18298268688.0,-31353695112.0,153600000000.0,
136150,원일티엔아이,기타,2025,-4054661149.0,47612974.0,89472000.0,137084974.0,-4191746123.0,153540469600.0,
002220,한일철강,기타,2025,591991232.0,3624109943.0,817600000.0,4441709943.0,-3849718711.0,153243420400.0,
021320,KCC건설,기타,2025,112941704675.0,9901739304.0,467988.0,9902207292.0,103039497383.0,153224000000.0,1.49
255440,야스,기타,2025,-12094293947.0,549552141.0,181549717.0,731101858.0,-12825395805.0,152517440000.0,
123040,엠에스오토텍,기타,2025,104946063357.0,66863520074.0,222697734.0,67086217808.0,37859845549.0,152499908065.0,4.03
090850,현대이지웰,기타,2025,24217985422.0,413197847.0,16832824328.0,17246022175.0,6971963247.0,152451637620.0,21.87
382840,원준,기타,2025,32555152538.0,20709000.0,847539331.0,868248331.0,31686904207.0,152410378380.0,4.81
045970,코아시아,기타,2025,12961694124.0,18917213502.0,507466500.0,19424680002.0,-6462985878.0,152363132040.0,
217950,파마리서치바이오,기타,2025,13426892820.0,14156923300.0,408808000.0,14565731300.0,-1138838480.0,151851612000.0,
005990,매일홀딩스,기타,2025,73199585775.0,29610209594.0,9888737778.0,39498947372.0,33700638403.0,150802767360.0,4.47
336680,탑런토탈솔루션,기타,2025,-9106013178.0,22430979680.0,2144190103.0,24575169783.0,-33681182961.0,150710398300.0,
263720,디앤씨미디어,기타,2025,15054205467.0,199018574.0,1500958069.0,1699976643.0,13354228824.0,150440602920.0,11.27
094280,효성ITX,기타,2025,35145692389.0,12380577869.0,1388135069.0,13768712938.0,21376979451.0,150256600000.0,7.03
070960,모나용평,기타,2025,-20819619400.0,18883987184.0,19646720.0,18903633904.0,-39723253304.0,150175998960.0,
109740,디에스케이,기타,2025,-10711183688.0,447648423.0,295578958.0,743227381.0,-11454411069.0,150148677600.0,
083420,그린케미칼,기타,2025,16665226396.0,11901342968.0,,11901342968.0,4763883428.0,150000000000.0,31.49
038110,에코플라스틱,기타,2025,36331962000.0,179730517000.0,4579749000.0,184310266000.0,-147978304000.0,149444813100.0,
013310,아진산업,기타,2025,-8726553172.0,226896249169.0,308158000.0,227204407169.0,-235930960341.0,149211307790.0,
464490,쿼드메디슨,기타,2025,-4547392509.0,2190643885.0,224454530.0,2415098415.0,-6962490924.0,149037826740.0,
049960,쎌바이오텍,기타,2025,11109096947.0,3104600360.0,100611626.0,3205211986.0,7903884961.0,148896000000.0,18.84
015890,태경산업,기타,2025,73423231338.0,26862256582.0,1107327929.0,27969584511.0,45453646827.0,148482050000.0,3.27
053700,삼보모터스,기타,2025,88379174706.0,92433071734.0,1873464207.0,94306535941.0,-5927361235.0,148478563350.0,
0015S0,페스카로,기타,2025,3828810830.0,,,0.0,3828810830.0,147803615400.0,38.6
298000,효성화학,기타,2025,-85023022547.0,43945126736.0,57299815.0,44002426551.0,-129025449098.0,147501447900.0,
310200,애니플러스,기타,2025,85644590005.0,1290782968.0,30530451954.0,31821234922.0,53823355083.0,147360011700.0,2.74
008040,사조동아원,기타,2025,37833636897.0,3536262937.0,56100000.0,3592362937.0,34241273960.0,147213817800.0,4.3
042510,라온시큐어,기타,2025,6719210859.0,889298978.0,48239500.0,937538478.0,5781672381.0,147011882880.0,25.43
007540,샘표,기타,2025,61795520420.0,22671652117.0,185046613.0,22856698730.0,38938821690.0,146953380000.0,3.77
011280,태림포장,기타,2025,-33133149000.0,,,0.0,-33133149000.0,146922325500.0,
035000,HS애드,기타,2025,-10882954390.0,2138420029.0,3780252772.0,5918672801.0,-16801627191.0,145706719560.0,
159010,아스플로,기타,2025,-1781481587.0,4150951608.0,208000000.0,4358951608.0,-6140433195.0,145615349880.0,
263860,지니언스,기타,2025,6032941125.0,280090728.0,32276509.0,312367237.0,5720573888.0,145455192000.0,25.43
100130,동국S&C,풍력,2025,66145163767.0,157236000.0,0.0,157236000.0,65987927767.0,145428935000.0,2.2
129920,대성하이텍,기타,2025,-4788624940.0,,,0.0,-4788624940.0,145379561800.0,
096250,와이즈넛,기타,2025,-519180737.0,-1782155500.0,-118842587.0,-1900998087.0,1381817350.0,145207211520.0,105.08
413630,씨피시스템,기타,2025,3986573445.0,758784580.0,3688100.0,762472680.0,3224100765.0,145199954610.0,45.04
066310,큐에스아이,기타,2025,4745721814.0,1625220899.0,0.0,1625220899.0,3120500915.0,145193584860.0,46.53
027970,한국제지,기타,2025,50093009781.0,9394896397.0,26622986.0,9421519383.0,40671490398.0,145105994831.0,3.57
107590,미원홀딩스,기타,2025,28596186833.0,2334137036.0,107100562.0,2441237598.0,26154949235.0,145000000000.0,5.54
122450,KX,기타,2025,71978777255.0,7577759286.0,8235132386.0,15812891672.0,56165885583.0,144992162990.0,2.58
476040,오가노이드사이언스,기타,2025,-13989498800.0,,,0.0,-13989498800.0,144886720000.0,
001290,상상인증권,기타,2025,379074757409.0,232990600.0,3003796097.0,3236786697.0,375837970712.0,144738392320.0,0.39
071280,로체시스템즈,기타,2025,22999247354.0,2892058384.0,2883166839.0,5775225223.0,17224022131.0,144552898350.0,8.39
240550,동방메디컬,기타,2025,12023557020.0,,,0.0,12023557020.0,144444186000.0,12.01
331740,아우토크립트,기타,2025,-11804353144.0,1318955169.0,2502325294.0,3821280463.0,-15625633607.0,144392923710.0,
006620,동구바이오제약,기타,2025,-4287240588.0,17656430138.0,2796058120.0,20452488258.0,-24739728846.0,144317509440.0,
004250,NPC,기타,2025,23741404645.0,67355028816.0,283496114.0,67638524930.0,-43897120285.0,144309600000.0,
141000,비아트론,기타,2025,26976804251.0,748097367.0,1340277326.0,2088374693.0,24888429558.0,144286196100.0,5.8
139990,아주스틸,기타,2025,-19486645225.0,4923068564.0,429438029.0,5352506593.0,-24839151818.0,144170140080.0,
493330,지에프아이,기타,2025,3252828890.0,1496487090.0,43425133.0,1539912223.0,1712916667.0,144040237500.0,84.09
049950,미래컴퍼니,기타,2025,-13777237535.0,735875715.0,84847548.0,820723263.0,-14597960798.0,143907866880.0,
049720,고려신용정보,기타,2025,17522353108.0,1262314249.0,203600000.0,1465914249.0,16056438859.0,143572000000.0,8.94
443670,에스피소프트,기타,2025,3304078929.0,,,0.0,3304078929.0,143005245760.0,43.28
109610,에스와이,기타,2025,-15280643272.0,10050592446.0,1750000.0,10052342446.0,-25332985718.0,142565071000.0,
007210,벽산,기타,2025,36401237229.0,24747023304.0,90964385.0,24837987689.0,11563249540.0,142484800000.0,12.32
217330,싸이토젠,기타,2025,-6954150411.0,1970342604.0,67427995.0,2037770599.0,-8991921010.0,142478009520.0,
004140,동방,기타,2025,9736914504.0,15697556769.0,2664907900.0,18362464669.0,-8625550165.0,142476145020.0,
089230,THE E&M,기타,2025,-8861785942.0,-564400000.0,0.0,-564400000.0,-8297385942.0,142198100910.0,
002460,HS화성,기타,2025,52707607941.0,291553272.0,,291553272.0,52416054669.0,142100000000.0,2.71
123690,한국화장품,기타,2025,2911124120.0,730870011.0,62081772.0,792951783.0,2118172337.0,142041120000.0,67.06
020120,키다리스튜디오,기타,2025,21344755624.0,658640363.0,8631777121.0,9290417484.0,12054338140.0,141954223780.0,11.78
024090,디씨엠,기타,2025,7192393457.0,1969341705.0,,1969341705.0,5223051752.0,141588000000.0,27.11
363280,티와이홀딩스,기타,2025,-45502331784.0,4169738843.0,159800000.0,4329538843.0,-49831870627.0,141201950400.0,
052420,오성첨단소재,기타,2025,28044556267.0,2102283463.0,72647463.0,2174930926.0,25869625341.0,141064299008.0,5.45
002620,제일파마홀딩스,기타,2025,390261554.0,8283449272.0,1044697397.0,9328146669.0,-8937885115.0,141044724650.0,
079810,APS이노베이션,기타,2025,27949973355.0,,,0.0,27949973355.0,140578453820.0,5.03
350520,이지스레지던스리츠,기타,2025,1800568723.0,,,0.0,1800568723.0,140275898610.0,77.91
067900,와이엔텍,기타,2025,35334524723.0,48658206302.0,,48658206302.0,-13323681579.0,140137374300.0,
002390,한독,기타,2025,3982491151.0,13861625171.0,1976392098.0,15838017269.0,-11855526118.0,139837495280.0,
205100,엑셈,기타,2025,10661662905.0,616538157.0,282371749.0,898909906.0,9762752999.0,139605685425.0,14.3
246710,티앤알바이오팹,기타,2025,-7465731904.0,,,0.0,-7465731904.0,139180351680.0,
089600,KT나스미디어,기타,2025,35289833979.0,351795191.0,626162440.0,977957631.0,34311876348.0,139165000890.0,4.06
309960,LB인베스트먼트,기타,2025,5644050251.0,20821020.0,173740000.0,194561020.0,5449489231.0,139071261610.0,25.52
013570,디와이,기타,2025,37915826034.0,57505461746.0,3212361937.0,60717823683.0,-22801997649.0,138967662240.0,
014710,사조씨푸드,기타,2025,-34381798575.0,3342269414.0,13746209.0,3356015623.0,-37737814198.0,138953642010.0,
004150,한솔홀딩스,기타,2025,53126969000.0,7279175000.0,1576295000.0,8855470000.0,44271499000.0,138464842500.0,3.13
052260,현대바이오랜드,기타,2025,19481530240.0,4001979302.0,72166185.0,4074145487.0,15407384753.0,138300000000.0,8.98
010100,한국무브넥스,기타,2025,43150833788.0,44275315645.0,107566609.0,44382882254.0,-1232048466.0,137635898400.0,
016710,대성홀딩스,기타,2025,55626718303.0,28491987673.0,299880000.0,28791867673.0,26834850630.0,137403979860.0,5.12
451220,아이엠티,기타,2025,1071930135.0,8272282481.0,139155120.0,8411437601.0,-7339507466.0,137333215840.0,
317770,엑스페릭스,기타,2025,-2503475411.0,959203200.0,898039426.0,1857242626.0,-4360718037.0,137189409200.0,
016740,두올,기타,2025,50653713341.0,20675571358.0,452490852.0,21128062210.0,29525651131.0,137061834720.0,4.64
226400,오스테오닉,기타,2025,9015867626.0,8692292859.0,258485007.0,8950777866.0,65089760.0,136573182610.0,2098.23
187870,디바이스,기타,2025,6070234012.0,4213358498.0,,4213358498.0,1856875514.0,135947285880.0,73.21
005800,신영와코루,기타,2025,8949563933.0,,3322068700.0,3322068700.0,5627495233.0,135900000000.0,24.15
131370,알서포트,기타,2025,6843677694.0,294589593.0,15478620.0,310068213.0,6533609481.0,135831061650.0,20.79
014530,극동유화,기타,2025,21739788305.0,24293150401.0,63900000.0,24357050401.0,-2617262096.0,135816390900.0,
267290,경동도시가스,기타,2025,56390723164.0,21372694609.0,5882515600.0,27255210209.0,29135512955.0,135594338000.0,4.65
025950,동신건설,기타,2025,-4008108462.0,,,0.0,-4008108462.0,135408000000.0,
019180,티에이치엔,기타,2025,72114548873.0,18382531581.0,,18382531581.0,53732017292.0,135180000000.0,2.52
463020,뉴엔AI,기타,2025,972000000.0,448000000.0,,448000000.0,524000000.0,134786256000.0,257.23
117670,알파칩스,기타,2025,2791309642.0,112459889.0,791325000.0,903784889.0,1887524753.0,134567188400.0,71.29
273640,와이엠텍,기타,2025,3688553390.0,,0.0,0.0,3688553390.0,134333500000.0,36.42
047820,초록뱀미디어,기타,2025,35983301673.0,2376017416.0,10560480170.0,12936497586.0,23046804087.0,134252075700.0,5.83
228670,레이,기타,2025,12849772558.0,1625836610.0,1996069874.0,3621906484.0,9227866074.0,134191380180.0,14.54
039980,폴라리스AI,기타,2025,-4489874483.0,212863856.0,88180000.0,301043856.0,-4790918339.0,133912946000.0,
023900,풍국주정,기타,2025,23432920752.0,21993855655.0,,21993855655.0,1439065097.0,133686000000.0,92.9
095270,웨이브일렉트로,기타,2025,10573912218.0,1602120218.0,1530404582.0,3132524800.0,7441387418.0,133519651740.0,17.94
014580,태경비케이,기타,2025,64464345681.0,22426692836.0,299000000.0,22725692836.0,41738652845.0,133364288500.0,3.2
007110,일신석재,기타,2025,3140941593.0,505168996.0,189455244.0,694624240.0,2446317353.0,132915542760.0,54.33
265740,엔에프씨,기타,2025,1263511862.0,5545008800.0,141795037.0,5686803837.0,-4423291975.0,132726548000.0,
023800,인지컨트롤스,기타,2025,75853785799.0,30345726637.0,,30345726637.0,45508059162.0,132639162830.0,2.91
086710,선진뷰티사이언스,기타,2025,10462788177.0,18464496932.0,944536696.0,19409033628.0,-8946245451.0,132527620800.0,
088280,쏘닉스,기타,2025,-1241391791.0,4634988706.0,329812500.0,4964801206.0,-6206192997.0,132221583600.0,
042500,링네트,기타,2025,-9339572217.0,139593423.0,3180000.0,142773423.0,-9482345640.0,132186483920.0,
381620,제닉스로보틱스,기타,2025,1698447399.0,,,0.0,1698447399.0,132097454400.0,77.78
269620,시스웍,기타,2025,-41662795.0,,,0.0,-41662795.0,132090012299.0,
035080,그래디언트,기타,2025,12871431261.0,22312786762.0,995628025.0,23308414787.0,-10436983526.0,132031330200.0,
067830,세이브존I&C,기타,2025,12436729490.0,1197218400.0,,1197218400.0,11239511090.0,131946477425.0,11.74
396470,워트,기타,2025,1929649779.0,54698499.0,23550000.0,78248499.0,1851401280.0,131378000000.0,70.96
004080,신흥,기타,2025,1927087418.0,3513281688.0,6358636.0,3519640324.0,-1592552906.0,131318000000.0,
095720,웅진씽크빅,기타,2025,78825473935.0,3539196964.0,11106858143.0,14646055107.0,64179418828.0,131156913334.0,2.04
000440,중앙에너비스,기타,2025,513496500.0,29303860.0,37500000.0,66803860.0,446692640.0,131081086500.0,293.45
389140,포바이포,기타,2025,-2622964972.0,184701640.0,15338011.0,200039651.0,-2823004623.0,130853469950.0,
036580,팜스코,기타,2025,53114673808.0,12433473587.0,339463991.0,12772937578.0,40341736230.0,130751477080.0,3.24
014790,HL D&I,기타,2025,75485206173.0,1811767447.0,1357577758.0,3169345205.0,72315860968.0,130612173450.0,1.81
432470,케이엔에스,기타,2025,-10169115603.0,1073920044.0,139705239.0,1213625283.0,-11382740886.0,130433037720.0,
088390,이녹스,기타,2025,-4510514997.0,7880030462.0,91812059.0,7971842521.0,-12482357518.0,130369373160.0,
054050,농우바이오,기타,2025,14929777764.0,,19856609.0,19856609.0,14909921155.0,129847544100.0,8.71
009780,엠에스씨,기타,2025,28207072933.0,,0.0,0.0,28207072933.0,129712000000.0,4.6
029480,광무,기타,2025,-15639955276.0,156401545.0,61000000.0,217401545.0,-15857356821.0,129590516440.0,
227840,현대코퍼레이션홀딩스,기타,2025,23277591000.0,2621963000.0,9325000.0,2631288000.0,20646303000.0,129140862840.0,6.25
337930,젝시믹스,기타,2025,2719119823.0,1751085625.0,753978687.0,2505064312.0,214055511.0,129092666250.0,603.08
078890,가온그룹,기타,2025,2181772452.0,6727035383.0,4416057938.0,11143093321.0,-8961320869.0,127684854990.0,
014160,대영포장,기타,2025,13348861378.0,34430044259.0,,34430044259.0,-21081182881.0,127580384173.0,
053260,금강철강,기타,2025,5495784469.0,274384601.0,0.0,274384601.0,5221399868.0,127483200000.0,24.42
005870,휴니드,기타,2025,-36417942208.0,3374816040.0,214400.0,3375030440.0,-39792972648.0,127467615450.0,
036220,오상헬스케어,기타,2025,6213105783.0,16094394419.0,2915324899.0,19009719318.0,-12796613535.0,127353802400.0,
225530,HC보광산업,기타,2025,14204015279.0,2028607480.0,0.0,2028607480.0,12175407799.0,127185544500.0,10.45
100590,머큐리,기타,2025,11021875098.0,1019435447.0,3100000.0,1022535447.0,9999339651.0,127004028450.0,12.7
019680,대교,기타,2025,38362686193.0,17324232391.0,6697805066.0,24022037457.0,14340648736.0,126800166450.0,8.84
054620,APS,기타,2025,-11736789824.0,,1327245934.0,1327245934.0,-13064035758.0,126736182690.0,
950130,엑세스바이오,기타,2025,-20338025.0,,,0.0,-20338025.0,126010958880.0,
411080,샌즈랩,기타,2025,324925217.0,594828800.0,536250000.0,1131078800.0,-806153583.0,125805337120.0,
036690,코맥스,기타,2025,-4143227279.0,156270384.0,221796658.0,378067042.0,-4521294321.0,125692107675.0,
092040,아미코젠,기타,2025,-24424732856.0,3707662033.0,63252941.0,3770914974.0,-28195647830.0,125625278086.0,
063170,서울옥션,기타,2025,3741204331.0,3267643229.0,,3267643229.0,473561102.0,125486325020.0,264.98
032300,한국파마,기타,2025,2686515317.0,1250846854.0,81200000.0,1332046854.0,1354468463.0,125208927480.0,92.44
004100,태양금속,기타,2025,-7473932438.0,18918128265.0,109700000.0,19027828265.0,-26501760703.0,125147000000.0,
120030,조선선재,기타,2025,9089355241.0,627782203.0,,627782203.0,8461573038.0,125136274500.0,14.79
489460,바이오비쥬,기타,2025,-2770986581.0,348762045.0,437301555.0,786063600.0,-3557050181.0,124868769000.0,
073560,우리손에프앤지,기타,2025,51139156998.0,12514103149.0,62260000.0,12576363149.0,38562793849.0,124627757400.0,3.23
049520,유아이엘,기타,2025,47634870884.0,-12460949711.0,-2053050891.0,-14514000602.0,62148871486.0,124604205000.0,2.0
475430,키스트론,기타,2025,10334102463.0,4654544232.0,,4654544232.0,5679558231.0,124579807800.0,21.93
248170,샘표식품,기타,2025,58312887428.0,22323373117.0,168746613.0,22492119730.0,35820767698.0,124257379200.0,3.47
100700,세운메디칼,기타,2025,17773229960.0,1690513182.0,8798201.0,1699311383.0,16073918577.0,124173000000.0,7.73
038540,상상인,기타,2025,404568920667.0,2210866493.0,4056344172.0,6267210665.0,398301710002.0,123382137990.0,0.31
370090,퓨런티어,기타,2025,-5481581041.0,80138795.0,70858300.0,150997095.0,-5632578136.0,122533805600.0,
0015N0,아로마티카,기타,2025,5103479798.0,224199500.0,45814623.0,270014123.0,4833465675.0,122064480000.0,25.25
015590,DKME,기타,2025,-4374536630.0,663587000.0,0.0,663587000.0,-5038123630.0,122045495160.0,
091120,이엠텍,기타,2025,-15834721160.0,10476418418.0,,10476418418.0,-26311139578.0,121815174960.0,
339950,아이비김영,기타,2025,32836012272.0,3655248282.0,372302220.0,4027550502.0,28808461770.0,121805435050.0,4.23
003310,대주산업,기타,2025,14912531586.0,2213387486.0,101085040.0,2314472526.0,12598059060.0,121749684000.0,9.66
330730,스톤브릿지벤처스,기타,2025,2554344712.0,,141779990.0,141779990.0,2412564722.0,121695104400.0,50.44
142210,유니트론텍,기타,2025,-22160199452.0,634405279.0,962118107.0,1596523386.0,-23756722838.0,121188193520.0,
217190,제너셈,기타,2025,-2127018772.0,,241035621.0,241035621.0,-2368054393.0,120751525980.0,
417970,모델솔루션,기타,2025,2811961226.0,694798850.0,928601308.0,1623400158.0,1188561068.0,120577795000.0,101.45
267850,아시아나IDT,기타,2025,7524856259.0,652280000.0,,652280000.0,6872576259.0,120546000000.0,17.54
192410,오늘이엔엠,기타,2025,-5192368493.0,317924284.0,,317924284.0,-5510292777.0,120386855760.0,
223250,드림씨아이에스,기타,2025,14065261506.0,525748878.0,142838000.0,668586878.0,13396674628.0,120173168940.0,8.97
251120,바이오에프디엔씨,기타,2025,7278678960.0,,,0.0,7278678960.0,120087617000.0,16.5
001020,페이퍼코리아,기타,2025,20313174483.0,10774531103.0,14500000.0,10789031103.0,9524143380.0,119960752962.0,12.6
357230,에이치피오,기타,2025,4949163980.0,5308861745.0,228660323.0,5537522068.0,-588358088.0,119751080400.0,
018120,진로발효,기타,2025,17937159323.0,1965823512.0,,1965823512.0,15971335811.0,119445004800.0,7.48
063080,컴투스홀딩스,기타,2025,-24064364155.0,479240825.0,,479240825.0,-24543604980.0,119307023280.0,
081180,쎄크,기타,2025,-5312512488.0,1804150907.0,1810391302.0,3614542209.0,-8927054697.0,119232977850.0,
059210,메타바이오메드,기타,2025,19832876154.0,20304044433.0,156737144.0,20460781577.0,-627905423.0,119146786325.0,
026150,특수건설,기타,2025,19310447090.0,27523863064.0,188504820.0,27712367884.0,-8401920794.0,119139587490.0,
024880,케이피에프,기타,2025,50718882035.0,16043275970.0,3544226092.0,19587502062.0,31131379973.0,118153738440.0,3.8
025550,한국선재,기타,2025,-2935148237.0,37165340795.0,780037090.0,37945377885.0,-40880526122.0,118129838520.0,
053580,웹케시,기타,2025,12712627500.0,,,0.0,12712627500.0,118014911960.0,9.28
330350,위더스제약,기타,2025,6781020027.0,1297913843.0,1816602081.0,3114515924.0,3666504103.0,117895101270.0,32.15
448710,코츠테크놀로지,기타,2025,6260966511.0,44154048558.0,168476536.0,44322525094.0,-38061558583.0,117862011600.0,
078140,대봉엘에스,기타,2025,8906318718.0,39457115534.0,171802859.0,39628918393.0,-30722599675.0,117850334770.0,
074430,아미노로직스,기타,2025,2540503584.0,,,0.0,2540503584.0,117600144116.0,46.29
034590,인천도시가스,기타,2025,39090770520.0,15628987174.0,467400000.0,16096387174.0,22994383346.0,117462144900.0,5.11
008260,NI스틸,기타,2025,39894675075.0,41966435902.0,8682522660.0,50648958562.0,-10754283487.0,117260479700.0,
298540,더네이쳐홀딩스,기타,2025,40952462379.0,21838108121.0,131103320.0,21969211441.0,18983250938.0,117194862740.0,6.17
051160,지어소프트,기타,2025,31549177043.0,1493146065.0,1306860786.0,2800006851.0,28749170192.0,117141435100.0,4.07
101670,하이드로리튬,기타,2025,-10172805609.0,2930370791.0,,2930370791.0,-13103176400.0,116961005220.0,
079980,휴비스,기타,2025,37605510850.0,14507851842.0,332529679.0,14840381521.0,22765129329.0,116782500000.0,5.13
348350,위드텍,기타,2025,10453644940.0,580849255.0,27543369.0,608392624.0,9845252316.0,116649834000.0,11.85
099750,이지케어텍,기타,2025,10867349921.0,249996604.0,11605000.0,261601604.0,10605748317.0,116512745690.0,10.99
290720,푸드나무,기타,2025,-15214628637.0,1390817731.0,33677506.0,1424495237.0,-16639123874.0,116429900730.0,
388870,파로스아이바이오,기타,2025,-8347267822.0,15224135.0,27500000.0,42724135.0,-8389991957.0,116383928680.0,
331920,셀레믹스,기타,2025,-3597118847.0,165787350.0,,165787350.0,-3762906197.0,116339109000.0,
041590,플래스크,기타,2025,-2152315403.0,132634334.0,4005760.0,136640094.0,-2288955497.0,116064014460.0,
424960,스마트레이더시스템,기타,2025,-3882517090.0,387860466.0,22018472.0,409878938.0,-4292396028.0,116055174400.0,
205500,넥써쓰,기타,2025,-8786888817.0,-754148829.0,-32708391420.0,-33462540249.0,24675651432.0,116042899190.0,4.7
096240,크레버스,기타,2025,20904603039.0,3929296866.0,2151548113.0,6080844979.0,14823758060.0,115972344000.0,7.82
036420,콘텐트리중앙,기타,2025,-261438473.0,52638639045.0,7637770522.0,60276409567.0,-60537848040.0,115381224920.0,
038460,바이오스마트,기타,2025,24072875311.0,33244881931.0,519949524.0,33764831455.0,-9691956144.0,114872793390.0,
317830,에스피시스템스,기타,2025,4978986880.0,1000975572.0,80363500.0,1081339072.0,3897647808.0,114848899880.0,29.47
008700,아남전자,기타,2025,11926056.0,1268773.0,79589.0,1348362.0,10577694.0,114761732160.0,10849.41
086960,MDS테크,기타,2025,16117117994.0,1783724606.0,2256284055.0,4040008661.0,12077109333.0,114502048300.0,9.48
024740,한일단조,기타,2025,8259669632.0,7634081952.0,,7634081952.0,625587680.0,114317245275.0,182.74
096350,대창솔루션,기타,2025,-4493105909.0,,,0.0,-4493105909.0,114249762200.0,
460940,피앤에스로보틱스,기타,2025,-1581900173.0,1769568762.0,30401518.0,1799970280.0,-3381870453.0,114100774400.0,
277880,티에스아이,기타,2025,46906827272.0,14843490793.0,1280209250.0,16123700043.0,30783127229.0,114098469000.0,3.71
305090,마이크로디지탈,기타,2025,-5619899133.0,6815737818.0,,6815737818.0,-12435636951.0,113987687150.0,
265560,영화테크,기타,2025,31679767175.0,15839491535.0,352359556.0,16191851091.0,15487916084.0,113957318800.0,7.36
418470,KT밀리의서재,기타,2025,12772373694.0,475794000.0,822668915.0,1298462915.0,11473910779.0,113239730580.0,9.87
017370,우신시스템,기타,2025,90111262695.0,19755478231.0,772726908.0,20528205139.0,69583057556.0,113180853720.0,1.63
000230,일동홀딩스,기타,2025,26864759355.0,14036053791.0,3857702125.0,17893755916.0,8971003439.0,112865112000.0,12.58
094840,슈프리마에이치큐,기타,2025,4390424623.0,790277916.0,21121374.0,811399290.0,3579025333.0,112770253500.0,31.51
463480,모티브링크,기타,2025,-381834943.0,3401147158.0,,3401147158.0,-3782982101.0,112752257800.0,
131400,이브이첨단소재,기타,2025,-3485263633.0,3267780745.0,11366100.0,3279146845.0,-6764410478.0,112628656980.0,
033290,로젠,기타,2025,57137149327.0,-32621916035.0,-6705407307.0,-39327323342.0,96464472669.0,112200289398.0,1.16
377480,마음AI,기타,2025,-5854070805.0,411202597.0,,411202597.0,-6265273402.0,112200139500.0,
003580,HLB글로벌,기타,2025,-8453730540.0,669040830.0,253291651.0,922332481.0,-9376063021.0,111966346050.0,
002450,삼익악기,기타,2025,28047301855.0,18209272964.0,311874680.0,18521147644.0,9526154211.0,111715149110.0,11.73
058850,KTcs,기타,2025,53449865118.0,5979030158.0,1746711559.0,7725741717.0,45724123401.0,111170948250.0,2.43
006840,AK홀딩스,기타,2025,46396810566.0,402963470339.0,4493981927.0,407457452266.0,-361060641700.0,111147036790.0,
278650,HLB바이오스텝,기타,2025,3086102179.0,1972989773.0,86529143.0,2059518916.0,1026583263.0,110870043648.0,108.0
311320,지오엘리먼트,기타,2025,7306477415.0,4404852314.0,10373000.0,4415225314.0,2891252101.0,110755836800.0,38.31
065440,이루온,기타,2025,-978822522.0,,,0.0,-978822522.0,110600206100.0,
412350,레이저쎌,기타,2025,-8429368030.0,31811000.0,,31811000.0,-8461179030.0,110574260120.0,
067290,JW신약,기타,2025,6029892247.0,1594752599.0,5132000.0,1599884599.0,4430007648.0,110561204219.0,24.96
439580,블루엠텍,기타,2025,5008086482.0,1943288200.0,24349165.0,1967637365.0,3040449117.0,110339743220.0,36.29
046940,우원개발,기타,2025,53045614252.0,1979442683.0,1502402131.0,3481844814.0,49563769438.0,110253535000.0,2.22
066700,테라젠이텍스,기타,2025,10971784728.0,2575996092.0,2620478800.0,5196474892.0,5775309836.0,109971032960.0,19.04
048530,인트론바이오,기타,2025,-5208533333.0,,,0.0,-5208533333.0,109858587450.0,
323350,다원넥스뷰,기타,2025,4951155097.0,624960037.0,23036400.0,647996437.0,4303158660.0,109747576400.0,25.5
011810,STX,기타,2025,34501000000.0,1611000000.0,,1611000000.0,32890000000.0,109493282310.0,3.33
101330,모베이스,기타,2025,105025141951.0,57783131416.0,6109184468.0,63892315884.0,41132826067.0,109485447170.0,2.66
208370,셀바스헬스케어,기타,2025,304754296.0,856795262.0,244900000.0,1101695262.0,-796940966.0,109397397000.0,
105740,디케이락,기타,2025,-1306371946.0,4500750217.0,761480385.0,5262230602.0,-6568602548.0,109311514750.0,
303810,동국생명과학,기타,2025,433647784.0,5690723190.0,,5690723190.0,-5257075406.0,109225838100.0,
382480,지아이텍,기타,2025,7075094481.0,11640465404.0,133750045.0,11774215449.0,-4699120968.0,109216063500.0,
059270,해성에어로보틱스,기타,2025,1645184509.0,-86860655.0,,-86860655.0,1732045164.0,109084971230.0,62.98
040910,아이씨디,기타,2025,8007895541.0,693214800.0,180102450.0,873317250.0,7134578291.0,109030994250.0,15.28
039340,한국경제TV,기타,2025,4629520514.0,264156878.0,706862000.0,971018878.0,3658501636.0,109010000000.0,29.8
048550,SM C&C,기타,2025,-23442440127.0,306348711.0,9652460543.0,9958809254.0,-33401249381.0,108997376740.0,
030960,양지사,기타,2025,1322345038.0,,,0.0,1322345038.0,108664000000.0,82.18
084670,동양고속,기타,2025,9356854413.0,7017198368.0,,7017198368.0,2339656045.0,108583837500.0,46.41
264900,크라운제과,기타,2025,21197110829.0,3839132697.0,143440527.0,3982573224.0,17214537605.0,108331302500.0,6.29
011370,서한,기타,2025,123634396285.0,0.0,0.0,0.0,123634396285.0,108260190145.0,0.88
023450,동남합성,기타,2025,15236919811.0,1188552039.0,,1188552039.0,14048367772.0,108150000000.0,7.7
419050,삼기에너지솔루션즈,기타,2025,5531377464.0,8975086146.0,,8975086146.0,-3443708682.0,108043697360.0,
032560,황금에스티,기타,2025,24082514751.0,16857895382.0,83716700.0,16941612082.0,7140902669.0,107270000000.0,15.02
066590,스모트로닉,기타,2025,10193798777.0,29246921137.0,3265600.0,29250186737.0,-19056387960.0,107137885490.0,
362320,청담글로벌,기타,2025,-21811989227.0,1081237407.0,473297722.0,1554535129.0,-23366524356.0,107025527400.0,
019990,에너토크,기타,2025,167139828.0,1044569828.0,0.0,1044569828.0,-877430000.0,107024285360.0,
413390,엠오티,기타,2025,4718342789.0,,,0.0,4718342789.0,107000863200.0,22.68
063160,종근당바이오,기타,2025,-4142995290.0,6805242793.0,14800000.0,6820042793.0,-10963038083.0,106976259000.0,
006140,피제이전자,기타,2025,26883872481.0,4771284545.0,515690000.0,5286974545.0,21596897936.0,106879350000.0,4.95
005740,크라운해태홀딩스,기타,2025,72515919765.0,37173833165.0,1328737280.0,38502570445.0,34013349320.0,106752424930.0,3.14
006660,삼성공조,기타,2025,15381753261.0,1298844296.0,,1298844296.0,14082908965.0,106698502820.0,7.58
315640,딥노이드,기타,2025,-6356531884.0,881589211.0,,881589211.0,-7238121095.0,106621202160.0,
014970,삼륭물산,기타,2025,1331843239.0,898079065.0,,898079065.0,433764174.0,106591750000.0,245.74
002200,한국수출포장,기타,2025,6311719497.0,5907599945.0,,5907599945.0,404119552.0,106590000000.0,263.76
173130,오파스넷,기타,2025,31659806005.0,,,0.0,31659806005.0,106589684410.0,3.37
082850,우리바이오,기타,2025,34822910119.0,21846793340.0,568920909.0,22415714249.0,12407195870.0,105877622930.0,8.53
009300,삼아제약,기타,2025,10723089034.0,1370002285.0,408530029.0,1778532314.0,8944556720.0,105614600000.0,11.81
052860,아이앤씨,기타,2025,8441824762.0,158926182.0,1040537016.0,1199463198.0,7242361564.0,105569467140.0,14.58
007820,엠엑스로보틱스,기타,2025,-16016917965.0,1580734659.0,754757463.0,2335492122.0,-18352410087.0,105378555960.0,
950190,고스트스튜디오,기타,2025,14435529.0,146677.0,149486.0,296163.0,14139366.0,105308007310.0,7447.86
222040,코스맥스엔비티,기타,2025,18263331684.0,8842626137.0,30790000.0,8873416137.0,9389915547.0,105202800000.0,11.2
001540,안국약품,기타,2025,45682704868.0,8464748126.0,,8464748126.0,37217956742.0,104991481000.0,2.82
163560,동일고무벨트,기타,2025,-5128274717.0,,352500.0,352500.0,-5128627217.0,104945000000.0,
056360,코위버,기타,2025,3667274784.0,443045802.0,,443045802.0,3224228982.0,104825760000.0,32.51
072950,빛샘전자,기타,2025,2807982861.0,1026807484.0,62230500.0,1089037984.0,1718944877.0,104442351700.0,60.76
347890,엠엑스온,기타,2025,-539581940.0,1122895901.0,227994473.0,1350890374.0,-1890472314.0,104323704600.0,
049480,오픈베이스,기타,2025,-1197398561.0,1114982855.0,3145089618.0,4260072473.0,-5457471034.0,104008087730.0,
010660,화천기계,기타,2025,-1839510342.0,19065845172.0,648070117.0,19713915289.0,-21553425631.0,103950000000.0,
035610,솔본,기타,2025,15073728890.0,511756846.0,15753638.0,527510484.0,14546218406.0,103914788600.0,7.14
201490,미투온,기타,2025,20048175215.0,242883721.0,492964701.0,735848422.0,19312326793.0,103811284850.0,5.38
205470,휴마시스,기타,2025,10143741346.0,,,0.0,10143741346.0,103629382209.0,10.22
019550,SBI인베스트먼트,기타,2025,-14502138140.0,-30652800.0,,-30652800.0,-14471485340.0,103398474850.0,
041930,SY동아,기타,2025,26262962591.0,13208219798.0,2789200.0,13211008998.0,13051953593.0,103360000000.0,7.92
291650,압타머사이언스,기타,2025,-9670487371.0,-20489584.0,0.0,-20489584.0,-9649997787.0,103034240496.0,
105550,엣지파운드리,기타,2025,-12476765777.0,9727448092.0,1063028616.0,10790476708.0,-23267242485.0,102738850912.0,
002700,신일전자,기타,2025,14815908482.0,337271416.0,5500000.0,342771416.0,14473137066.0,102619618265.0,7.09
311690,CJ 바이오사이언스,기타,2025,-23416338922.0,10657110.0,65274661.0,75931771.0,-23492270693.0,102433222080.0,
352090,스톰테크,기타,2025,13746850512.0,15586315446.0,874066890.0,16460382336.0,-2713531824.0,102386122380.0,
228850,레이언스,기타,2025,9207008955.0,2063545393.0,274287403.0,2337832796.0,6869176159.0,102366556380.0,14.9
461030,아이엠비디엑스,기타,2025,-6202213766.0,828536182.0,173704172.0,1002240354.0,-7204454120.0,102348451380.0,
006890,태경케미컬,기타,2025,7192602239.0,14998929735.0,25000000.0,15023929735.0,-7831327496.0,102196000000.0,
064800,포니링크,기타,2025,-10056383556.0,779346207.0,11537910.0,790884117.0,-10847267673.0,102118031102.0,
043610,KT지니뮤직,기타,2025,22022085935.0,1356247700.0,5278156490.0,6634404190.0,15387681745.0,101934478252.0,6.62
234300,에스트래픽,기타,2025,4041799401.0,,,0.0,4041799401.0,101893136100.0,25.21
004840,DRB동일,기타,2025,43216711654.0,45344407385.0,1814830069.0,47159237454.0,-3942525800.0,101758081920.0,
137950,제이씨케미칼,기타,2025,-41373361066.0,11724099231.0,225664000.0,11949763231.0,-53323124297.0,101318553700.0,
033130,디지틀조선,기타,2025,8505656918.0,11350854628.0,124131200.0,11474985828.0,-2969328910.0,100953526240.0,
058630,엠게임,기타,2025,7878783520.0,3915544837.0,1602434407.0,5517979244.0,2360804276.0,100813513500.0,42.7
119650,KC코트렐,기타,2025,-26068347424.0,12084475.0,0.0,12084475.0,-26080431899.0,100782913662.0,
065530,와이어블,기타,2025,15700530099.0,2129198899.0,265555313.0,2394754212.0,13305775887.0,100700587695.0,7.57
055490,테이팩스,기타,2025,14111757451.0,8202308858.0,16583546.0,8218892404.0,5892865047.0,100639615000.0,17.08
007980,TP,기타,2025,51969812155.0,37374169320.0,306309662.0,37680478982.0,14289333173.0,100360329000.0,7.02
076610,해성옵틱스,기타,2025,-721855103.0,,,0.0,-721855103.0,100235704400.0,
091440,한울소재과학,기타,2025,-14601200555.0,29373923602.0,36418000.0,29410341602.0,-44011542157.0,100164648150.0,
039610,화성밸브,기타,2025,-468240658.0,1135039989.0,0.0,1135039989.0,-1603280647.0,100148048000.0,
054670,대한뉴팜,동물의약_사료,2025,5061247666.0,,,0.0,5061247666.0,100053792400.0,19.77
382150,온코크로스,기타,2025,-7405383311.0,,,0.0,-7405383311.0,100006847400.0,
