ticker,name,updated,actual_period,est_period,q_period,q_est_period,per,pbr,eps,bps,roe,op_margin,net_margin,dividend_yield,payout_ratio,debt_ratio,revenue,operating_profit,net_profit,per_est,pbr_est,eps_est,bps_est,roe_est,op_margin_est,net_margin_est,dividend_yield_est,payout_ratio_est,debt_ratio_est,revenue_est,operating_profit_est,net_profit_est,per_q,pbr_q,eps_q,bps_q,roe_q,op_margin_q,net_margin_q,dividend_yield_q,payout_ratio_q,debt_ratio_q,revenue_q,operating_profit_q,net_profit_q,per_q_est,pbr_q_est,eps_q_est,bps_q_est,roe_q_est,op_margin_q_est,net_margin_q_est,dividend_yield_q_est,payout_ratio_q_est,debt_ratio_q_est,revenue_q_est,operating_profit_q_est,net_profit_q_est
221800,유투바이오,2026-07-08 05:27,2025.12,2026.12,2026.03,2026.06,-27.76,1.26,-141.0,3123.0,-4.28,-9.21,-6.42,2.55,-82.48,24.13,256.0,-24.0,-16.0,,,,,,,,,,,,,,-27.76,5.7,-18.0,3332.0,-4.28,-22.84,-5.7,2.55,-199.5,23.73,70.0,-16.0,-4.0,,,,,,,,,,,,,
214370,케어젠,2026-07-08 05:27,2025.12,2026.12,2026.03,2026.06,191.89,16.51,374.0,4348.0,9.23,28.02,27.61,0.61,106.26,8.85,728.0,204.0,201.0,,,,,,,,,,,,,,208.76,20.69,218.0,4388.0,10.96,44.98,51.51,0.28,-297.86,14.41,227.0,102.0,117.0,,,,,,,,,,,,,
217330,싸이토젠,2026-07-08 05:27,2025.12,2026.12,2026.03,2026.06,-16.85,5.85,-534.0,1538.0,-29.34,-31.33,-47.36,,,72.92,261.0,-82.0,-123.0,,,,,,,,,,,,,,-8.78,2.92,-55.0,1456.0,-27.99,-23.05,-19.94,,,67.22,64.0,-15.0,-13.0,,,,,,,,,,,,,
085660,차바이오텍,2026-07-08 05:27,2025.12,2026.12,2026.03,2026.06,-9.57,3.93,-1533.0,3732.0,-37.19,-3.85,-11.57,,,214.81,12683.0,-488.0,-1467.0,,,,,,,,,,,,,,-18.35,3.14,175.0,5534.0,-18.24,-9.32,-0.79,,,173.82,3297.0,-307.0,-26.0,,,,,,,,,,,,,
293780,압타바이오,2026-07-08 05:27,2025.12,2026.12,2026.03,2026.06,-15.4,5.57,-607.0,1680.0,-32.25,-428.43,-442.04,,,27.22,37.0,-158.0,-163.0,,,,,,,,,,,,,,-9.29,4.74,-229.0,1456.0,-43.64,-636.62,-673.15,,,31.43,10.0,-61.0,-64.0,,,,,,,,,,,,,
200130,콜마비앤에이치,2026-07-08 05:27,2025.12,2026.12,2026.03,2026.06,-16.61,1.02,-771.0,12503.0,-6.04,4.63,-3.94,0.59,-9.32,82.77,5749.0,266.0,-226.0,,,,,,,,,,,,,,-189.61,0.86,759.0,13279.0,-0.46,7.55,16.33,0.52,31.43,57.3,1369.0,103.0,224.0,,,,,,,,,,,,,
348150,고바이오랩,2026-07-08 05:27,2025.12,2026.12,2026.03,2026.06,-17.74,3.47,-323.0,1653.0,-18.0,-13.93,-10.06,,,85.22,693.0,-97.0,-70.0,,,,,,,,,,,,,,-30.19,3.71,0.0,1546.0,-11.37,-13.89,-1.02,,,93.25,192.0,-27.0,-2.0,,,,,,,,,,,,,
239610,에이치엘사이언스,2026-07-08 05:27,2025.12,2026.12,2026.03,2026.06,-3.66,0.5,-2210.0,16220.0,-13.46,-66.15,-71.53,,,2.75,167.0,-111.0,-119.0,,,,,,,,,,,,,,-3.57,0.47,-344.0,15855.0,-13.07,-105.23,-87.96,,,2.81,21.0,-22.0,-19.0,,,,,,,,,,,,,
044820,코스맥스비티아이,2026-07-08 05:27,2025.12,2026.12,2026.03,2026.06,4.46,0.47,3041.0,28837.0,11.08,4.18,2.89,5.75,25.52,240.34,6452.0,270.0,187.0,,,,,,,,,,,,,,3.53,0.51,1470.0,30508.0,15.94,7.99,9.35,5.75,33.41,232.07,2052.0,164.0,192.0,,,,,,,,,,,,,
043710,서울리거,2026-07-08 05:27,2025.12,2026.12,2026.03,2026.06,-7.99,1.97,-510.0,2064.0,-23.35,-23.36,-24.51,,,476.58,357.0,-83.0,-87.0,,,,,,,,,,,,,,-6.81,2.2,-191.0,1883.0,-18.69,3.91,-7.32,,,575.05,395.0,15.0,-29.0,,,,,,,,,,,,,
353190,휴럼,2026-07-08 05:27,2025.12,2026.12,2026.03,2026.06,23.2,0.63,147.0,5419.0,2.76,1.89,0.97,11.7,271.32,113.82,990.0,19.0,10.0,,,,,,,,,,,,,,22.58,0.63,-16.0,5004.0,2.74,-0.95,-1.65,11.7,2754.42,132.01,230.0,-2.0,-4.0,,,,,,,,,,,,,
123840,뉴온,2026-07-08 05:27,2025.12,2026.12,2026.03,2026.06,-1.03,0.69,-10220.0,15222.0,-39.37,-27.78,-80.57,,,26.2,482.0,-134.0,-388.0,,,,,,,,,,,,,,-0.68,0.38,-1129.0,14126.0,-40.31,-15.21,-52.91,,,13.29,136.0,-21.0,-72.0,,,,,,,,,,,,,
318010,팜스빌,2026-07-08 05:27,2025.12,2026.12,2026.03,2026.06,9.43,0.4,364.0,8596.0,4.41,-5.29,22.8,5.82,53.51,2.94,127.0,-7.0,29.0,,,,,,,,,,,,,,7.44,0.39,152.0,8752.0,5.48,-2.22,48.85,5.82,187.52,2.34,25.0,-1.0,12.0,,,,,,,,,,,,,
194700,노바렉스,2026-07-08 05:27,2025.12,2026.12,2026.03,2026.06,7.41,0.98,1888.0,14257.0,14.99,10.65,8.9,2.86,20.05,41.2,4043.0,430.0,360.0,4.81,0.78,2688.0,16615.0,18.02,11.33,10.38,,,,4758.0,539.0,494.0,5.94,0.92,795.0,14680.0,17.74,11.71,12.35,2.86,84.15,43.18,1208.0,141.0,149.0,,,,,,,,,,,,,
263700,케어랩스,2026-07-08 05:27,2025.12,2026.12,2026.03,2026.06,2.98,0.83,988.0,3531.0,32.8,-3.52,23.88,,,43.95,817.0,-29.0,195.0,,,,,,,,,,,,,,-6.55,0.65,-31.0,3510.0,-9.56,3.29,-0.95,,,37.97,205.0,7.0,-2.0,,,,,,,,,,,,,
439580,블루엠텍,2026-07-08 05:27,2025.12,2026.12,2026.03,2026.06,-32.91,3.34,-134.0,1325.0,-9.81,-1.06,-2.43,,,145.24,1859.0,-20.0,-45.0,,,,,,,,,,,,,,-428.88,2.37,78.0,1403.0,-0.56,-1.69,6.0,,,138.56,440.0,-7.0,26.0,,,,,,,,,,,,,
222040,코스맥스엔비티,2026-07-08 05:27,2025.12,2026.12,2026.03,2026.06,-4.8,1.63,-729.0,2152.0,-29.61,1.39,-5.24,,,479.33,2875.0,40.0,-151.0,8.66,4.04,841.0,1800.0,42.72,9.24,5.35,,,,3830.0,354.0,205.0,-21.38,1.28,440.0,2962.0,-6.22,11.02,9.8,,,399.06,933.0,103.0,91.0,,,136.0,,,9.33,4.79,,,,981.0,92.0,47.0
180400,DXVX,2026-07-08 05:27,2025.12,2026.12,2026.03,2026.06,-5.35,3.29,-587.0,954.0,-53.82,-82.84,-100.78,,,61.72,294.0,-243.0,-296.0,,,,,,,,,,,,,,-10.73,5.42,-66.0,904.0,-59.45,-78.93,-97.91,,,27.1,67.0,-53.0,-65.0,,,,,,,,,,,,,
357230,에이치피오,2026-07-08 05:27,2025.12,2026.12,2026.03,2026.06,12.03,0.66,201.0,3681.0,5.69,5.25,3.49,2.89,29.07,33.77,2582.0,135.0,90.0,6.89,0.55,315.0,3944.0,8.28,5.94,4.93,,,,2862.0,170.0,141.0,10.14,0.63,63.0,3704.0,6.54,5.18,3.85,2.89,80.76,38.33,633.0,33.0,24.0,,,,,,,,,,,,,
144510,지씨셀,2026-07-08 05:27,2025.12,2026.12,2026.03,2026.06,-1.44,2.0,-17269.0,12404.0,-84.71,-8.33,-165.25,0.22,-863.32,59.52,1655.0,-138.0,-2735.0,,,,,,-7.49,-7.26,,,,1722.0,-129.0,-125.0,-1.42,1.9,-186.0,12178.0,-82.94,-13.68,-7.87,,,71.09,374.0,-51.0,-29.0,,,,,,-7.76,-9.13,,,,438.0,-34.0,-40.0
226330,신테카바이오,2026-07-08 05:27,2025.12,2026.12,2026.03,2026.06,-4.13,2.97,-943.0,1310.0,-61.27,-313.91,-506.76,,,46.43,34.0,-108.0,-174.0,,,,,,,,,,,,,,-4.79,2.83,-144.0,1168.0,-58.95,-830.14,-826.86,,,54.18,4.0,-35.0,-35.0,,,,,,,,,,,,,
270870,뉴트리,2026-07-08 05:27,2025.12,2026.12,2026.03,2026.06,-19.54,0.44,-263.0,11542.0,-2.3,-2.24,-2.54,,,30.05,1011.0,-23.0,-26.0,,,,,,,,,,,,,,-14.2,0.36,34.0,11657.0,-2.56,-0.1,0.85,10.74,1294.86,29.52,259.0,-0.0,2.0,,,,,,,,,,,,,
238200,비피도,2026-07-08 05:27,2025.12,2026.12,2026.03,2026.06,-130.08,0.55,-24.0,5615.0,-0.42,7.13,-0.98,,,33.47,197.0,14.0,-2.0,,,,,,,,,,,,,,-12.49,0.53,-184.0,5432.0,-4.13,-23.91,-60.38,,,28.28,25.0,-6.0,-15.0,,,,,,,,,,,,,
065170,비엘팜텍,2026-07-08 05:27,2025.12,2026.12,2026.03,2026.06,-0.87,1.85,-629.0,296.0,-104.39,-43.42,-258.04,,,129.52,65.0,-28.0,-168.0,,,,,,,,,,,,,,-5.47,8.39,19.0,369.0,-91.07,3.24,34.53,,,81.47,15.0,0.0,5.0,,,,,,,,,,,,,
377220,프롬바이오,2026-07-08 05:27,2025.12,2026.12,2026.03,2026.06,-1.56,1.25,-793.0,990.0,-57.38,-25.78,-32.15,,,149.61,722.0,-186.0,-232.0,,,,,,,,,,,,,,-1.55,1.48,-128.0,862.0,-64.94,-17.14,-19.25,,,170.56,192.0,-33.0,-37.0,,,,,,,,,,,,,
246960,SCL사이언스,2026-07-08 05:27,2025.12,2026.12,2026.03,2026.06,-19.16,3.2,-120.0,719.0,-19.69,-15.44,-18.72,,,240.13,220.0,-34.0,-41.0,,,,,,,,,,,,,,-22.58,3.03,-25.0,694.0,-12.66,-8.45,-12.97,,,243.96,77.0,-6.0,-10.0,,,,,,,,,,,,,
376270,HEM파마,2026-07-08 05:27,2025.12,2026.12,2026.03,2026.06,-13.55,65.72,-3384.0,698.0,-153.3,-120.06,-182.78,,,893.97,130.0,-156.0,-237.0,23.55,16.53,1737.0,2475.0,109.72,17.13,18.0,,,,689.0,118.0,124.0,-19.62,350.52,-571.0,202.0,-197.85,-77.79,-81.81,,,2947.34,49.0,-38.0,-40.0,,,,,,1.96,,,,,102.0,2.0,
006345,대원전선우,2026-07-08 05:27,2025.12,2026.12,2026.03,2026.06,33.02,2.44,113.0,1527.0,7.45,1.5,2.07,,,127.85,6245.0,94.0,129.0,,,,,,,,,,,,,,30.95,2.96,107.0,1661.0,9.86,7.75,5.92,,,120.57,1892.0,147.0,112.0,,,,,,,,,,,,,
006340,대원전선,2026-07-08 05:27,2025.12,2026.12,2026.03,2026.06,33.02,2.44,113.0,1527.0,7.45,1.5,2.07,,,127.85,6245.0,94.0,129.0,,,,,,,,,,,,,,30.95,2.96,107.0,1661.0,9.86,7.75,5.92,,,120.57,1892.0,147.0,112.0,,,,,,,,,,,,,
189860,서전기전,2026-07-08 05:27,2025.12,2026.12,2026.03,2026.06,4.33,0.78,715.0,3959.0,19.86,-12.92,10.19,,,79.38,681.0,-88.0,69.0,,,,,,,,,,,,,,7.18,1.57,-424.0,3535.0,24.61,-55.91,-55.33,,,52.48,74.0,-42.0,-41.0,,,,,,,,,,,,,
006910,보성파워텍,2026-07-08 05:27,2025.12,2026.12,2026.03,2026.06,12.6,2.31,413.0,2253.0,20.26,18.18,13.77,,,20.91,1475.0,268.0,203.0,,,,,,,,,,,,,,19.27,4.04,100.0,2343.0,23.41,14.57,12.04,,,22.88,409.0,60.0,49.0,,,,,,,,,,,,,
000500,가온전선,2026-07-08 05:27,2025.12,2026.12,2026.03,2026.06,25.62,5.07,1787.0,16247.0,10.96,3.11,2.02,0.12,3.22,184.82,25457.0,792.0,514.0,,,,,,,,,,,,,,28.95,5.79,661.0,16828.0,11.96,3.65,2.58,0.12,53.8,202.46,7636.0,278.0,197.0,,,,,,,,,,,,,
237750,피앤씨테크,2026-07-08 05:27,2025.12,2026.12,2026.03,2026.06,-1.4,0.57,-2758.0,6740.0,-32.08,0.07,-64.89,2.59,-3.63,87.9,276.0,0.0,-179.0,,,,,,,,,,,,,,-1.4,0.68,-14.0,6606.0,-32.08,4.34,-0.61,2.59,-3.53,131.59,149.0,6.0,-1.0,,,,,,,,,,,,,
010120,LS ELECTRIC,2026-07-08 05:27,2025.12,2026.12,2026.03,2026.06,48.15,6.61,1911.0,13920.0,14.67,8.59,5.72,0.65,31.13,131.48,49658.0,4264.0,2843.0,64.66,13.14,3379.0,16627.0,22.31,10.63,8.21,,,,61660.0,6555.0,5061.0,63.87,10.32,803.0,13908.0,17.29,9.19,8.64,0.65,107.13,151.24,13766.0,1266.0,1190.0,,,764.0,,,10.64,8.11,,,,14869.0,1582.0,1205.0
479960,위너스일렉,2026-07-08 05:27,2025.12,2026.12,2026.03,2026.06,14.87,1.76,703.0,5948.0,14.15,16.87,14.89,4.78,73.65,22.51,312.0,53.0,47.0,,,,,,,,,,,,,,14.17,1.72,82.0,5531.0,12.33,8.45,7.64,4.78,179.46,35.63,73.0,6.0,6.0,,,,,,,,,,,,,
298040,효성중공업,2026-07-08 05:27,2025.12,2026.12,2026.03,2026.06,31.94,7.05,55755.0,252555.0,24.41,12.52,8.43,0.42,13.43,190.31,59685.0,7470.0,5028.0,36.91,8.31,84457.0,374873.0,26.96,15.37,11.14,,,,71214.0,10942.0,7936.0,45.35,9.54,9358.0,257334.0,23.16,11.21,6.72,0.42,39.91,209.68,13582.0,1523.0,913.0,,,22168.0,,,15.68,10.11,,,,18143.0,2845.0,1834.0
015860,일진홀딩스,2026-07-08 05:27,2025.12,2026.12,2026.03,2026.06,9.45,0.59,713.0,11438.0,7.12,6.38,3.92,2.97,26.14,103.38,22827.0,1456.0,896.0,,,,,,,,,,,,,,7.73,0.54,376.0,12039.0,8.15,9.1,6.82,2.97,-332.6,106.49,5729.0,521.0,391.0,,,,,,,,,,,,,
033100,제룡전기,2026-07-08 05:27,2025.12,2026.12,2026.03,2026.06,9.6,2.36,3655.0,14901.0,26.93,29.92,26.21,3.13,30.09,11.52,2240.0,670.0,587.0,,,,,,,,,,,,,,13.43,3.04,502.0,14303.0,24.48,16.98,23.24,3.13,198.95,21.11,347.0,59.0,81.0,,,,,,,,,,,,,
294630,서남,2026-07-08 05:27,2025.12,2026.12,2026.03,2026.06,-16.19,7.21,-165.0,369.0,-45.17,-113.92,-117.38,,,70.38,34.0,-39.0,-40.0,,,,,,,,,,,,,,-21.99,10.67,-34.0,336.0,-50.62,-197.21,-196.52,,,62.68,5.0,-9.0,-9.0,,,,,,,,,,,,,
103590,일진전기,2026-07-08 05:27,2025.12,2026.12,2026.03,2026.06,24.97,4.41,2179.0,12347.0,19.08,7.4,5.08,0.92,22.95,159.23,20446.0,1512.0,1039.0,22.71,4.76,3157.0,15049.0,23.05,9.19,6.76,,,,22704.0,2087.0,1535.0,28.34,5.49,753.0,12650.0,21.03,10.03,7.09,0.92,87.7,171.99,5061.0,508.0,359.0,,,779.0,,,8.85,6.44,,,,5732.0,507.0,369.0
178320,서진시스템,2026-07-08 05:27,2025.12,2026.12,2026.03,2026.06,-14.05,1.93,-1800.0,13127.0,-12.63,0.11,-9.61,,,212.62,10663.0,11.0,-1024.0,47.24,3.99,994.0,11758.0,8.3,10.12,3.43,,,,18040.0,1826.0,618.0,-19.58,3.05,-353.0,13924.0,-14.52,-11.76,-7.32,,,209.16,2802.0,-330.0,-205.0,,,,,,7.89,1.32,,,,4010.0,316.0,53.0
229640,LS에코에너지,2026-07-08 05:27,2025.12,2026.12,2026.03,2026.06,25.15,5.01,1374.0,6898.0,21.43,6.96,5.05,0.72,18.2,117.63,9601.0,668.0,485.0,29.75,5.99,1704.0,8464.0,22.28,6.8,4.94,,,,11859.0,807.0,586.0,28.44,5.32,407.0,7556.0,20.67,7.04,4.99,0.72,152.8,112.89,2855.0,201.0,142.0,,,434.0,,,7.13,4.91,,,,2956.0,211.0,145.0
017510,세명전기,2026-07-08 05:27,2025.12,2026.12,2026.03,2026.06,10.5,1.49,837.0,5911.0,15.13,45.82,39.48,2.5,26.28,18.48,323.0,148.0,128.0,,,,,,,,,,,,,,9.96,1.47,187.0,5878.0,15.65,41.49,29.76,2.5,109.88,20.75,96.0,40.0,28.0,,,,,,,,,,,,,
024840,KBI메탈,2026-07-08 05:27,2025.12,2026.12,2026.03,2026.06,-1376.76,0.5,-1.0,3484.0,-0.04,3.21,0.18,,,175.63,7586.0,243.0,14.0,,,,,,2.81,,,,,9850.0,277.0,,9.15,0.56,216.0,3695.0,6.3,7.38,4.02,,,163.31,2106.0,155.0,85.0,,,,,,,,,,,,,
267260,HD현대일렉트릭,2026-07-08 05:27,2025.12,2026.12,2026.03,2026.06,38.08,13.73,20324.0,56366.0,41.5,24.4,17.94,0.92,34.88,134.63,40795.0,9953.0,7318.0,34.29,12.26,27090.0,75799.0,41.05,26.64,20.89,,,,46733.0,12451.0,9761.0,38.13,14.4,5772.0,57779.0,43.9,24.92,20.04,0.16,22.49,158.34,10365.0,2583.0,2077.0,,,6168.0,,,25.68,20.13,,,,11077.0,2845.0,2230.0
475430,키스트론,2026-07-08 05:27,2025.12,2026.12,2026.03,2026.06,8.88,0.45,544.0,10628.0,5.16,10.67,12.71,1.03,10.13,13.04,693.0,74.0,88.0,9.39,0.49,560.0,10819.0,5.22,11.21,12.31,,,,812.0,91.0,100.0,6.97,0.38,166.0,10768.0,5.98,10.47,14.96,1.03,29.45,14.38,198.0,21.0,30.0,,,,,,,,,,,,,
125020,티씨머티리얼즈,2026-07-08 05:27,2025.12,2026.12,2026.03,2026.06,83.37,1.83,49.0,2222.0,2.48,2.27,0.56,,0.07,55.47,2991.0,68.0,17.0,,,,,,,,,,,,,,34.82,2.0,139.0,2361.0,6.62,6.28,4.79,,,55.2,1014.0,64.0,49.0,,,,,,,,,,,,,
147830,제룡산업,2026-07-08 05:27,2025.12,2026.12,2026.03,2026.06,10.72,1.37,574.0,4503.0,13.94,27.88,30.29,4.87,50.01,11.38,379.0,106.0,115.0,,,,,,,,,,,,,,10.24,1.61,264.0,4478.0,17.26,34.77,37.9,4.87,155.0,17.68,139.0,48.0,53.0,,,,,,,,,,,,,
062040,산일전기,2026-07-08 05:27,2025.12,2026.12,2026.03,2026.06,26.6,6.75,4891.0,19269.0,29.21,35.59,29.67,0.96,25.5,16.48,5019.0,1786.0,1489.0,30.38,8.41,6813.0,24624.0,31.17,37.19,31.04,,,,6714.0,2497.0,2084.0,25.13,6.93,1502.0,19467.0,29.21,36.91,30.54,0.96,88.37,23.09,1503.0,555.0,459.0,,,1656.0,,,37.42,30.34,,,,1619.0,606.0,491.0
388050,지투파워,2026-07-08 05:27,2025.12,2026.12,2026.03,2026.06,26.88,3.54,297.0,2252.0,14.09,11.38,7.18,1.25,33.68,113.31,774.0,88.0,56.0,14.45,2.91,540.0,2681.0,21.93,12.67,9.62,,,,1050.0,133.0,101.0,27.93,5.13,101.0,2253.0,19.65,11.82,9.88,1.25,56.65,98.12,192.0,23.0,19.0,,,,,,,,,,,,,
119850,지엔씨에너지,2026-07-08 05:27,2025.12,2026.12,2026.03,2026.06,12.73,2.28,2428.0,13535.0,21.15,18.8,15.24,0.49,6.07,67.41,2626.0,494.0,400.0,,,,,,13.83,,,,,2986.0,413.0,,12.88,2.16,748.0,14228.0,19.71,7.95,22.25,0.49,45.56,63.99,554.0,44.0,123.0,,,,,,,,,,,,,
199820,제일일렉트릭,2026-07-08 05:27,2025.12,2026.12,2026.03,2026.06,32.48,1.37,298.0,7066.0,4.28,6.0,3.42,1.03,33.56,42.91,1960.0,118.0,67.0,,,,,,,,,,,,,,31.84,1.43,130.0,7103.0,4.56,4.78,5.46,1.03,-118.27,48.67,527.0,25.0,29.0,,,,,,,,,,,,,
017040,광명전기,2026-07-08 05:27,2025.12,2026.12,2026.03,2026.06,-0.78,8.58,-1573.0,144.0,-173.6,-10.4,-71.09,0.42,4.15,2050.67,959.0,-100.0,-682.0,,,,,,,,,,,,,,-0.54,-18.84,-176.0,-48.0,-217.74,-23.11,-62.78,,,-6228.35,121.0,-28.0,-76.0,,,,,,,,,,,,,
007610,선도전기,2026-07-08 05:27,2025.12,2026.12,2026.03,2026.06,17.01,2.37,294.0,2105.0,16.0,3.27,13.83,,,101.45,382.0,12.0,53.0,,,,,,,,,,,,,,12.15,2.44,-50.0,2052.0,23.73,-9.8,-17.95,,,106.71,51.0,-5.0,-9.0,,,,,,,,,,,,,
001440,대한전선,2026-07-08 05:27,2025.12,2026.12,2026.03,2026.06,50.7,2.66,452.0,8622.0,5.48,3.54,2.47,,,114.0,36360.0,1286.0,899.0,61.63,3.65,523.0,8839.0,6.07,4.58,2.51,,,,42877.0,1964.0,1078.0,101.91,3.13,-40.0,8522.0,3.16,5.58,-0.63,,,117.15,10834.0,604.0,-68.0,,,118.0,,,3.97,2.27,,,,10720.0,426.0,243.0
010955,S-Oil우,2026-07-08 05:27,2025.12,2026.12,2026.03,2026.06,54.69,1.09,1518.0,76339.0,2.01,0.69,0.52,0.74,-7.59,198.82,342470.0,2356.0,1770.0,5.6,1.23,20892.0,95401.0,24.37,8.21,5.79,,,,420750.0,34560.0,24361.0,13.03,1.28,6183.0,82186.0,10.35,13.77,8.06,0.74,,201.65,89427.0,12311.0,7210.0,,,5335.0,,,7.6,5.6,,,,119332.0,9074.0,6684.0
078935,GS우,2026-07-08 05:27,2025.12,2026.12,2026.03,2026.06,6.68,0.36,8434.0,155303.0,5.55,11.66,4.12,6.34,35.57,86.04,251841.0,29361.0,10381.0,4.57,0.46,17075.0,169271.0,10.52,15.2,7.19,,,,276022.0,41970.0,19855.0,4.59,0.4,7636.0,161290.0,9.0,18.39,12.08,6.34,117.31,85.78,68423.0,12586.0,8267.0,,,4555.0,,,16.6,7.03,,,,70080.0,11636.0,4928.0
014530,극동유화,2026-07-08 05:27,2025.12,2026.12,2026.03,2026.06,99.85,0.55,33.0,5888.0,0.55,1.51,0.13,6.15,614.48,116.19,10217.0,154.0,13.0,,,,,,,,,,,,,,47.65,0.65,99.0,5789.0,1.38,2.23,1.31,6.15,-544.48,129.27,2476.0,55.0,32.0,,,,,,,,,,,,,
012700,리드코프,2026-07-08 05:27,2025.12,2026.12,2026.03,2026.06,7.39,0.22,505.0,16721.0,3.15,2.82,3.03,4.02,28.76,139.62,3877.0,109.0,117.0,,,,,,,,,,,,,,4.75,0.21,72.0,16659.0,4.69,1.71,1.89,4.02,90.47,151.6,1071.0,18.0,20.0,,,,,,,,,,,,,
024060,흥구석유,2026-07-08 05:27,2025.12,2026.12,2026.03,2026.06,1123.7,2.2,11.0,5394.0,0.2,-0.92,0.15,0.17,183.69,17.3,1079.0,-10.0,2.0,,,,,,,,,,,,,,706.78,3.43,28.0,5617.0,0.5,2.07,1.55,0.17,80.57,14.72,271.0,6.0,4.0,,,,,,,,,,,,,
000440,중앙에너비스,2026-07-08 05:27,2025.12,2026.12,2026.03,2026.06,-87.48,1.34,-179.0,11730.0,-2.09,-3.52,-2.25,2.25,-140.32,5.74,496.0,-17.0,-11.0,,,,,,,,,,,,,,-131.33,1.98,-25.0,11342.0,-2.07,-1.8,-1.37,2.25,1391.8,9.22,112.0,-2.0,-2.0,,,,,,,,,,,,,
128820,대성산업,2026-07-08 05:27,2025.12,2026.12,2026.03,2026.06,-5.33,0.43,-1346.0,16698.0,-9.93,0.69,-3.94,1.67,-7.38,169.05,15659.0,108.0,-617.0,,,,,,,,,,,,,,-4.96,0.39,238.0,16861.0,-9.74,5.29,3.08,1.67,-9.43,170.66,4126.0,218.0,127.0,,,,,,,,,,,,,
126880,제이엔케이글로벌,2026-07-08 05:27,2025.12,2026.12,2026.03,2026.06,30.43,0.56,126.0,6844.0,1.57,2.14,1.98,1.31,39.66,58.23,1473.0,32.0,29.0,,,,,,,,,,,,,,19.52,0.54,107.0,6656.0,2.71,1.11,4.76,1.31,77.67,93.0,520.0,6.0,25.0,,,,,,,,,,,,,
006125,SK디스커버리우,2026-07-08 05:27,2025.12,2026.12,2026.03,2026.06,8.83,0.36,6549.0,158509.0,4.49,3.55,1.42,5.28,28.41,137.91,101640.0,3614.0,1446.0,,,,,,,,,,,,,,3.97,0.3,8743.0,169357.0,8.56,5.77,6.45,3.99,51.88,152.79,32892.0,1898.0,2123.0,,,,,,,,,,,,,
096775,SK이노베이션우,2026-07-08 05:27,2025.12,2026.12,2026.03,2026.06,-4.81,0.78,-21056.0,129847.0,-14.42,0.56,-6.77,2.79,-13.17,190.2,802961.0,4487.0,-54364.0,8.73,0.66,11048.0,145394.0,8.13,4.99,2.06,,,,1022011.0,50971.0,21017.0,-8.25,0.77,5663.0,140594.0,-9.04,8.93,3.7,,,188.96,242121.0,21622.0,8961.0,,,4737.0,,,5.09,3.95,,,,273109.0,13895.0,10777.0
006120,SK디스커버리,2026-07-08 05:27,2025.12,2026.12,2026.03,2026.06,8.83,0.36,6549.0,158509.0,4.49,3.55,1.42,3.46,28.41,137.91,101640.0,3614.0,1446.0,,,,,,,,,,,,,,3.97,0.3,8743.0,169357.0,8.56,5.77,6.45,2.6,51.88,152.79,32892.0,1898.0,2123.0,,,,,,,,,,,,,
065420,에스아이리소스,2026-07-08 05:27,2025.12,2026.12,2026.03,2026.06,-9.33,1.87,-27.0,135.0,-21.65,-13.89,-9.39,,,64.21,209.0,-29.0,-20.0,,,,,,,,,,,,,,-6.67,1.98,-14.0,121.0,-31.27,-12.77,-11.76,,,69.74,95.0,-12.0,-11.0,,,,,,,,,,,,,
019210,와이지-원,2026-07-08 05:27,2025.12,2026.12,2026.03,2026.06,7.8,0.46,680.0,11486.0,6.14,10.41,3.96,3.58,27.95,170.78,6394.0,665.0,253.0,,,,,,,,,,,,,,9.77,0.99,696.0,12420.0,10.85,18.69,12.39,3.58,88.65,180.68,2078.0,388.0,257.0,,,,,,,,,,,,,
159010,아스플로,2026-07-08 05:27,2025.12,2026.12,2026.03,2026.06,-6.39,1.33,-745.0,3589.0,-19.67,-10.33,-14.63,,,155.39,679.0,-70.0,-99.0,,,,,,,,,,,,,,-10.32,1.39,93.0,3825.0,-13.21,4.88,4.36,,,154.49,283.0,14.0,12.0,,,,,,,,,,,,,
060310,3S,2026-07-08 05:27,2026.03,2027.03,2026.03,2026.06,-11.76,1.44,-103.0,841.0,-11.64,-17.99,-19.31,,,27.36,284.0,-51.0,-55.0,,,,,,,,,,,,,,-11.76,1.44,-41.0,841.0,-11.64,-22.64,-30.39,,,27.36,71.0,-16.0,-22.0,,,,,,,,,,,,,
011700,한신기계,2026-07-08 05:27,2025.12,2026.12,2026.03,2026.06,-220.93,1.13,-14.0,2703.0,-0.51,-2.8,-0.85,0.65,-144.19,37.24,527.0,-15.0,-4.0,,,,,,,,,,,,,,-63.14,1.62,-46.0,2634.0,-2.51,-21.23,-19.87,0.65,-23.49,36.73,76.0,-16.0,-15.0,,,,,,,,,,,,,
105840,우진,2026-07-08 05:27,2025.12,2026.12,2026.03,2026.06,39.66,1.73,430.0,9841.0,4.48,9.43,7.35,1.76,69.0,23.23,1504.0,142.0,110.0,19.82,1.55,797.0,10202.0,7.96,12.82,12.63,,,,1584.0,203.0,200.0,33.56,2.27,196.0,9840.0,7.02,13.43,13.1,1.17,-456.55,26.97,372.0,50.0,49.0,,,233.0,,,15.38,,,,,390.0,60.0,
019990,에너토크,2026-07-08 05:27,2025.12,2026.12,2026.03,2026.06,-16.6,1.78,-424.0,3958.0,-10.4,-17.44,-17.56,1.42,-23.16,20.81,235.0,-41.0,-41.0,,,,,,,,,,,,,,-21.01,2.16,10.0,3903.0,-9.94,1.35,1.77,1.42,-70.61,22.82,53.0,1.0,1.0,,,,,,,,,,,,,
024880,케이피에프,2026-07-08 05:27,2025.12,2026.12,2026.03,2026.06,5.54,0.39,940.0,13491.0,7.74,4.76,2.56,3.7,20.08,103.53,7439.0,354.0,190.0,,,,,,,,,,,,,,6.01,0.41,371.0,13309.0,7.28,4.03,4.3,3.7,-777.94,107.27,1942.0,78.0,84.0,,,,,,,,,,,,,
086670,비엠티,2026-07-08 05:27,2025.12,2026.12,2026.03,2026.06,5.75,0.77,2027.0,15049.0,13.96,10.42,12.88,5.15,31.33,75.75,1470.0,153.0,189.0,,,,,,,,,,,,,,7.46,1.0,370.0,14822.0,14.15,4.98,10.24,5.15,343.27,86.6,356.0,18.0,36.0,,,,,,,,,,,,,
090710,휴림로봇,2026-07-08 05:27,2025.12,2026.12,2026.03,2026.06,-50.36,6.98,-148.0,1068.0,-13.42,-10.29,-17.87,,,36.13,1683.0,-173.0,-301.0,,,,,,,,,,,,,,-73.34,9.91,-11.0,1040.0,-13.27,-15.23,-2.21,,,30.72,300.0,-46.0,-7.0,,,,,,,,,,,,,
014620,성광벤드,2026-07-08 05:27,2025.12,2026.12,2026.03,2026.06,20.28,1.24,1270.0,20691.0,6.45,17.08,14.02,0.78,15.43,7.42,2457.0,420.0,344.0,15.09,1.23,1777.0,21877.0,8.35,19.57,16.5,,,,2727.0,534.0,450.0,27.91,1.69,317.0,20805.0,6.26,11.11,14.25,0.78,66.28,8.1,591.0,66.0,84.0,,,425.0,,,19.94,14.49,,,,656.0,131.0,95.0
013030,하이록코리아,2026-07-08 05:27,2025.12,2026.12,2026.03,2026.06,7.43,0.8,4141.0,38609.0,11.35,27.46,23.66,4.39,31.59,8.48,2146.0,589.0,508.0,7.28,0.75,4320.0,41973.0,10.72,27.17,25.36,,,,2238.0,608.0,568.0,7.79,0.9,1288.0,38898.0,12.25,28.97,28.19,4.39,112.11,10.42,541.0,157.0,153.0,,,833.0,,,27.94,24.05,,,,540.0,151.0,130.0
117730,티로보틱스,2026-07-08 05:27,2025.12,2026.12,2026.03,2026.06,-9.08,8.79,-2230.0,2304.0,-103.92,-27.18,-98.34,,,83.03,438.0,-119.0,-431.0,,,,,,,,,,,,,,-8.77,6.5,-22.0,2587.0,-83.7,-36.16,-7.55,,,88.17,82.0,-30.0,-6.0,,,,,,,,,,,,,
008470,부스타,2026-07-08 05:27,2025.12,2026.12,2026.03,2026.06,21.76,0.41,186.0,9906.0,1.97,1.5,1.29,1.98,41.44,25.35,1208.0,18.0,16.0,,,,,,,,,,,,,,31.79,0.41,-12.0,9676.0,1.32,-4.06,-0.38,1.98,1216.77,26.68,253.0,-10.0,-1.0,,,,,,,,,,,,,
480370,씨케이솔루션,2026-07-08 05:27,2025.12,2026.12,2026.03,2026.06,-2.27,1.29,-1254.0,2211.0,-49.18,-12.58,-13.79,,,193.01,2910.0,-366.0,-401.0,,,,,,,,,,,,,,-1.47,1.04,-339.0,1905.0,-52.61,-29.81,-20.39,,,233.49,543.0,-162.0,-111.0,,,,,,,,,,,,,
050860,아세아텍,2026-07-08 05:27,2025.06,2026.06,2026.03,2026.06,18.93,0.34,123.0,6756.0,2.12,3.52,2.44,2.15,34.64,51.52,1133.0,40.0,28.0,,,,,,,,,,,,,,50.86,0.29,6.0,6903.0,0.69,0.63,0.41,2.15,134.79,64.92,319.0,2.0,1.0,,,,,,,,,,,,,
036890,진성티이씨,2026-07-08 05:27,2025.12,2026.12,2026.03,2026.06,9.24,0.91,1461.0,14795.0,11.66,10.34,7.04,2.44,20.33,72.81,4638.0,479.0,326.0,8.85,,1589.0,,,9.81,6.73,,,,5200.0,510.0,350.0,8.74,1.02,631.0,15399.0,13.84,9.5,10.19,2.44,75.89,75.42,1364.0,130.0,139.0,,,,,,,,,,,,,
100660,서암기계공업,2026-07-08 05:27,2025.12,2026.12,2026.03,2026.06,47.5,0.85,95.0,5313.0,1.8,0.1,2.59,0.22,10.58,21.76,465.0,0.0,12.0,,,,,,,,,,,,,,-1548.22,0.77,3.0,5345.0,-0.04,-3.34,0.18,0.22,14.58,20.41,110.0,-4.0,0.0,,,,,,,,,,,,,
010660,화천기계,2026-07-08 05:27,2025.12,2026.12,2026.03,2026.06,40.03,0.78,126.0,6446.0,1.97,0.11,1.29,0.4,15.92,23.38,2145.0,2.0,28.0,,,,,,,,,,,,,,28.84,0.93,51.0,6481.0,3.3,-1.31,2.44,0.4,162.0,28.35,462.0,-6.0,11.0,,,,,,,,,,,,,
104460,디와이피엔에프,2026-07-08 05:27,2025.12,2026.12,2026.03,2026.06,5.86,0.88,2378.0,15819.0,18.26,7.21,6.4,5.02,26.12,64.78,3963.0,286.0,254.0,,,,,,,,,,,,,,7.74,0.89,372.0,15524.0,13.37,5.87,6.44,5.02,-109.67,64.09,607.0,36.0,39.0,,,,,,,,,,,,,
099440,스맥,2026-07-08 05:27,2025.12,2026.12,2026.03,2026.06,-18.08,4.73,-376.0,1435.0,-18.93,-10.94,-13.99,,,209.06,1536.0,-168.0,-215.0,,,,,,,,,,,,,,-9.27,3.34,-74.0,1387.0,-26.82,-16.57,-17.34,,,226.09,292.0,-48.0,-51.0,,,,,,,,,,,,,
089140,넥스턴앤롤코리아,2026-07-08 05:27,2025.12,2026.12,2026.03,2026.06,-3.06,0.24,-710.0,9061.0,-7.13,3.24,-3.33,,,53.21,704.0,23.0,-23.0,,,,,,,,,,,,,,-4.32,0.24,80.0,8969.0,-5.11,13.95,20.36,,,56.63,255.0,36.0,52.0,,,,,,,,,,,,,
195990,에이비프로바이오,2026-07-08 05:27,2025.12,2026.12,2026.03,2026.06,-1.3,1.17,-1718.0,1898.0,-60.38,-29.08,-153.25,,,38.4,319.0,-93.0,-489.0,,,,,,,,,,,,,,-0.93,0.71,73.0,1999.0,-53.89,-28.67,26.29,,,39.21,79.0,-23.0,21.0,,,,,,,,,,,,,
015230,대창단조,2026-07-08 05:27,2025.12,2026.12,2026.03,2026.06,6.26,0.49,1007.0,12806.0,9.25,10.98,7.94,2.85,15.77,24.29,3463.0,380.0,275.0,,,,,,,,,,,,,,6.07,0.49,395.0,13240.0,9.59,11.72,10.75,2.85,70.86,27.04,984.0,115.0,106.0,,,,,,,,,,,,,
484810,티엑스알로보틱스,2026-07-08 05:27,2025.12,2026.12,2026.03,2026.06,-15.33,4.42,-1032.0,3578.0,-35.94,-1.36,-27.03,,,71.49,566.0,-8.0,-153.0,,,,,,,,,,,,,,-13.87,3.96,-84.0,3495.0,-25.0,-11.26,-11.83,,,68.22,110.0,-12.0,-13.0,,,,,,,,,,,,,
088350,한화생명,2026-07-08 05:27,2025.12,2026.12,2026.03,2026.06,4.41,0.18,738.0,18466.0,6.51,4.18,3.05,5.3,14.86,974.0,274364.0,11472.0,8363.0,4.74,,950.0,,,,,,,,,13570.0,,5.2,0.22,374.0,19978.0,6.94,4.81,3.82,,,897.34,99852.0,4808.0,3816.0,,,239.0,,,,,,,,,,
082640,동양생명,2026-07-08 05:27,2025.12,2026.12,2026.03,2026.06,8.52,0.66,772.0,9925.0,7.08,5.56,3.48,8.83,26.01,2182.12,35764.0,1988.0,1245.0,9.17,,847.0,,,,,,,,,,1337.0,13.51,0.73,155.0,11818.0,6.21,2.78,2.24,,,1770.36,11178.0,311.0,250.0,,,,,,,,,,,,,
462980,아이지넷,2026-07-08 05:27,2025.12,2026.12,2026.03,2026.06,14.74,1.72,141.0,1212.0,18.38,8.53,6.55,,,127.51,390.0,33.0,26.0,,,,,,,,,,,,,,13.52,1.79,27.0,1239.0,14.17,7.29,5.55,,,186.95,87.0,6.0,5.0,,,,,,,,,,,,,
085620,미래에셋생명,2026-07-08 05:27,2025.12,2026.12,2026.03,2026.06,14.21,0.5,660.0,18762.0,5.22,3.75,2.52,,,1244.75,51884.0,1945.0,1308.0,,,,,,,,,,,,,,19.89,0.73,279.0,22038.0,6.52,2.45,1.91,,,1238.93,27964.0,684.0,534.0,,,,,,,,,,,,,
001040,CJ,2026-07-08 05:27,2025.12,2026.12,2026.03,2026.06,42.8,1.11,4019.0,155346.0,2.69,5.62,0.32,1.92,77.28,176.0,450188.0,25277.0,1426.0,14.94,0.95,10171.0,159551.0,6.87,5.77,1.3,,,,471226.0,27187.0,6132.0,44.62,1.19,2122.0,159220.0,2.81,4.02,1.52,1.92,-47.39,181.81,114512.0,4607.0,1743.0,,,3843.0,,,6.16,2.14,,,,114924.0,7075.0,2460.0
004800,효성,2026-07-08 05:27,2025.12,2026.12,2026.03,2026.06,5.82,0.78,19707.0,146168.0,14.35,16.16,17.36,4.36,25.34,88.55,24317.0,3930.0,4221.0,8.34,1.03,19832.0,161327.0,12.92,18.69,16.69,,,,24720.0,4620.0,4125.0,6.36,0.87,4378.0,148291.0,14.53,17.84,16.32,4.36,64.27,94.68,5302.0,946.0,865.0,,,5436.0,,,19.03,,,,,6410.0,1220.0,
000157,두산2우B,2026-07-08 05:27,2025.12,2026.12,2026.03,2026.06,220.26,8.94,3546.0,87399.0,4.99,5.37,1.26,0.92,94.61,169.14,197841.0,10627.0,2495.0,65.18,12.3,21631.0,114642.0,25.27,7.85,3.52,,,,216908.0,17022.0,7632.0,239.37,8.31,1855.0,123409.0,4.93,6.73,2.01,0.26,45.73,161.07,50603.0,3408.0,1015.0,,,7281.0,,,8.34,4.71,,,,55082.0,4595.0,2594.0
001045,CJ우,2026-07-08 05:27,2025.12,2026.12,2026.03,2026.06,42.8,1.11,4019.0,155346.0,2.69,5.62,0.32,3.75,77.28,176.0,450188.0,25277.0,1426.0,14.94,0.95,10171.0,159551.0,6.87,5.77,1.3,,,,471226.0,27187.0,6132.0,44.62,1.19,2122.0,159220.0,2.81,4.02,1.52,3.75,-47.39,181.81,114512.0,4607.0,1743.0,,,3843.0,,,6.16,2.14,,,,114924.0,7075.0,2460.0
001740,SK네트웍스,2026-07-08 05:27,2025.12,2026.12,2026.03,2026.06,20.09,0.43,225.0,10430.0,2.44,1.28,0.74,5.53,97.37,148.85,67451.0,863.0,500.0,22.94,0.86,395.0,10543.0,4.01,1.77,1.19,,,,69921.0,1240.0,832.0,11.28,0.46,188.0,10601.0,4.75,1.91,2.45,4.42,374.61,170.0,17434.0,334.0,427.0,,,61.0,,,1.62,0.7,,,,15945.0,258.0,111.0
003555,LG우,2026-07-08 05:27,2025.12,2026.12,2026.03,2026.06,17.44,0.43,4628.0,186173.0,2.64,12.58,13.79,4.74,64.86,12.03,72525.0,9122.0,10001.0,13.49,0.52,7501.0,193360.0,3.98,19.71,17.05,,,,82094.0,16183.0,13998.0,26.42,0.43,2161.0,194463.0,1.73,22.98,21.05,3.23,-89.28,10.89,18006.0,4138.0,3790.0,,,1617.0,,,20.29,18.35,,,,20501.0,4161.0,3763.0
402340,SK스퀘어,2026-07-08 05:27,2025.12,2026.12,2026.03,2026.06,5.54,1.76,66468.0,209564.0,37.82,84.14,84.34,,,9.01,104556.0,87974.0,88187.0,5.09,3.39,293498.0,440823.0,90.38,584.59,526.86,,,,73622.0,430392.0,387884.0,3.96,1.7,63450.0,273614.0,55.09,95.91,97.03,0.33,2.44,7.5,86314.0,82783.0,83747.0,,,60853.0,,,2714.62,2720.25,,,,3650.0,99084.0,99289.0
000155,두산우,2026-07-08 05:27,2025.12,2026.12,2026.03,2026.06,220.26,8.94,3546.0,87399.0,4.99,5.37,1.26,0.86,94.61,169.14,197841.0,10627.0,2495.0,65.18,12.3,21631.0,114642.0,25.27,7.85,3.52,,,,216908.0,17022.0,7632.0,239.37,8.31,1855.0,123409.0,4.93,6.73,2.01,0.23,45.73,161.07,50603.0,3408.0,1015.0,,,7281.0,,,8.34,4.71,,,,55082.0,4595.0,2594.0
004990,롯데지주,2026-07-08 05:27,2025.12,2026.12,2026.03,2026.06,-4.32,0.33,-6125.0,79142.0,-10.51,1.54,-3.83,4.73,-14.83,144.87,155396.0,2394.0,-5950.0,26.87,0.3,897.0,81200.0,1.48,2.4,0.69,,,,158390.0,3797.0,1085.0,-5.43,0.32,62.0,86421.0,-8.64,1.27,0.4,4.73,-26.4,140.53,36222.0,461.0,145.0,,,627.0,,,3.91,,,,,41203.0,1613.0,
000150,두산,2026-07-08 05:27,2025.12,2026.12,2026.03,2026.06,220.26,8.94,3546.0,87399.0,4.99,5.37,1.26,0.51,94.61,169.14,197841.0,10627.0,2495.0,65.18,12.3,21631.0,114642.0,25.27,7.85,3.52,,,,216908.0,17022.0,7632.0,239.37,8.31,1855.0,123409.0,4.93,6.73,2.01,0.1,45.71,161.07,50603.0,3408.0,1015.0,,,7281.0,,,8.34,4.71,,,,55082.0,4595.0,2594.0
004150,한솔홀딩스,2026-07-08 05:27,2025.12,2026.12,2026.03,2026.06,-208.94,0.23,-15.0,13574.0,-0.11,2.06,0.81,4.21,-879.02,37.79,10983.0,226.0,89.0,-126.36,0.23,-24.0,13461.0,-0.18,2.77,0.81,,,,11532.0,320.0,93.0,25.94,0.23,231.0,13724.0,0.88,2.94,4.32,4.21,-27.35,39.82,2696.0,79.0,116.0,,,,,,,,,,,,,
000880,한화,2026-07-08 05:27,2025.12,2026.12,2026.03,2026.06,20.72,0.61,3939.0,133067.0,3.3,5.54,2.66,1.35,26.49,497.35,747854.0,41469.0,19916.0,11.33,0.77,9749.0,143700.0,7.23,6.65,3.87,,,,831690.0,55277.0,32156.0,23.47,0.77,1532.0,138948.0,3.87,5.91,3.62,1.35,-64.41,480.17,214514.0,12667.0,7758.0,,,638.0,,,6.74,3.21,,,,212817.0,14350.0,6838.0
002020,코오롱,2026-07-08 05:27,2025.12,2026.12,2026.03,2026.06,-4.33,0.38,-11553.0,132503.0,-8.92,1.03,-5.04,1.1,-4.92,207.31,58861.0,605.0,-2966.0,9.41,,4976.0,,,4.92,1.08,,,,63206.0,3111.0,680.0,-6.75,0.44,968.0,141633.0,-7.05,6.5,-2.94,1.1,-6.97,204.16,15188.0,988.0,-447.0,,,,,,5.48,,,,,16195.0,888.0,
002025,코오롱우,2026-07-08 05:27,2025.12,2026.12,2026.03,2026.06,-4.33,0.38,-11553.0,132503.0,-8.92,1.03,-5.04,2.25,4.46,207.31,58861.0,605.0,-2966.0,9.41,,4976.0,,,4.92,1.08,,,,63206.0,3111.0,680.0,-6.75,0.44,968.0,141633.0,-7.05,6.5,-2.94,2.25,,204.16,15188.0,988.0,-447.0,,,,,,5.48,,,,,16195.0,888.0,
122450,KX,2026-07-08 05:27,2025.12,2026.12,2026.03,2026.06,8.43,0.44,442.0,8467.0,5.45,11.09,7.38,6.26,9.83,92.64,3461.0,384.0,256.0,3.77,0.31,739.0,8987.0,8.46,13.19,8.96,,,,3851.0,508.0,345.0,6.82,0.37,-81.0,8292.0,5.67,5.3,-1.52,,,90.24,719.0,38.0,-11.0,,,344.0,,,19.6,14.06,,,,1102.0,216.0,155.0
487570,HS효성,2026-07-08 05:27,2025.12,2026.12,2026.03,2026.06,11.0,0.41,5263.0,139520.0,3.68,3.29,1.42,1.73,18.9,73.91,14099.0,464.0,201.0,,,,,,,,,,,,,,7.17,0.37,2087.0,146122.0,5.1,3.42,2.01,1.73,41.08,82.45,3670.0,125.0,74.0,,,,,,,,,,,,,
005440,현대지에프홀딩스,2026-07-08 05:27,2025.12,2026.12,2026.03,2026.06,3.15,0.32,2643.0,25658.0,11.18,3.39,6.41,3.61,11.18,43.57,80916.0,2741.0,5187.0,8.15,0.63,1835.0,23771.0,7.53,4.32,5.2,,,,83018.0,3582.0,4315.0,6.5,0.52,583.0,26621.0,8.69,5.64,7.07,2.82,95.04,46.47,20837.0,1176.0,1472.0,,,494.0,,,5.29,,,,,21404.0,1133.0,
458870,씨어스,2026-07-08 05:27,2025.12,2026.12,2026.03,2026.06,102.08,41.67,425.0,1041.0,52.78,33.89,33.31,,,36.81,482.0,163.0,160.0,22.41,13.25,1542.0,2607.0,84.54,43.5,42.3,,,,1390.0,604.0,588.0,61.95,34.95,361.0,1422.0,52.78,42.59,42.2,,,35.95,325.0,139.0,137.0,,,354.0,,,43.63,42.62,,,,362.0,158.0,154.0
394800,쓰리빌리언,2026-07-08 05:27,2025.12,2026.12,2026.03,2026.06,-106.86,24.54,-171.0,743.0,-20.87,-50.3,-46.22,,,25.73,117.0,-59.0,-54.0,-65.5,9.69,-92.0,620.0,-13.58,-18.65,-15.54,,,,193.0,-36.0,-30.0,-39.31,17.6,-46.0,707.0,-30.7,-49.4,-43.62,,,25.91,34.0,-17.0,-15.0,,,,,,-37.5,-32.5,,,,40.0,-15.0,-13.0
099750,이지케어텍,2026-07-08 05:27,2026.03,2027.03,2026.03,2026.06,19.76,2.68,446.0,3282.0,14.96,6.36,7.72,,,43.37,789.0,50.0,61.0,,,,,,,,,,,,,,19.76,2.68,166.0,3282.0,14.96,6.57,8.7,,,43.37,261.0,17.0,23.0,,,,,,,,,,,,,
035610,솔본,2026-07-08 05:27,2025.12,2026.12,2026.03,2026.06,4.78,0.47,763.0,7775.0,10.28,20.41,28.61,,,20.08,1207.0,246.0,345.0,,,,,,,,,,,,,,3.03,0.43,52.0,7924.0,14.94,10.28,23.36,,,20.22,353.0,36.0,82.0,,,,,,,,,,,,,
032620,GC메디아이,2026-07-08 05:27,2025.12,2026.12,2026.03,2026.06,5.15,1.31,708.0,2787.0,30.72,3.81,19.13,1.37,6.87,43.31,1977.0,75.0,378.0,,,,,,,,,,,,,,5.93,1.41,1.0,2800.0,28.56,4.5,0.97,1.37,-72.56,45.74,498.0,22.0,5.0,,,,,,,,,,,,,
032850,비트컴퓨터,2026-07-08 05:27,2025.12,2026.12,2026.03,2026.06,10.61,0.98,443.0,4786.0,10.24,16.29,20.37,1.4,13.82,12.13,360.0,59.0,73.0,,,,,,,,,,,,,,11.19,1.06,110.0,4837.0,10.7,18.43,18.89,1.4,54.11,13.49,96.0,18.0,18.0,,,,,,,,,,,,,
384470,코어라인소프트,2026-07-08 05:27,2025.12,2026.12,2026.03,2026.06,-4.58,4.13,-892.0,989.0,-132.77,-313.86,-338.41,,,124.48,43.0,-134.0,-145.0,,,,,,,,,,,,,,-3.91,3.44,-175.0,904.0,-137.21,-238.81,-247.9,,,208.52,13.0,-31.0,-32.0,,,,,,,,,,,,,
380550,뉴로핏,2026-07-08 05:27,2025.12,2026.12,2026.03,2026.06,-10.29,13.31,-2162.0,1672.0,141.06,-632.84,-856.15,,,38.21,26.0,-165.0,-224.0,,,,,,,,,,,,,,-7.04,11.86,-480.0,1571.0,,-1208.09,-1192.65,,,15.63,5.0,-58.0,-57.0,,,,,,,,,,,,,
071200,인피니트헬스케어,2026-07-08 05:27,2025.12,2026.12,2026.03,2026.06,5.5,0.76,1082.0,7866.0,14.66,13.88,26.13,3.36,18.46,27.79,1024.0,142.0,268.0,,,,,,,,,,,,,,3.58,0.72,541.0,8285.0,21.48,29.45,41.59,1.68,19.88,27.78,321.0,95.0,134.0,,,,,,,,,,,,,
060370,LS마린솔루션,2026-07-08 05:27,2025.12,2026.12,2026.03,2026.06,152.41,2.43,197.0,12341.0,2.0,2.87,3.42,0.53,97.45,17.67,2442.0,70.0,84.0,58.52,1.99,454.0,13320.0,3.63,6.1,7.9,,,,3002.0,183.0,237.0,112.81,2.37,117.0,12300.0,2.83,7.98,11.57,0.53,806.9,22.72,528.0,42.0,61.0,,,115.0,,,4.4,8.0,,,,750.0,33.0,60.0
009415,태영건설우,2026-07-08 05:27,2025.12,2026.12,2026.03,2026.06,8.14,0.86,216.0,2037.0,11.28,2.43,4.41,,,541.95,21745.0,528.0,958.0,,,,,,,,,,,,,,5.05,0.85,7.0,2059.0,18.73,5.0,-0.84,,,488.87,3549.0,177.0,-30.0,,,,,,,,,,,,,
097230,HJ중공업,2026-07-08 05:27,2025.12,2026.12,2026.03,2026.06,34.81,2.84,605.0,7416.0,10.15,3.35,2.57,,,266.36,19997.0,671.0,514.0,10.88,2.25,1750.0,8462.0,22.04,7.97,6.14,,,,25720.0,2050.0,1580.0,26.44,2.83,283.0,7686.0,13.69,4.54,4.71,,,253.27,5414.0,246.0,255.0,,,,,,8.46,,,,,6620.0,560.0,
094820,일진파워,2026-07-08 05:27,2025.12,2026.12,2026.03,2026.06,10.32,1.3,1231.0,9773.0,13.41,9.57,7.76,2.83,27.88,117.63,2520.0,241.0,196.0,,,,,,,,,,,,,,10.33,1.66,412.0,9838.0,17.16,10.97,10.35,2.83,73.33,109.7,638.0,70.0,66.0,,,,,,,,,,,,,
002990,금호건설,2026-07-08 05:27,2025.12,2026.12,2026.03,2026.06,2.33,0.58,1715.0,6840.0,26.79,2.33,3.09,5.01,11.4,520.23,20185.0,471.0,624.0,8.41,1.76,1469.0,7022.0,21.59,3.33,2.64,,,,20612.0,686.0,544.0,2.34,0.7,293.0,6584.0,31.92,2.67,2.38,5.01,16.45,551.07,4534.0,121.0,108.0,,,355.0,,,3.22,2.59,,,,5406.0,174.0,140.0
011560,세보엠이씨,2026-07-08 05:27,2025.12,2026.12,2026.03,2026.06,4.1,0.5,3377.0,27833.0,13.87,5.64,4.97,4.33,16.44,68.44,7158.0,404.0,356.0,5.43,0.81,4622.0,31066.0,16.16,5.7,4.81,,,,9801.0,559.0,471.0,4.56,0.61,1268.0,28230.0,14.97,6.42,5.36,4.33,54.18,61.87,2459.0,158.0,132.0,,,991.0,,,5.41,,,,,2219.0,120.0,
069140,누리플랜,2026-07-08 05:27,2025.12,2026.12,2026.03,2026.06,181.44,1.06,16.0,2750.0,0.54,4.1,1.16,,,203.28,1176.0,48.0,14.0,,,,,,,,,,,,,,20.16,0.72,49.0,2812.0,3.4,6.31,4.17,,,175.41,272.0,17.0,11.0,,,,,,,,,,,,,
047040,대우건설,2026-07-08 05:27,2025.12,2026.12,2026.03,2026.06,-1.74,0.47,-2195.0,8148.0,-23.89,-10.12,-11.37,,,284.46,80546.0,-8154.0,-9161.0,17.29,1.98,1046.0,9142.0,12.12,8.54,5.56,,,,81068.0,6923.0,4508.0,-8.35,1.78,468.0,8745.0,-19.5,13.1,10.04,,,277.67,19514.0,2556.0,1958.0,,,252.0,,,7.29,3.88,,,,20310.0,1481.0,788.0
066620,국보디자인,2026-07-08 05:27,2025.12,2026.12,2026.03,2026.06,4.42,0.49,5293.0,47874.0,13.15,10.43,9.04,2.14,8.52,46.07,4389.0,458.0,397.0,,,,,,,,,,,,,,3.61,0.45,1807.0,48878.0,15.49,15.13,13.26,2.14,116.58,44.16,1022.0,155.0,136.0,,,,,,,,,,,,,
005965,동부건설우,2026-07-08 05:27,2025.12,2026.12,2026.03,2026.06,2.5,0.23,2251.0,24189.0,10.28,2.42,2.53,1.43,13.33,206.43,17586.0,426.0,445.0,,,,,,,,,,,,,,3.53,0.32,700.0,24718.0,9.84,2.33,3.68,1.43,24.25,207.29,4346.0,101.0,160.0,,,,,,,,,,,,,
000725,현대건설우,2026-07-08 05:27,2025.12,2026.12,2026.03,2026.06,21.12,0.95,3320.0,73523.0,4.58,2.1,1.8,1.54,24.11,174.81,310629.0,6530.0,5591.0,24.01,1.47,4790.0,78100.0,6.32,3.06,2.56,,,,269840.0,8242.0,6912.0,37.48,1.75,1543.0,81251.0,4.95,2.88,3.29,1.54,78.5,157.57,62813.0,1809.0,2068.0,,,1050.0,,,2.96,2.16,,,,67810.0,2005.0,1465.0
028100,동아지질,2026-07-08 05:27,2025.12,2026.12,2026.03,2026.06,12.34,0.93,1398.0,18566.0,8.22,3.86,4.0,3.48,38.85,99.11,4677.0,181.0,187.0,,,,,,,,,,,,,,11.52,0.92,316.0,18768.0,8.86,4.08,3.42,3.48,109.93,103.05,1238.0,51.0,42.0,,,,,,,,,,,,,
037350,성도이엔지,2026-07-08 05:27,2025.12,2026.12,2026.03,2026.06,3.3,0.31,1820.0,19295.0,10.9,7.76,3.79,4.16,12.61,119.63,7434.0,577.0,282.0,,,,,,,,,,,,,,4.55,0.48,654.0,19464.0,10.7,5.39,6.91,4.16,-41.65,130.81,1446.0,78.0,100.0,,,,,,,,,,,,,
002995,금호건설우,2026-07-08 05:27,2025.12,2026.12,2026.03,2026.06,2.33,0.58,1715.0,6840.0,26.79,2.33,3.09,1.71,11.4,520.23,20185.0,471.0,624.0,8.41,1.76,1469.0,7022.0,21.59,3.33,2.64,,,,20612.0,686.0,544.0,2.34,0.7,293.0,6584.0,31.92,2.67,2.38,1.71,16.45,551.07,4534.0,121.0,108.0,,,355.0,,,3.22,2.59,,,,5406.0,174.0,140.0
002460,HS화성,2026-07-08 05:27,2025.12,2026.12,2026.03,2026.06,4.4,0.26,2719.0,45678.0,6.73,6.56,4.69,6.27,25.92,69.49,6595.0,432.0,309.0,,,,,,,,,,,,,,4.22,0.25,451.0,45308.0,6.75,0.28,6.62,6.27,-434.38,68.85,690.0,2.0,46.0,,,,,,,,,,,,,
056730,CNT85,2026-07-08 05:27,2025.12,2026.12,2026.03,2026.06,-3.52,0.72,-854.0,4198.0,-19.54,-23.72,-26.66,,,45.55,475.0,-113.0,-127.0,,,,,,,,,,,,,,-3.02,0.53,61.0,4263.0,-17.0,1.22,6.39,,,37.62,142.0,2.0,9.0,,,,,,,,,,,,,
002290,삼일기업공사,2026-07-08 05:27,2025.12,2026.12,2026.03,2026.06,6.83,0.64,551.0,5910.0,9.62,8.68,8.03,5.98,40.8,33.46,852.0,74.0,68.0,,,,,,,,,,,,,,7.26,0.67,135.0,5820.0,9.47,7.53,8.3,5.98,221.86,33.21,201.0,15.0,17.0,,,,,,,,,,,,,
023350,한국종합기술,2026-07-08 05:27,2025.12,2026.12,2026.03,2026.06,6.17,0.29,780.0,16398.0,5.22,1.46,2.07,3.12,18.27,147.92,4129.0,60.0,85.0,,,,,,,,,,,,,,3.59,0.28,361.0,16592.0,5.22,4.03,4.0,3.12,27.11,154.8,987.0,40.0,40.0,,,,,,,,,,,,,
317400,자이에스앤디,2026-07-08 05:27,2025.12,2026.12,2026.03,2026.06,6.05,0.37,727.0,11817.0,6.42,0.9,2.67,3.41,20.33,70.96,13876.0,125.0,371.0,3.21,,1448.0,,,4.23,5.95,,,,15130.0,640.0,900.0,4.69,0.34,124.0,11825.0,7.67,4.2,3.15,3.41,-589.6,67.68,2703.0,113.0,85.0,,,102.0,,,2.79,3.41,,,,3230.0,90.0,110.0
003075,코오롱글로벌우,2026-07-08 05:27,2025.12,2026.12,2026.03,2026.06,-0.96,0.34,-9461.0,26910.0,-29.22,0.14,-7.46,2.94,32.67,332.25,26844.0,37.0,-2004.0,4.27,0.34,2293.0,28694.0,8.36,3.96,1.69,,,,30206.0,1196.0,510.0,-1.6,0.39,439.0,27252.0,-22.64,3.49,1.73,2.28,15.32,346.87,6312.0,220.0,109.0,,,650.0,,,4.01,,,,,8044.0,322.0,
012630,HDC,2026-07-08 05:27,2025.12,2026.12,2026.03,2026.06,3.71,0.32,5038.0,59006.0,10.82,9.85,6.33,2.41,7.4,133.68,65848.0,6489.0,4165.0,5.55,0.33,3783.0,63032.0,7.48,9.92,5.18,,,,69186.0,6860.0,3587.0,5.54,0.46,1149.0,60098.0,10.55,14.34,8.52,2.41,23.1,125.96,12574.0,1803.0,1072.0,,,1373.0,,,10.19,,,,,18060.0,1840.0,
004960,한신공영,2026-07-08 05:27,2025.12,2026.12,2026.03,2026.06,1.99,0.14,5172.0,72296.0,7.43,5.61,5.04,1.46,2.9,162.99,11492.0,645.0,579.0,,,,,,,,,,,,,,2.55,0.21,1095.0,73311.0,8.44,7.66,4.88,1.46,6.63,162.06,2524.0,193.0,123.0,,,,,,,,,,,,,
036190,금화피에스시,2026-07-08 05:27,2025.12,2026.12,2026.03,2026.06,5.85,0.46,5099.0,65215.0,8.2,10.34,7.22,5.36,30.89,27.38,4234.0,438.0,306.0,,,,,,,,,,,,,,7.55,0.58,487.0,64118.0,8.04,1.51,3.44,5.36,97.3,24.03,849.0,13.0,29.0,,,,,,,,,,,,,
005960,동부건설,2026-07-08 05:27,2025.12,2026.12,2026.03,2026.06,2.5,0.23,2251.0,24189.0,10.28,2.42,2.53,5.33,13.33,206.43,17586.0,426.0,445.0,,,,,,,,,,,,,,3.53,0.32,700.0,24718.0,9.84,2.33,3.68,5.33,24.25,207.29,4346.0,101.0,160.0,,,,,,,,,,,,,
085810,알티캐스트,2026-07-08 05:27,2025.12,2026.12,2026.03,2026.06,-44.67,0.84,-77.0,4129.0,-1.86,5.98,0.02,,,38.59,532.0,32.0,0.0,,,,,,,,,,,,,,-12.83,0.68,-129.0,3796.0,-4.83,-6.24,-9.99,,,50.66,175.0,-11.0,-17.0,,,,,,,,,,,,,
054930,유신,2026-07-08 05:27,2025.12,2026.12,2026.03,2026.06,6.46,0.44,3507.0,51711.0,6.95,2.4,2.73,3.97,25.66,118.65,3855.0,92.0,105.0,,,,,,,,,,,,,,8.26,0.45,122.0,50933.0,5.59,-0.7,0.34,3.97,55.85,112.85,1086.0,-8.0,4.0,,,,,,,,,,,,,
355150,코스텍시스,2026-07-08 05:27,2025.12,2026.12,2026.03,2026.06,-187.13,4.45,-72.0,3033.0,-2.51,1.21,-3.7,,,151.1,152.0,2.0,-6.0,21.4,5.46,981.0,3847.0,29.25,24.05,19.27,,,,397.0,96.0,76.0,219.26,5.66,122.0,3668.0,2.92,20.76,17.39,,,96.32,54.0,11.0,9.0,,,167.0,,,23.29,17.81,,,,73.0,17.0,13.0
452430,사피엔반도체,2026-07-08 05:27,2025.12,2026.12,2026.03,2026.06,-65.17,24.33,-585.0,1566.0,-32.67,-26.37,-27.66,,,145.68,173.0,-46.0,-48.0,69.17,14.57,419.0,1987.0,23.58,6.68,9.8,,,,352.0,24.0,34.0,-88.46,17.92,44.0,1638.0,-18.98,1.42,5.1,,,139.15,71.0,1.0,4.0,,,73.0,,,1.37,8.22,,,,73.0,1.0,6.0
147760,피엠티,2026-07-08 05:27,2025.12,2026.12,2026.03,2026.06,-1.1,2.79,-2077.0,819.0,-112.95,-80.65,-88.89,,,503.0,253.0,-204.0,-225.0,,,,,,,,,,,,,,-1.65,2.81,117.0,937.0,-93.04,1.02,8.0,,,499.59,159.0,2.0,13.0,,,,,,,,,,,,,
418420,라온텍,2026-07-08 05:27,2025.12,2026.12,2026.03,2026.06,-20.39,8.04,-216.0,549.0,-39.93,-66.43,-74.91,,,150.76,87.0,-58.0,-66.0,,,,,,,,,,,,,,-21.13,11.97,-117.0,435.0,-55.75,-361.37,-389.0,,,202.31,9.0,-33.0,-36.0,,,,,,,,,,,,,
170920,엘티씨,2026-07-08 05:27,2025.12,2026.12,2026.03,2026.06,39.98,1.53,480.0,12514.0,4.05,9.55,5.86,0.52,21.47,71.36,3104.0,296.0,182.0,21.72,3.38,2262.0,14532.0,17.1,15.02,11.83,,,,4329.0,650.0,512.0,29.99,2.29,784.0,13230.0,8.29,18.31,17.32,0.52,35.48,68.49,988.0,181.0,171.0,,,682.0,,,16.92,,,,,1318.0,223.0,
195870,해성디에스,2026-07-08 05:27,2025.12,2026.12,2026.03,2026.06,39.75,1.68,1401.0,33198.0,4.25,7.12,3.65,1.62,64.23,56.04,6534.0,465.0,238.0,13.92,1.59,4189.0,36585.0,12.01,10.92,8.54,,,,8254.0,901.0,705.0,23.33,1.42,637.0,32887.0,6.18,5.82,5.74,1.62,159.29,60.57,1887.0,110.0,108.0,,,934.0,,,10.89,7.83,,,,2035.0,222.0,159.0
078350,한양디지텍,2026-07-08 05:27,2025.12,2026.12,2026.03,2026.06,21.94,1.85,982.0,11658.0,9.09,3.67,2.3,,,75.0,6511.0,239.0,150.0,,,,,,,,,,,,,,26.12,2.2,330.0,12722.0,9.2,3.52,2.62,,,76.71,1920.0,68.0,50.0,,,,,,,,,,,,,
077360,덕산하이메탈,2026-07-08 05:27,2025.12,2026.12,2026.03,2026.06,-2.61,1.34,-2333.0,4544.0,-40.79,1.19,-48.94,,,94.52,2364.0,28.0,-1157.0,27.85,1.94,341.0,4888.0,7.23,8.69,5.03,,,,3338.0,290.0,168.0,-4.51,2.11,121.0,4700.0,-37.89,-0.97,7.54,,,95.62,687.0,-7.0,52.0,,,,,,8.58,,,,,832.0,71.0,
052860,아이앤씨,2026-07-08 05:27,2025.12,2026.12,2026.03,2026.06,9.96,1.19,256.0,2140.0,14.03,10.98,11.62,,,48.32,369.0,40.0,43.0,,,,,,,,,,,,,,14.39,1.88,60.0,2205.0,15.44,11.4,11.5,,,50.55,90.0,10.0,10.0,,,,,,,,,,,,,
000990,DB하이텍,2026-07-08 05:27,2025.12,2026.12,2026.03,2026.06,11.69,1.28,5783.0,52634.0,12.52,19.85,18.08,1.2,13.35,33.36,13972.0,2773.0,2526.0,13.48,1.94,8377.0,58149.0,15.92,22.6,22.75,,,,16046.0,3626.0,3651.0,11.64,1.45,2002.0,54083.0,14.16,17.01,23.19,1.2,56.82,28.93,3746.0,637.0,869.0,,,1965.0,,,22.97,21.67,,,,3892.0,894.0,844.0
403870,HPSP,2026-07-08 05:27,2025.12,2026.12,2026.03,2026.06,38.5,8.79,870.0,3811.0,24.79,51.98,42.01,1.49,55.65,19.95,1730.0,899.0,727.0,31.01,9.58,1435.0,4646.0,34.53,53.25,49.62,,,,2387.0,1271.0,1185.0,41.47,11.35,298.0,3604.0,30.51,50.52,77.84,1.49,173.77,34.08,319.0,161.0,249.0,,,245.0,,,52.07,45.07,,,,446.0,232.0,201.0
033160,엠케이전자,2026-07-08 05:27,2025.12,2026.12,2026.03,2026.06,140.06,0.48,60.0,17625.0,0.37,1.01,0.98,1.43,193.98,153.02,14038.0,142.0,138.0,,,,,,4.97,,,,,22064.0,1096.0,,57.76,0.88,216.0,17263.0,1.61,3.36,2.56,1.43,-88.91,160.09,4501.0,151.0,115.0,,,,,,5.6,,,,,5358.0,300.0,
429270,시지트로닉스,2026-07-08 05:27,2025.12,2026.12,2026.03,2026.06,-2.94,1.35,-1576.0,3429.0,-35.11,-59.5,-62.86,,,53.92,127.0,-76.0,-80.0,-3.51,1.64,-1085.0,2326.0,-37.72,-38.89,-38.89,,,,180.0,-70.0,-70.0,-2.85,1.43,-320.0,3109.0,-40.44,-63.07,-57.53,,,60.72,36.0,-23.0,-21.0,,,,,,,,,,,,,
445180,퓨릿,2026-07-08 05:27,2025.12,2026.12,2026.03,2026.06,9.85,1.41,893.0,6252.0,15.1,12.08,10.63,1.37,13.61,14.23,1425.0,172.0,152.0,,,,,,,,,,,,,,7.8,1.19,283.0,6413.0,16.39,15.79,12.89,1.37,55.36,17.08,378.0,60.0,49.0,,,,,,,,,,,,,
025560,미래산업,2026-07-08 05:27,2025.12,2026.12,2026.03,2026.06,5.76,0.5,2391.0,27450.0,8.85,18.0,19.91,,,24.26,508.0,91.0,101.0,,,,,,,,,,,,,,3.48,0.44,1319.0,28782.0,13.52,23.56,28.51,,,30.22,207.0,49.0,59.0,,,,,,,,,,,,,
114810,한솔아이원스,2026-07-08 05:27,2025.12,2026.12,2026.03,2026.06,12.11,1.57,988.0,7613.0,14.49,16.76,14.3,,,20.97,1988.0,333.0,284.0,8.41,1.36,1486.0,9179.0,18.27,20.06,17.47,,,,2408.0,483.0,420.0,15.82,1.64,189.0,7815.0,11.37,14.48,11.01,,,17.06,492.0,71.0,54.0,,,310.0,,,17.25,16.15,,,,545.0,94.0,88.0
102120,어보브반도체,2026-07-08 05:27,2025.12,2026.12,2026.03,2026.06,21.26,1.68,569.0,7205.0,8.76,4.16,0.8,1.65,32.64,85.22,2441.0,101.0,20.0,,,,,,,,,,,,,,19.74,1.39,290.0,7336.0,7.77,5.06,6.34,1.65,-155.81,81.75,625.0,32.0,40.0,,,,,,,,,,,,,
089970,브이엠,2026-07-08 05:27,2025.12,2026.12,2026.03,2026.06,29.68,4.43,1018.0,6824.0,17.34,17.09,18.09,,,40.37,1444.0,247.0,261.0,30.13,9.69,3229.0,10044.0,38.36,29.79,26.83,,,,3157.0,940.0,847.0,19.91,4.93,985.0,7858.0,30.38,33.91,28.78,,,40.26,889.0,301.0,256.0,,,1014.0,,,31.36,25.21,,,,922.0,289.0,232.0
440110,파두,2026-07-08 05:27,2025.12,2026.12,2026.03,2026.06,-13.89,54.39,-1530.0,391.0,-131.08,-70.84,-82.47,,,518.5,924.0,-655.0,-762.0,79.14,55.7,917.0,1303.0,108.63,14.86,15.22,,,,3015.0,448.0,459.0,-42.73,68.8,209.0,668.0,-90.14,12.91,17.16,,,326.82,595.0,77.0,102.0,,,134.0,,,15.37,11.07,,,,605.0,93.0,67.0
064760,티씨케이,2026-07-08 05:27,2025.12,2026.12,2026.03,2026.06,23.71,3.06,5996.0,46452.0,13.5,27.84,23.2,1.01,22.87,9.3,3013.0,839.0,699.0,24.28,4.39,9842.0,54424.0,19.51,31.99,27.96,,,,3935.0,1259.0,1100.0,34.91,4.84,2246.0,47237.0,14.57,29.93,26.33,1.01,92.63,11.61,954.0,286.0,251.0,,,2353.0,,,31.49,27.4,,,,960.0,302.0,263.0
082270,젬백스,2026-07-08 05:27,2025.12,2026.12,2026.03,2026.06,-106.27,21.47,-273.0,1351.0,-26.29,4.65,-13.91,,,177.61,815.0,38.0,-113.0,,,,,,,,,,,,,,-364.51,18.48,-34.0,1837.0,-6.43,-4.19,-8.17,,,118.3,183.0,-8.0,-15.0,,,,,,,,,,,,,
323350,다원넥스뷰,2026-07-08 05:27,2025.12,2026.12,2026.03,2026.06,11.95,2.21,434.0,2351.0,20.38,14.96,12.91,,,71.93,269.0,40.0,35.0,13.78,3.03,662.0,3010.0,24.7,15.15,14.6,,,,363.0,55.0,53.0,18.88,4.05,106.0,2456.0,24.06,20.03,26.78,,,79.67,32.0,6.0,8.0,,,,,,,,,,,,,
102710,이엔에프테크놀로지,2026-07-08 05:27,2025.12,2026.12,2026.03,2026.06,12.93,1.5,3635.0,31327.0,12.29,11.64,7.5,0.43,5.5,66.47,6709.0,781.0,503.0,9.84,1.15,4140.0,35310.0,12.43,11.29,8.23,,,,7292.0,823.0,600.0,11.72,1.43,1367.0,32555.0,13.01,14.58,11.55,0.43,44.09,62.16,1709.0,249.0,197.0,,,980.0,,,10.48,,,,,1804.0,189.0,
097800,윈팩,2026-07-08 05:27,2025.12,2026.12,2026.03,2026.06,-4.61,1.12,-560.0,2304.0,-21.22,-18.91,-18.12,,,107.8,755.0,-143.0,-137.0,,,,,,,,,,,,,,-3.75,0.88,-83.0,2225.0,-21.29,-9.26,-10.24,,,107.15,222.0,-21.0,-23.0,,,,,,,,,,,,,
160980,싸이맥스,2026-07-08 05:27,2025.12,2026.12,2026.03,2026.06,10.68,0.82,1368.0,17779.0,8.12,14.2,9.09,2.74,29.25,15.33,1644.0,233.0,149.0,,,,,,,,,,,,,,18.92,1.3,362.0,17758.0,7.22,11.67,9.77,2.74,-1002.42,23.37,405.0,47.0,40.0,,,,,,,,,,,,,
119830,아이텍,2026-07-08 05:27,2025.12,2026.12,2026.03,2026.06,-26.36,0.75,-211.0,7422.0,-2.75,-0.53,-14.43,,,22.37,485.0,-3.0,-70.0,,,,,,,,,,,,,,-11.26,0.8,-330.0,7234.0,-6.62,-2.45,-70.09,,,37.84,121.0,-3.0,-85.0,,,,,,,,,,,,,
005935,삼성전자우,2026-07-08 05:27,2025.12,2026.12,2026.03,2026.06,18.27,1.87,6564.0,63997.0,10.85,13.07,13.55,1.87,25.1,29.94,3336059.0,436010.0,452068.0,6.99,2.95,45507.0,107710.0,53.65,51.3,42.42,,,,7266162.0,3727568.0,3082502.0,13.51,2.33,6993.0,71907.0,19.16,42.75,35.28,0.33,5.21,30.15,1338734.0,572328.0,472253.0,,,10530.0,,,48.61,42.11,,,,1745314.0,848367.0,734933.0
425420,티에프이,2026-07-08 05:27,2025.12,2026.12,2026.03,2026.06,23.13,3.87,1574.0,9411.0,19.3,17.05,16.2,,,31.54,1117.0,191.0,181.0,14.25,,2620.0,,,22.04,,,,,1579.0,348.0,,35.76,5.58,288.0,10417.0,18.45,10.31,10.66,,,34.1,323.0,33.0,34.0,,,,,,,,,,,,,
089890,코세스,2026-07-08 05:27,2025.12,2026.12,2026.03,2026.06,27.32,4.69,796.0,4635.0,19.58,21.11,16.03,,,24.65,824.0,174.0,132.0,,,,,,,,,,,,,,25.15,3.49,151.0,5404.0,16.19,11.54,19.82,,,28.92,126.0,15.0,25.0,,,,,,,,,,,,,
347740,피엔케이피부임상연구센타,2026-07-08 05:27,2025.12,2026.12,2026.03,2026.06,16.4,0.92,156.0,2792.0,5.95,17.29,20.21,1.95,27.02,7.51,228.0,39.0,46.0,,,,,,,,,,,,,,15.73,0.71,50.0,2800.0,4.79,15.37,23.41,1.95,-144.35,8.41,62.0,10.0,15.0,,,,,,,,,,,,,
127120,제이에스링크,2026-07-08 05:27,2025.12,2026.12,2026.03,2026.06,-29.69,8.31,-601.0,2147.0,-35.13,-64.64,-85.14,,,79.37,193.0,-125.0,-164.0,,,,,,,,,,,,,,-72.25,14.65,-113.0,2591.0,-26.29,-203.43,-156.95,,,60.37,24.0,-49.0,-38.0,,,,,,,,,,,,,
494120,큐리오시스,2026-07-08 05:27,2025.12,2026.12,2026.03,2026.06,-40.8,13.23,-1201.0,3703.0,-41.49,-103.05,-107.69,,,21.37,73.0,-75.0,-79.0,-222.93,6.95,-111.0,3578.0,-3.06,-7.55,-5.35,,,,159.0,-12.0,-8.0,-56.5,16.76,-194.0,3509.0,-41.28,-140.17,-128.75,,,22.76,11.0,-16.0,-15.0,,,,,,,,,,,42.0,,
226950,올릭스,2026-07-08 05:27,2025.12,2026.12,2026.03,2026.06,-181.5,20.84,-774.0,6738.0,-18.83,-204.36,-107.34,,,30.18,147.0,-300.0,-157.0,,,,,,,,,,,,,,-320.6,28.51,-440.0,6493.0,-14.41,-301.94,-273.5,,,28.17,36.0,-108.0,-98.0,,,,,,,,,,,,,
950130,엑세스바이오,2026-07-08 05:27,2025.12,2026.12,2026.03,2026.06,-1.75,0.26,-2177.0,14770.0,-13.6,-202.71,-265.79,,,8.85,313.0,-634.0,-831.0,,,,,,,,,,,,,,-1.26,0.18,-202.0,15112.0,-13.76,-209.58,-143.72,,,8.8,54.0,-113.0,-77.0,,,,,,,,,,,,,
199730,바이오인프라,2026-07-08 05:27,2025.12,2026.12,2026.03,2026.06,-2.52,1.4,-1877.0,3390.0,-41.45,-27.12,-39.45,6.34,-15.98,111.99,231.0,-63.0,-91.0,,,,,,,,,,,,,,-1.95,1.54,-513.0,2578.0,-54.29,-43.8,-45.37,6.34,-40.71,174.97,55.0,-24.0,-25.0,,,,,,,,,,,,,
039860,나노엔텍,2026-07-08 05:27,2025.12,2026.12,2026.03,2026.06,127.58,2.5,47.0,2404.0,1.92,2.89,4.14,,,7.72,381.0,11.0,16.0,,,,,,,,,,,,,,68.49,2.13,38.0,2432.0,3.19,1.42,13.79,,,9.38,105.0,1.0,14.0,,,,,,,,,,,,,
238120,얼라인드,2026-07-08 05:27,2025.12,2026.12,2026.03,2026.06,19.11,1.46,202.0,2643.0,8.01,15.25,18.18,,,55.52,160.0,24.0,29.0,,,,,,,,,,,,,,21.61,1.56,29.0,2671.0,7.63,6.31,11.47,,,57.02,36.0,2.0,4.0,,,,,,,,,,,,,
382150,온코크로스,2026-07-08 05:27,2025.12,2026.12,2026.03,2026.06,-12.83,8.62,-747.0,1112.0,-52.79,-2383.02,-2410.17,,,116.55,4.0,-88.0,-89.0,,,,,,,,,,,,,,-9.49,7.66,-217.0,959.0,-61.99,-1503.23,-1574.9,,,195.96,2.0,-25.0,-26.0,,,,,,,,,,,,,
036220,오상헬스케어,2026-07-08 05:27,2025.12,2026.12,2026.03,2026.06,55.24,0.58,214.0,20439.0,1.1,1.89,2.42,1.69,88.46,19.51,1286.0,24.0,31.0,,,,,,,,,,,,,,-28.68,0.43,-248.0,20463.0,-1.57,-19.17,-15.75,1.69,-76.4,21.34,229.0,-44.0,-36.0,,,,,,,,,,,,,
038290,마크로젠,2026-07-08 05:27,2025.12,2026.12,2026.03,2026.06,90.09,1.16,187.0,14505.0,1.28,0.09,-0.1,2.96,267.03,104.07,1953.0,2.0,-2.0,,,,,,,,,,,,,,45.22,1.13,-40.0,14017.0,2.48,-1.12,-1.82,2.96,160.46,120.0,453.0,-5.0,-8.0,,,,,,,,,,,,,
340450,지씨지놈,2026-07-08 05:27,2025.12,2026.12,2026.03,2026.06,36.97,2.06,184.0,3310.0,7.26,3.92,12.83,,,8.12,315.0,12.0,40.0,18.54,1.37,262.0,3552.0,7.64,8.19,16.2,,,,383.0,31.0,62.0,38.46,2.29,34.0,3344.0,7.26,1.88,10.94,,,11.41,74.0,1.0,8.0,,,,,,3.7,,,,,81.0,3.0,
317690,퀀타매트릭스,2026-07-08 05:27,2025.12,2026.12,2026.03,2026.06,-4.56,2.4,-1051.0,1998.0,-83.64,-421.76,-527.63,,,31.66,37.0,-156.0,-195.0,,,,,,,,,,,,,,-3.5,2.04,-232.0,1783.0,-85.77,-556.12,-641.11,,,33.35,7.0,-40.0,-47.0,,,,,,,,,,,,,
383930,디티앤씨알오,2026-07-08 05:27,2025.12,2026.12,2026.03,2026.06,-11.92,1.32,-217.0,1963.0,-10.33,-12.03,-5.82,,,260.21,477.0,-57.0,-28.0,,,,,,,,,,,,,,-3.43,3.72,-1078.0,885.0,-68.79,-35.38,-136.04,,,730.67,101.0,-36.0,-138.0,,,,,,,,,,,,,
445680,큐리옥스바이오시스템즈,2026-07-08 05:27,2025.12,2026.12,2026.03,2026.06,-71.12,37.93,-1645.0,3084.0,-53.58,-239.04,-527.56,,,47.75,52.0,-123.0,-272.0,-61.38,17.1,-687.0,2465.0,-24.79,-200.0,-193.44,,,,61.0,-122.0,-118.0,-64.88,33.57,-154.0,3021.0,-53.84,-245.45,-199.36,,,50.29,13.0,-33.0,-26.0,,,,,,,,,,,,,
311690,CJ 바이오사이언스,2026-07-08 05:27,2025.12,2026.12,2026.03,2026.06,-5.07,2.27,-1837.0,4105.0,-36.54,-671.24,-650.1,,,34.86,37.0,-248.0,-240.0,,,,,,,,,,,,,,-4.44,2.12,-392.0,3682.0,-38.42,-682.2,-654.82,,,35.29,8.0,-53.0,-51.0,,,,,,,,,,,,,
245620,EDGC,2026-07-08 05:27,2025.12,2026.12,2026.03,2026.06,0.61,-0.76,1224.0,-980.0,-83.46,-20.25,358.13,,,-295.39,79.0,-16.0,282.0,,,,,,,,,,,,,,0.36,1.88,880.0,394.0,375.67,-81.43,1545.56,,,196.39,16.0,-13.0,247.0,,,,,,,,,,,,,
241820,피씨엘,2026-07-08 05:27,2024.12,2025.12,2025.09,2025.12,-0.56,4.33,-19825.0,2558.0,-245.68,-2175.38,-4240.53,,,203.2,12.0,-271.0,-528.0,,,,,,,,,,,,,,-0.36,6.19,74.0,976.0,-179.27,10.57,17.06,,,529.38,12.0,1.0,2.0,,,,,,,,,,,,,
205470,휴마시스,2026-07-08 05:27,2025.12,2026.12,2026.03,2026.06,-8.4,0.53,-604.0,9503.0,-7.03,-35.05,-72.16,,,38.94,301.0,-106.0,-217.0,,,,,,,,,,,,,,-9.12,0.38,134.0,9612.0,-4.67,-18.22,36.5,,,38.51,89.0,-16.0,33.0,,,,,,,,,,,,,
182400,엔케이젠바이오텍코리아,2026-07-08 05:27,2025.12,2026.12,2026.03,2026.06,-22.89,37.21,-160.0,99.0,81.99,-32.21,-93.39,,,101.46,79.0,-25.0,-73.0,,,,,,,,,,,,,,341.22,43.02,-18.0,85.0,-7.3,-76.59,-80.41,,,113.58,16.0,-12.0,-13.0,,,,,,,,,,,,,
086040,바이오톡스텍,2026-07-08 05:27,2025.12,2026.12,2026.03,2026.06,38.63,1.08,73.0,2607.0,2.9,-10.23,-3.35,,,312.16,470.0,-48.0,-16.0,,,,,,,,,,,,,,63.8,1.24,-117.0,2486.0,2.0,-15.35,-22.83,,,344.69,119.0,-18.0,-27.0,,,,,,,,,,,,,
461030,아이엠비디엑스,2026-07-08 05:27,2025.12,2026.12,2026.03,2026.06,-17.47,5.51,-566.0,1795.0,-27.54,-162.6,-148.89,,,7.77,53.0,-87.0,-79.0,,,,,,,,,,,,,,-10.83,3.81,-159.0,1700.0,-30.6,-192.92,-176.21,,,8.54,13.0,-25.0,-22.0,,,,,,,,,,,,,
096530,씨젠,2026-07-08 05:27,2025.12,2026.12,2026.03,2026.06,25.75,1.08,924.0,22020.0,4.81,7.29,10.22,4.2,95.53,21.66,4742.0,346.0,484.0,16.71,1.26,1739.0,23044.0,8.79,14.72,17.1,,,,5322.0,784.0,910.0,21.09,0.97,665.0,22455.0,5.34,18.24,26.91,1.37,39.35,22.71,1291.0,236.0,347.0,,,371.0,,,14.02,,,,,1284.0,180.0,
131220,대한과학,2026-07-08 05:27,2025.12,2026.12,2026.03,2026.06,10.93,0.8,440.0,6035.0,7.53,6.82,5.89,2.6,28.39,27.2,811.0,55.0,48.0,,,,,,,,,,,,,,10.14,0.75,74.0,5993.0,7.61,5.53,5.21,2.6,2093.73,25.55,176.0,10.0,9.0,,,,,,,,,,,,,
475960,토모큐브,2026-07-08 05:27,2025.12,2026.12,2026.03,2026.06,-139.84,17.51,-365.0,2912.0,-11.91,-49.25,-42.54,,,7.0,113.0,-56.0,-48.0,889.85,11.32,37.0,2936.0,1.28,0.46,2.28,,,,219.0,1.0,5.0,-210.47,18.9,-101.0,2836.0,-8.73,-67.92,-49.35,,,7.73,27.0,-19.0,-14.0,,,-45.0,,,-13.33,-13.33,,,,45.0,-6.0,-6.0
068330,일신바이오,2026-07-08 05:27,2025.12,2026.12,2026.03,2026.06,14.86,1.04,108.0,1555.0,7.65,31.29,32.99,0.62,8.69,5.85,145.0,45.0,48.0,,,,,,,,,,,,,,12.13,0.89,22.0,1568.0,8.09,18.04,38.72,0.62,28.45,11.22,25.0,5.0,10.0,,,,,,,,,,,,,
206640,바디텍메드,2026-07-08 05:27,2025.12,2026.12,2026.03,2026.06,12.96,1.21,1012.0,10825.0,10.71,17.85,14.73,1.14,13.6,15.34,1621.0,289.0,239.0,,,,,,,,,,,,,,9.82,0.99,418.0,11130.0,11.4,15.88,22.17,1.14,253.91,16.04,428.0,68.0,95.0,,,,,,,,,,,,,
460470,아이빔테크놀로지,2026-07-08 05:27,2025.12,2026.12,2026.03,2026.06,-13.06,1.8,-252.0,1828.0,-12.91,-94.91,-86.9,,,9.37,44.0,-42.0,-38.0,,,,,,,,,,,,,,-13.17,1.88,-90.0,1738.0,-13.35,-1896.84,-1771.23,,,10.62,1.0,-15.0,-14.0,,,,,,,,,,,,,
293580,나우IB,2026-07-08 05:27,2025.12,2026.12,2026.03,2026.06,25.44,1.41,61.0,1101.0,5.64,25.04,19.84,1.42,36.11,62.31,292.0,73.0,58.0,,,,,,,,,,,,,,-162.53,1.54,3.0,1083.0,-0.93,4.63,4.81,1.42,-47.17,64.8,67.0,3.0,3.0,,,,,,,,,,,,,
027360,아주IB투자,2026-07-08 05:27,2025.12,2026.12,2026.03,2026.06,41.98,1.3,69.0,2227.0,3.15,23.42,16.39,2.43,100.84,26.77,507.0,119.0,83.0,,,,,,,,,,,,,,71.36,3.66,50.0,2220.0,5.25,40.21,30.23,2.43,264.78,24.23,200.0,81.0,61.0,,,,,,,,,,,,,
100790,미래에셋벤처투자,2026-07-08 05:27,2025.12,2026.12,2026.03,2026.06,21.38,1.75,582.0,7122.0,8.47,14.64,12.9,1.86,52.77,190.79,2398.0,351.0,309.0,,,,,,,,,,,,,,32.58,3.65,211.0,7335.0,11.86,28.11,20.92,,,177.34,537.0,151.0,112.0,,,,,,,,,,,,,
307930,컴퍼니케이,2026-07-08 05:27,2025.12,2026.12,2026.03,2026.06,13.78,1.22,464.0,5253.0,9.25,45.23,33.52,2.5,34.49,6.7,216.0,98.0,72.0,,,,,,,,,,,,,,10.95,1.32,270.0,5363.0,12.6,69.88,54.13,2.5,117.2,10.44,78.0,54.0,42.0,,,,,,,,,,,,,
330730,스톤브릿지벤처스,2026-07-08 05:27,2025.12,2026.12,2026.03,2026.06,8.53,0.97,612.0,5362.0,12.36,52.69,43.49,5.75,47.25,9.56,255.0,135.0,111.0,,,,,,,,,,,,,,4.29,0.98,737.0,5832.0,26.32,77.61,68.43,5.75,73.27,15.11,196.0,152.0,134.0,,,,,,,,,,,,,
471050,대신밸런스제17호스팩,2026-07-08 05:27,2025.12,2026.12,2026.03,2026.06,83.39,1.09,26.0,1990.0,1.31,,,,,10.51,,-1.0,2.0,,,,,,,,,,,,,,60.0,1.05,17.0,2008.0,1.77,,,,,10.12,,-0.0,1.0,,,,,,,,,,,,,
021080,에이티넘인베스트,2026-07-08 05:27,2025.12,2026.12,2026.03,2026.06,5.49,0.65,523.0,4446.0,12.96,45.32,35.56,4.88,25.66,10.1,706.0,320.0,251.0,,,,,,,,,,,,,,5.23,0.67,70.0,4379.0,14.03,51.44,39.65,4.88,-3297.55,8.44,84.0,43.0,33.0,,,,,,,,,,,,,
026890,스틱인베스트먼트,2026-07-08 05:27,2025.12,2026.12,2026.03,2026.06,25.99,1.33,361.0,7052.0,5.99,18.84,16.29,2.9,96.79,20.26,912.0,172.0,149.0,,,,,,,,,,,,,,15.35,1.19,88.0,7161.0,9.39,27.2,21.7,,,20.0,168.0,46.0,37.0,,,,,,,,,,,,,
019550,SBI인베스트먼트,2026-07-08 05:27,2025.12,2026.12,2026.03,2026.06,12.46,0.79,115.0,1823.0,6.56,28.5,28.51,,,4.65,327.0,93.0,93.0,,,,,,,,,,,,,,7.28,0.64,61.0,1886.0,9.2,60.94,60.94,,,4.9,81.0,49.0,49.0,,,,,,,,,,,,,
440290,HB인베스트먼트,2026-07-08 05:27,2025.12,2026.12,2026.03,2026.06,9.47,0.66,226.0,3223.0,6.98,41.71,35.29,5.61,53.76,6.94,174.0,73.0,61.0,,,,,,,,,,,,,,8.53,0.65,30.0,3133.0,7.74,27.72,26.04,5.61,323.99,11.81,32.0,9.0,8.0,,,,,,,,,,,,,
452300,캡스톤파트너스,2026-07-08 05:27,2025.12,2026.12,2026.03,2026.06,16.93,1.14,163.0,2434.0,6.9,31.3,30.83,1.05,17.77,18.57,75.0,23.0,23.0,,,,,,,,,,,,,,22.36,1.56,23.0,2422.0,7.16,25.07,21.11,1.05,137.03,20.72,15.0,4.0,3.0,,,,,,,,,,,,,
241520,DSC인베스트먼트,2026-07-08 05:27,2025.12,2026.12,2026.03,2026.06,11.34,1.48,637.0,4874.0,14.58,49.49,39.37,0.55,5.98,36.52,451.0,223.0,178.0,,,,,,,,,,,,,,16.56,2.62,135.0,4979.0,17.85,36.98,28.44,0.55,8.28,46.37,124.0,46.0,35.0,,,,,,,,,,,,,
488060,유진스팩11호,2026-07-08 05:27,2025.12,2026.12,2026.03,2026.06,54.23,1.01,38.0,2018.0,1.88,,,,,16.61,,-0.0,2.0,,,,,,,,,,,,,,58.85,1.01,5.0,2023.0,1.74,,,,,16.87,,-0.0,0.0,,,,,,,,,,,,,
474490,유안타제16호스팩,2026-07-08 05:27,2025.12,2026.12,2026.03,2026.06,52.92,1.0,38.0,2024.0,1.91,,,,,15.31,,-0.0,2.0,,,,,,,,,,,,,,57.49,1.0,7.0,2031.0,1.76,,,,,15.53,,-0.0,0.0,,,,,,,,,,,,,
473050,유안타제15호스팩,2026-07-08 05:27,2025.12,2026.12,2026.03,2026.06,59.41,1.02,34.0,2004.0,1.73,,,,,12.01,,-0.0,2.0,,,,,,,,,,,,,,63.93,1.02,7.0,2011.0,1.61,,,,,11.78,,-0.0,0.0,,,,,,,,,,,,,
481890,엔에이치스팩31호,2026-07-08 05:27,2025.12,2026.12,2026.03,2026.06,58.47,1.05,36.0,2027.0,1.8,,,,,18.89,,-0.0,2.0,,,,,,,,,,,,,,66.62,1.03,6.0,2034.0,1.56,,,,,19.12,,-0.0,0.0,,,,,,,,,,,,,
472220,신영스팩10호,2026-07-08 05:27,2025.12,2026.12,2026.03,2026.06,68.69,1.06,32.0,2069.0,1.55,,,,,16.32,,-0.0,1.0,,,,,,,,,,,,,,61.46,1.05,3.0,2072.0,1.71,,,,,16.29,,-0.0,0.0,,,,,,,,,,,,,
309960,LB인베스트먼트,2026-07-08 05:27,2025.12,2026.12,2026.03,2026.06,10.31,1.0,536.0,5521.0,10.11,36.59,47.07,3.62,36.99,6.9,264.0,97.0,124.0,,,,,,,,,,,,,,9.28,0.96,54.0,5373.0,10.82,16.1,9.65,3.62,94.26,13.91,131.0,21.0,13.0,,,,,,,,,,,,,
246690,TS인베스트먼트,2026-07-08 05:27,2025.12,2026.12,2026.03,2026.06,8.09,0.66,338.0,4150.0,8.19,45.99,35.69,1.1,9.4,27.26,196.0,90.0,70.0,,,,,,,,,,,,,,16.05,0.82,-100.0,3974.0,5.02,-54.73,-46.7,1.1,12.64,26.2,49.0,-27.0,-23.0,,,,,,,,,,,,,
037710,광주신세계,2026-07-08 05:27,2025.12,2026.12,2026.03,2026.06,5.66,0.28,5588.0,113441.0,5.22,28.48,24.14,7.58,41.17,45.95,1842.0,525.0,445.0,,,,,,,,,,,,,,6.14,0.32,1690.0,112795.0,5.51,32.18,27.61,1.67,34.04,48.22,487.0,157.0,134.0,,,,,,,,,,,,,
950170,JTC,2026-07-08 05:27,2026.02,2027.02,2026.02,2026.05,52.75,1.49,94.0,3321.0,2.73,1.96,1.61,,,89.11,3017.0,59.0,48.0,,,,,,,,,,,,,,50.34,1.49,-183.0,3321.0,2.86,-33.34,-21.84,,,89.11,434.0,-145.0,-95.0,,,,,,,,,,,,,
452260,한화갤러리아,2026-07-08 05:27,2025.12,2026.12,2026.03,2026.06,81.25,0.33,17.0,4193.0,0.41,1.64,0.58,,,144.61,5752.0,94.0,33.0,,,,,,,,,,,,,,67.64,0.56,-4.0,4280.0,0.84,9.79,-0.66,,,142.28,1261.0,123.0,-8.0,,,,,,,,,,,,,
067830,세이브존I&C,2026-07-08 05:27,2025.12,2026.12,2026.03,2026.06,17.04,0.25,189.0,13059.0,1.59,3.88,6.57,0.93,14.58,19.54,1181.0,46.0,78.0,,,,,,,,,,,,,,14.97,0.22,66.0,13100.0,1.64,4.51,9.37,0.93,128.02,29.92,289.0,13.0,27.0,,,,,,,,,,,,,
008775,호텔신라우,2026-07-08 05:27,2025.12,2026.12,2026.03,2026.06,-10.32,1.53,-4321.0,29223.0,-14.46,0.33,-4.25,0.52,8.85,220.14,40683.0,135.0,-1728.0,20.81,1.58,2456.0,32240.0,8.44,4.27,2.78,,,,40932.0,1746.0,1137.0,-10.95,1.49,150.0,29446.0,-13.43,1.94,0.57,,,202.03,10535.0,204.0,60.0,,,748.0,,,5.08,3.15,,,,10109.0,513.0,318.0
006370,대구백화점,2026-07-08 05:27,2025.12,2026.12,2026.03,2026.06,-1.84,0.35,-3001.0,15711.0,-21.44,-28.2,-61.19,0.55,-1.4,206.91,531.0,-150.0,-325.0,,,,,,,,,,,,,,-1.74,0.34,-662.0,14905.0,-21.65,-29.8,-56.69,,,218.73,126.0,-38.0,-72.0,,,,,,,,,,,,,
101000,KS인더스트리,2026-07-08 05:27,2025.12,2026.12,2026.03,2026.06,-3.07,0.65,-216.0,1025.0,-20.2,-11.71,-18.39,,,74.82,394.0,-46.0,-73.0,,,,,,,,,,,,,,-5.61,0.97,-27.0,1040.0,-15.48,-7.64,-9.87,,,86.66,104.0,-8.0,-10.0,,,,,,,,,,,,,
267250,HD현대,2026-07-08 05:27,2025.12,2026.12,2026.03,2026.06,15.47,1.32,12187.0,143153.0,10.25,8.56,5.16,2.12,29.36,159.39,712594.0,60996.0,36755.0,6.83,1.27,30580.0,164472.0,22.22,11.21,8.18,,,,807008.0,90457.0,65986.0,12.38,1.55,9889.0,154654.0,15.11,14.46,10.32,0.54,11.76,168.43,196019.0,28348.0,20230.0,,,5868.0,,,10.59,4.72,,,,197480.0,20915.0,9330.0
217590,티엠씨,2026-07-08 05:27,2025.12,2026.12,2026.03,2026.06,-681.78,3.26,-22.0,4647.0,-0.47,1.89,-0.17,0.33,-268.07,113.94,3409.0,64.0,-6.0,47.75,2.44,249.0,4867.0,5.29,3.13,1.56,,,,3840.0,120.0,60.0,-310.67,4.0,78.0,4682.0,-0.47,1.04,1.95,0.33,-39.51,109.64,939.0,10.0,18.0,,,,,,,,,,,,,
082740,한화엔진,2026-07-08 05:27,2025.12,2026.12,2026.03,2026.06,20.63,6.44,2082.0,6666.0,36.6,9.49,12.67,,,204.92,13711.0,1301.0,1738.0,21.6,5.8,2449.0,9119.0,31.04,15.54,13.0,,,,15716.0,2442.0,2044.0,33.86,5.96,633.0,7312.0,27.19,14.88,15.31,,,213.19,3452.0,514.0,529.0,,,617.0,,,15.73,11.4,,,,3838.0,604.0,438.0
333430,일승,2026-07-08 05:27,2025.12,2026.12,2026.03,2026.06,24.57,3.99,243.0,1494.0,17.79,21.44,27.01,,,42.11,507.0,109.0,137.0,,,,,,,,,,,,,,16.97,3.22,81.0,1575.0,21.09,19.07,30.42,,,40.86,121.0,23.0,37.0,,,,,,,,,,,,,
096350,대창솔루션,2026-07-08 05:27,2025.12,2026.12,2026.03,2026.06,-12.43,2.68,-188.0,872.0,-22.5,-0.24,-12.99,,,293.95,599.0,-1.0,-78.0,,,,,,,,,,,,,,-25.03,3.48,22.0,894.0,-15.46,6.98,4.9,,,297.43,212.0,15.0,10.0,,,,,,,,,,,,,
103230,에스앤더블류,2026-07-08 05:27,2025.12,2026.12,2026.03,2026.06,8.25,0.56,504.0,7428.0,7.03,1.85,7.44,,,59.46,488.0,9.0,36.0,,,,,,,,,,,,,,12.93,0.49,37.0,7445.0,3.91,2.69,2.32,,,61.6,115.0,3.0,3.0,,,,,,,,,,,,,
077970,STX엔진,2026-07-08 05:27,2025.12,2026.12,2026.03,2026.06,18.38,3.98,1850.0,8545.0,22.26,8.82,8.73,,,237.5,7893.0,696.0,689.0,14.29,2.74,2030.0,10573.0,21.24,10.57,8.58,,,,9494.0,1004.0,815.0,16.39,3.41,415.0,8979.0,23.25,9.26,8.82,,,235.6,1890.0,175.0,167.0,,,543.0,,,11.08,8.24,,,,2428.0,269.0,200.0
099410,동방선기,2026-07-08 05:27,2025.12,2026.12,2026.03,2026.06,7.94,1.26,568.0,3574.0,17.34,22.18,18.98,,,34.29,419.0,93.0,79.0,,,,,,,,,,,,,,7.06,1.25,106.0,3679.0,19.52,16.91,16.11,,,32.79,92.0,16.0,15.0,,,,,,,,,,,,,
075580,세진중공업,2026-07-08 05:27,2025.12,2026.12,2026.03,2026.06,19.52,4.33,891.0,4019.0,24.35,18.22,14.86,1.29,25.59,112.95,4027.0,734.0,598.0,13.26,2.78,1004.0,4795.0,22.79,17.46,14.66,,,,4577.0,799.0,671.0,17.04,3.86,248.0,4024.0,24.76,15.63,18.09,1.29,49.47,116.89,872.0,136.0,158.0,,,,,,,,,,,,,
054540,삼영엠텍,2026-07-08 05:27,2025.12,2026.12,2026.03,2026.06,21.95,2.23,626.0,6172.0,10.64,8.63,7.07,1.2,26.35,121.13,1185.0,102.0,84.0,,,,,,,,,,,,,,14.48,1.61,292.0,6513.0,11.89,4.28,3.23,1.2,258.47,126.58,1309.0,56.0,42.0,,,,,,,,,,,,,
460930,현대힘스,2026-07-08 05:27,2025.12,2026.12,2026.03,2026.06,29.31,2.48,604.0,7122.0,8.8,11.59,8.62,0.73,21.57,31.81,2482.0,288.0,214.0,,,,,,,,,,,,,,28.15,2.48,185.0,7177.0,9.15,13.2,10.14,0.73,100.56,30.38,646.0,85.0,66.0,,,,,,,,,,,,,
101930,인화정공,2026-07-08 05:27,2025.12,2026.12,2026.03,2026.06,17.07,1.25,541.0,7394.0,8.5,14.39,23.68,3.25,54.17,35.36,1080.0,155.0,256.0,,,,,,,,,,,,,,12.46,1.24,147.0,7439.0,11.27,16.02,26.1,1.08,39.2,32.6,260.0,42.0,68.0,,,,,,,,,,,,,
073010,케이에스피,2026-07-08 05:27,2025.12,2026.12,2026.03,2026.06,25.74,2.03,163.0,2074.0,8.49,12.08,6.87,0.48,12.22,73.3,955.0,115.0,66.0,,,,,,,,,,,,,,18.68,1.54,62.0,2116.0,8.93,16.09,9.94,0.48,159.62,76.11,250.0,40.0,25.0,,,,,,,,,,,,,
065570,삼영이엔씨,2026-07-08 05:27,2025.12,2026.12,2026.03,2026.06,14.62,0.68,52.0,1125.0,4.87,-0.58,2.53,,,122.32,333.0,-2.0,8.0,,,,,,,,,,,,,,-86.9,0.69,-18.0,1107.0,-0.79,-6.35,-5.83,,,114.74,51.0,-3.0,-3.0,,,,,,,,,,,,,
060240,스타코링크,2026-07-08 05:27,2025.12,2026.12,2026.03,2026.06,-0.62,1150.63,-3183.0,2.0,-401.48,-21.97,-52.89,,,202037.61,248.0,-54.0,-131.0,,,,,,,,,,,,,,-0.78,-13.46,-148.0,-147.0,-613.66,-17.9,-15.26,,,-2319.6,57.0,-10.0,-9.0,,,,,,,,,,,,,
054180,메디콕스,2026-07-08 05:27,2025.12,2026.12,2026.03,2026.06,-1.04,0.27,-2208.0,8537.0,-23.9,-20.41,-42.24,,,44.89,282.0,-57.0,-119.0,,,,,,,,,,,,,,-1.2,0.28,-284.0,8270.0,-20.78,-16.33,-24.8,,,51.76,63.0,-10.0,-16.0,,,,,,,,,,,,,
439260,대한조선,2026-07-08 05:27,2025.12,2026.12,2026.03,2026.06,9.17,2.36,7310.0,28354.0,32.19,23.95,20.26,0.37,3.87,40.8,12281.0,2941.0,2488.0,6.59,1.47,7903.0,35441.0,24.75,27.94,23.0,,,,13138.0,3671.0,3022.0,11.62,2.89,2009.0,29657.0,32.23,26.81,25.11,0.37,12.24,44.91,3083.0,826.0,774.0,,,2072.0,,,28.74,,,,,3360.0,966.0,
009540,HD한국조선해양,2026-07-08 05:27,2025.12,2026.12,2026.03,2026.06,13.28,2.17,30639.0,187883.0,17.78,13.04,9.78,3.02,40.11,133.86,299332.0,39045.0,29284.0,7.29,1.62,50066.0,224836.0,24.28,16.73,13.11,,,,337336.0,56430.0,44235.0,9.67,1.8,11929.0,191612.0,20.2,16.66,14.02,2.24,94.18,143.72,81409.0,13560.0,11414.0,,,12778.0,,,16.46,10.41,,,,86329.0,14211.0,8988.0
071970,HD현대마린엔진,2026-07-08 05:27,2025.12,2026.12,2026.03,2026.06,18.39,6.21,4867.0,14413.0,41.36,18.87,41.03,,,66.64,4024.0,759.0,1651.0,14.85,3.35,4255.0,18843.0,25.59,24.62,23.45,,,,6154.0,1515.0,1443.0,12.99,4.66,830.0,14731.0,43.41,24.4,21.09,,,74.78,1335.0,326.0,281.0,,,794.0,,,24.2,18.09,,,,1465.0,354.0,265.0
017960,한국카본,2026-07-08 05:27,2025.12,2026.12,2026.03,2026.06,15.23,2.59,1960.0,11519.0,19.3,14.41,11.2,1.07,15.84,79.81,9088.0,1310.0,1017.0,11.46,1.95,2230.0,13120.0,18.35,18.96,12.17,,,,9487.0,1798.0,1154.0,21.13,3.31,299.0,11746.0,17.85,19.39,7.33,1.07,46.23,87.8,2118.0,411.0,155.0,,,620.0,,,19.31,13.57,,,,2432.0,470.0,330.0
443060,HD현대마린솔루션,2026-07-08 05:27,2025.12,2026.12,2026.03,2026.06,32.18,10.52,6013.0,18396.0,33.73,17.66,13.6,2.04,65.69,54.27,19827.0,3501.0,2696.0,25.67,9.55,8104.0,21772.0,40.35,18.05,14.96,,,,24354.0,4395.0,3644.0,26.45,9.51,2189.0,18893.0,38.96,16.25,17.08,0.5,41.12,65.14,5746.0,934.0,981.0,,,1964.0,,,17.55,13.71,,,,6134.0,1077.0,841.0
092460,한라IMS,2026-07-08 05:27,2025.12,2026.12,2026.03,2026.06,11.41,1.46,1490.0,11613.0,13.76,16.69,19.1,3.65,41.62,21.66,1335.0,223.0,255.0,,,,,,,,,,,,,,9.25,1.25,390.0,11412.0,14.33,14.02,16.97,3.65,193.98,54.23,394.0,55.0,67.0,,,,,,,,,,,,,
108380,대양전기공업,2026-07-08 05:27,2025.12,2026.12,2026.03,2026.06,10.69,0.95,2591.0,29042.0,9.64,11.76,10.77,0.72,7.48,19.61,2301.0,271.0,248.0,6.26,0.58,2921.0,31779.0,9.9,12.44,11.33,,,,2468.0,307.0,280.0,8.91,0.83,760.0,29626.0,10.03,12.33,14.28,0.72,28.33,21.22,509.0,63.0,73.0,,,,,,11.84,,,,,608.0,72.0,
014940,오리엔탈정공,2026-07-08 05:27,2025.12,2026.12,2026.03,2026.06,18.36,2.8,420.0,2752.0,16.26,11.71,9.24,1.92,17.48,89.79,2073.0,243.0,191.0,,,,,,,,,,,,,,15.14,2.11,135.0,2890.0,15.06,14.14,10.91,,,83.88,564.0,80.0,62.0,,,,,,,,,,,,,
052020,에스티큐브,2026-07-08 05:27,2025.12,2026.12,2026.03,2026.06,-25.57,7.72,-321.0,1062.0,-26.2,-336.09,-312.14,,,25.11,70.0,-235.0,-218.0,,,,,,,,,,,,,,-47.63,17.4,-99.0,965.0,-30.89,-536.05,-495.17,,,27.47,14.0,-73.0,-67.0,,,,,,,,,,,,,
019660,글로본,2026-07-08 05:27,2025.12,2026.12,2026.03,2026.06,-6.02,3.36,-433.0,775.0,-52.48,-37.3,-44.48,,,112.73,129.0,-48.0,-58.0,,,,,,,,,,,,,,-4.61,2.81,-55.0,720.0,-58.75,-30.29,-27.6,,,96.19,28.0,-8.0,-8.0,,,,,,,,,,,,,
064090,인크레더블버즈,2026-07-08 05:27,2025.12,2026.12,2026.03,2026.06,-2.16,0.97,-607.0,1343.0,-36.93,-84.29,-418.81,,,6.23,72.0,-61.0,-302.0,,,,,,,,,,,,,,-1.5,0.64,-103.0,1238.0,-35.33,-207.2,-353.28,,,5.92,14.0,-30.0,-51.0,,,,,,,,,,,,,
051390,YW,2026-07-08 05:27,2025.12,2026.12,2026.03,2026.06,8.77,0.37,447.0,10506.0,6.15,34.93,30.71,5.87,36.37,15.83,165.0,58.0,51.0,,,,,,,,,,,,,,9.64,0.4,69.0,10375.0,5.97,27.91,22.15,5.87,144.17,17.75,35.0,10.0,8.0,,,,,,,,,,,,,
051160,지어소프트,2026-07-08 05:27,2025.12,2026.12,2026.03,2026.06,9.67,0.73,816.0,10737.0,8.8,4.28,3.27,,,40.25,5871.0,251.0,192.0,,,,,,,,,,,,,,9.03,0.71,370.0,11162.0,9.13,7.1,6.11,,,39.62,1458.0,103.0,89.0,,,,,,,,,,,,,
063170,서울옥션,2026-07-08 05:27,2025.12,2026.12,2026.03,2026.06,-14.02,1.19,-494.0,5836.0,-8.52,-18.53,-41.13,,,125.41,213.0,-40.0,-88.0,,,,,,,,,,,,,,-19.83,1.2,-53.0,5811.0,-6.21,1.89,-6.18,,,145.79,153.0,3.0,-9.0,,,,,,,,,,,,,
102370,케이옥션,2026-07-08 05:27,2025.12,2026.12,2026.03,2026.06,-18.92,0.87,-187.0,4059.0,-4.72,-33.09,-51.88,,,85.19,123.0,-41.0,-64.0,,,,,,,,,,,,,,-20.26,0.79,-10.0,4048.0,-4.02,-11.28,-19.13,,,86.53,28.0,-3.0,-5.0,,,,,,,,,,,,,
007720,소노스퀘어,2026-07-08 05:27,2025.12,2026.12,2026.03,2026.06,-24.14,0.87,-27.0,745.0,-3.07,0.86,-1.66,,,68.71,1629.0,14.0,-27.0,,,,,,,,,,,,,,-24.01,0.76,-6.0,542.0,-2.35,-2.27,-1.84,,,28.26,342.0,-8.0,-6.0,,,,,,,,,,,,,
003580,HLB글로벌,2026-07-08 05:27,2025.12,2026.12,2026.03,2026.06,-15.47,1.59,-150.0,1457.0,-9.09,-9.86,-8.88,,,55.43,1003.0,-99.0,-89.0,,,,,,,,,,,,,,-23.85,1.38,-28.0,1441.0,-5.24,-9.42,-6.81,,,55.77,267.0,-25.0,-18.0,,,,,,,,,,,,,
039740,한국정보공학,2026-07-08 05:27,2025.12,2026.12,2026.03,2026.06,11.28,0.47,268.0,6488.0,4.23,0.29,1.2,,,110.74,1463.0,4.0,18.0,,,,,,,,,,,,,,10.38,0.62,91.0,6579.0,6.21,0.63,0.34,,,125.2,1707.0,11.0,6.0,,,,,,,,,,,,,
009810,플레이그램,2026-07-08 05:27,2025.12,2026.12,2026.03,2026.06,-15.43,0.54,-162.0,4589.0,-3.44,-1.75,-1.19,,,59.08,2509.0,-44.0,-30.0,,,,,,,,,,,,,,-5.77,0.46,-89.0,4532.0,-7.58,2.55,-1.78,,,56.76,657.0,17.0,-12.0,,,,,,,,,,,,,
032860,더라미,2026-07-08 05:27,2025.12,2026.12,2026.03,2026.06,-11.5,1.02,-115.0,1301.0,-8.52,-3.38,-9.12,,,6.16,509.0,-17.0,-46.0,,,,,,,,,,,,,,-9.17,1.03,-19.0,1283.0,-10.7,-6.59,-7.41,,,5.73,101.0,-7.0,-8.0,,,,,,,,,,,,,
004690,삼천리,2026-07-08 05:27,2025.12,2026.12,2026.03,2026.06,4.67,0.26,27498.0,491062.0,6.84,3.03,2.49,2.33,9.21,136.9,52755.0,1596.0,1313.0,3.13,0.22,37548.0,531012.0,8.01,3.05,2.67,,,,58547.0,1788.0,1560.0,4.53,0.27,23268.0,517639.0,7.27,6.09,5.64,2.33,-9826.55,141.91,18095.0,1102.0,1021.0,,,,,,1.99,1.85,,,,11513.0,229.0,213.0
003480,한진중공업홀딩스,2026-07-08 05:27,2025.12,2026.12,2026.03,2026.06,2.33,0.27,2001.0,17045.0,14.18,6.1,5.21,2.58,4.83,278.72,12017.0,733.0,626.0,,,,,,,,,,,,,,2.03,0.25,1128.0,18212.0,14.88,10.25,7.33,2.58,10.3,260.71,4840.0,496.0,355.0,,,,,,,,,,,,,
017390,서울가스,2026-07-08 05:27,2025.12,2026.12,2026.03,2026.06,10.13,0.22,6187.0,284280.0,2.8,0.95,1.7,4.39,34.96,60.33,18280.0,174.0,310.0,,,,,,,,,,,,,,11.39,0.22,4332.0,284712.0,2.42,2.86,2.81,4.39,187.43,68.1,7695.0,220.0,216.0,,,,,,,,,,,,,
267290,경동도시가스,2026-07-08 05:27,2025.12,2026.12,2026.03,2026.06,3.7,0.26,5572.0,80675.0,7.13,1.88,1.87,4.25,15.69,95.46,17595.0,330.0,328.0,,,,,,,,,,,,,,3.66,0.26,2932.0,83279.0,7.25,3.61,3.19,4.25,63.89,91.76,5418.0,196.0,173.0,,,,,,,,,,,,,
016710,대성홀딩스,2026-07-08 05:27,2025.12,2026.12,2026.03,2026.06,8.08,0.3,1066.0,28645.0,3.82,2.3,1.82,2.9,23.38,103.08,12226.0,281.0,223.0,,,,,,,,,,,,,,8.35,0.29,1122.0,29497.0,3.52,6.06,5.16,2.9,99.97,98.53,4593.0,279.0,237.0,,,,,,,,,,,,,
034590,인천도시가스,2026-07-08 05:27,2025.12,2026.12,2026.03,2026.06,5.81,0.44,4381.0,57765.0,8.3,1.99,1.99,5.4,29.57,88.36,9630.0,191.0,192.0,,,,,,,,,,,,,,5.42,0.46,1505.0,57987.0,9.36,2.17,2.06,5.4,60.22,127.72,3195.0,69.0,66.0,,,,,,,,,,,,,
117580,대성에너지,2026-07-08 05:27,2025.12,2026.12,2026.03,2026.06,8.98,0.63,895.0,12713.0,7.3,2.98,2.42,3.11,27.61,128.87,10179.0,303.0,246.0,,,,,,,,,,,,,,11.18,0.71,702.0,13173.0,6.53,6.56,4.92,3.11,68.05,120.34,3924.0,257.0,193.0,,,,,,,,,,,,,
015360,INVENI,2026-07-08 05:27,2025.12,2026.12,2026.03,2026.06,4.54,0.46,2930.0,29078.0,15.46,8.42,6.53,8.12,28.26,141.35,13276.0,1117.0,867.0,,,,,,,,,,,,,,3.57,0.49,2014.0,30797.0,21.26,13.84,9.99,8.12,352.31,143.11,5720.0,791.0,572.0,,,,,,,,,,,,,
053050,지에스이,2026-07-08 05:27,2025.12,2026.12,2026.03,2026.06,18.07,0.72,129.0,3236.0,4.05,4.32,2.28,1.71,30.95,141.41,1701.0,73.0,39.0,,,,,,,,,,,,,,24.98,0.82,138.0,3351.0,3.34,7.6,5.8,0.86,-118.5,145.28,715.0,54.0,41.0,,,,,,,,,,,,,
130660,한전산업,2026-07-08 05:27,2025.12,2026.12,2026.03,2026.06,83.67,3.29,125.0,3167.0,3.71,1.67,1.03,3.62,302.71,98.45,3945.0,66.0,41.0,,,,,,,,,,,,,,163.63,6.12,167.0,2927.0,3.48,5.89,5.06,3.62,2407.72,128.28,1074.0,63.0,54.0,,,,,,,,,,,,,
453450,그리드위즈,2026-07-08 05:27,2025.12,2026.12,2026.03,2026.06,50.61,0.81,270.0,16771.0,1.62,0.65,1.61,,,41.68,1256.0,8.0,20.0,17.93,,768.0,,,4.1,,,,,1391.0,57.0,,45.0,1.29,-164.0,16606.0,2.91,-10.66,-6.31,,,36.29,206.0,-22.0,-13.0,,,,,,,,,,,,,
064800,포니링크,2026-07-08 05:27,2025.12,2026.12,2026.03,2026.06,6.73,0.49,620.0,8572.0,7.65,-47.05,35.3,,,33.14,449.0,-211.0,158.0,,,,,,,,,,,,,,-4.3,0.4,317.0,8922.0,-9.08,-40.62,79.7,,,25.06,102.0,-41.0,81.0,,,,,,,,,,,,,
080420,모다이노칩,2026-07-08 05:27,2025.12,2026.12,2026.03,2026.06,-37.53,0.48,-58.0,4520.0,-1.3,7.78,-1.74,,,154.86,3581.0,279.0,-62.0,,,,,,,,,,,,,,-13.76,0.43,-62.0,4488.0,-3.11,3.49,-5.58,,,180.55,876.0,31.0,-49.0,,,,,,,,,,,,,
071840,롯데하이마트,2026-07-08 05:27,2025.12,2026.12,2026.03,2026.06,-72.97,0.19,-103.0,40757.0,-0.26,0.42,-0.11,3.97,-284.14,89.92,23001.0,96.0,-24.0,-3.35,0.17,-1885.0,38296.0,-4.87,0.74,-1.95,,,,22821.0,170.0,-445.0,-20.24,0.2,-864.0,39511.0,-0.99,-2.97,-4.11,3.97,-49.86,101.95,4969.0,-148.0,-204.0,,,,,,1.79,,,,,5904.0,106.0,
178780,일월지엠엘,2026-07-08 05:27,2025.12,2026.12,2026.03,2026.06,9.4,1.24,298.0,2249.0,14.03,6.01,15.59,8.93,88.16,15.19,339.0,20.0,53.0,,,,,,,,,,,,,,8.49,1.22,2.0,2029.0,14.84,-18.67,1.91,8.93,93.96,23.33,17.0,-3.0,0.0,,,,,,,,,,,,,
002420,세기상사,2026-07-08 05:27,2025.12,2026.12,2026.03,2026.06,-19.72,1.31,-273.0,4112.0,-6.53,-1.95,-5.46,,,100.82,292.0,-6.0,-16.0,,,,,,,,,,,,,,-43.09,1.24,2.0,4116.0,-2.93,2.24,0.19,,,101.25,72.0,2.0,0.0,,,,,,,,,,,,,
064240,홈캐스트,2026-07-08 05:27,2025.12,2026.12,2026.03,2026.06,2773.61,0.75,1.0,2458.0,0.03,-2.94,-2.21,,,5.77,980.0,-29.0,-22.0,,,,,,,,,,,,,,53.71,0.78,-14.0,2444.0,1.5,-46.1,-9.26,,,4.3,51.0,-23.0,-5.0,,,,,,,,,,,,,
134580,탑코미디어,2026-07-08 05:27,2025.12,2026.12,2026.03,2026.06,-35.58,2.94,-55.0,661.0,-7.16,7.55,-4.78,,,86.08,486.0,37.0,-23.0,,,,,,,,,,,,,,-134.29,2.56,-3.0,667.0,-1.97,-0.7,-1.06,,,80.12,119.0,-1.0,-1.0,,,,,,,,,,,,,
317530,캐리소프트,2026-07-08 05:27,2025.12,2026.12,2026.03,2026.06,-8.26,3.26,-603.0,1525.0,-36.06,-62.57,-111.22,,,32.4,57.0,-36.0,-63.0,,,,,,,,,,,,,,-8.23,2.0,-12.0,1937.0,-26.02,-1.18,-3.04,,,109.75,153.0,-2.0,-5.0,,,,,,,,,,,,,
408920,메쎄이상,2026-07-08 05:27,2025.12,2026.12,2026.03,2026.06,8.95,1.71,359.0,1878.0,20.79,26.09,21.25,3.74,32.78,21.4,728.0,190.0,155.0,,,,,,,,,,,,,,7.71,1.65,105.0,1865.0,23.58,29.93,27.4,3.74,199.93,37.31,166.0,50.0,45.0,,,,,,,,,,,,,
239340,이스트에이드,2026-07-08 05:27,2025.12,2026.12,2026.03,2026.06,-6.65,2.95,-237.0,534.0,-36.4,-35.8,-40.87,,,121.64,156.0,-56.0,-64.0,,,,,,,,,,,,,,-5.45,2.59,-68.0,503.0,-39.87,-46.74,-45.19,,,96.0,41.0,-19.0,-19.0,,,,,,,,,,,,,
443250,레뷰코퍼레이션,2026-07-08 05:27,2025.12,2026.12,2026.03,2026.06,21.98,2.41,477.0,4356.0,11.37,15.73,11.36,2.54,55.58,73.22,565.0,89.0,64.0,,,,,,,,,,,,,,19.2,2.14,109.0,4410.0,11.38,9.68,11.38,2.2,253.05,71.44,133.0,13.0,15.0,,,,,,,,,,,,,
067160,SOOP,2026-07-08 05:27,2025.12,2026.12,2026.03,2026.06,7.65,1.55,8860.0,43822.0,24.08,26.76,22.24,4.99,35.37,75.84,4666.0,1248.0,1037.0,5.87,0.97,8294.0,50235.0,19.01,24.09,20.56,,,,4699.0,1132.0,966.0,6.69,1.39,1946.0,42482.0,24.09,20.02,21.2,4.99,129.2,81.44,1060.0,212.0,225.0,,,1970.0,,,23.61,20.34,,,,1156.0,273.0,235.0
289220,자이언트스텝,2026-07-08 05:27,2025.12,2026.12,2026.03,2026.06,-5.63,1.84,-762.0,2337.0,-28.29,-51.73,-47.9,,,30.64,367.0,-190.0,-176.0,,,,,,,,,,,,,,-4.31,1.66,-217.0,2114.0,-32.37,-59.75,-54.94,,,34.63,93.0,-56.0,-51.0,,,,,,,,,,,,,
020120,키다리스튜디오,2026-07-08 05:27,2025.12,2026.12,2026.03,2026.06,18.98,0.62,179.0,5485.0,3.29,5.69,3.0,,,68.4,2175.0,124.0,65.0,,,,,,,,,,,,,,10.42,0.55,169.0,5631.0,5.36,5.9,10.88,,,67.53,583.0,34.0,63.0,,,,,,,,,,,,,
300080,플리토,2026-07-08 05:27,2025.12,2026.12,2026.03,2026.06,42.85,16.05,391.0,1043.0,45.69,17.1,17.92,,,42.79,360.0,62.0,64.0,,,,,,,,,,,,,,27.43,10.05,10.0,1058.0,44.62,-1.23,3.21,,,33.63,52.0,-1.0,2.0,,,,,,,,,,,,,
214270,FSN,2026-07-08 05:27,2025.12,2026.12,2026.03,2026.06,-4.05,1.37,-475.0,1408.0,-31.13,11.21,-5.83,,,303.0,2723.0,305.0,-159.0,,,,,,,,,,,,,,-4.58,1.65,-54.0,1374.0,-34.16,3.19,-0.22,,,220.18,593.0,19.0,-1.0,,,,,,,,,,,,,
207760,미스터블루,2026-07-08 05:27,2025.12,2026.12,2026.03,2026.06,-5.59,2.55,-223.0,490.0,-37.47,-3.64,-27.51,,,65.09,675.0,-25.0,-186.0,,,,,,,,,,,,,,-3.52,1.94,17.0,509.0,-43.59,3.22,8.7,,,63.75,164.0,5.0,14.0,,,,,,,,,,,,,
089230,THE E&M,2026-07-08 05:27,2025.12,2026.12,2026.03,2026.06,-1.47,1.65,-809.0,722.0,-76.37,-69.49,-161.29,,,113.43,123.0,-86.0,-199.0,,,,,,,,,,,,,,-2.25,4.6,-524.0,600.0,-129.67,-34.58,-283.96,,,110.93,62.0,-21.0,-176.0,,,,,,,,,,,,,
417180,핑거스토리,2026-07-08 05:27,2025.12,2026.12,2026.03,2026.06,8.58,0.99,1021.0,8870.0,12.32,4.9,20.3,,,63.8,173.0,8.0,35.0,,,,,,,,,,,,,,7.34,0.85,-3.0,8866.0,17.94,-2.16,-2.72,,,58.27,50.0,-1.0,-1.0,,,,,,,,,,,,,
376300,디어유,2026-07-08 05:27,2025.12,2026.12,2026.03,2026.06,51.1,4.54,785.0,8842.0,9.18,37.45,22.22,0.79,40.26,15.79,838.0,314.0,186.0,12.66,2.16,1754.0,10296.0,18.33,43.45,41.95,,,,992.0,431.0,416.0,28.66,3.4,496.0,8942.0,12.3,41.42,50.25,0.79,72.86,18.95,234.0,97.0,118.0,,,419.0,,,43.3,39.08,,,,243.0,105.0,95.0
900300,오가닉티코스메틱,2026-07-08 05:27,2025.12,2026.12,2026.03,2026.06,-0.34,0.22,-35163.0,53159.0,-28.73,-33.54,-41.93,,,22.68,1833.0,-615.0,-768.0,,,,,,,,,,,,,,-0.23,0.1,-1744.0,54947.0,-28.57,-17.91,-21.16,,,29.99,413.0,-74.0,-87.0,,,,,,,,,,,,,
483650,달바글로벌,2026-07-08 05:27,2025.12,2026.12,2026.03,2026.06,22.35,9.21,6599.0,16022.0,52.59,19.52,15.21,1.78,41.08,28.6,5197.0,1015.0,791.0,21.37,9.38,10200.0,23231.0,52.22,21.57,17.02,,,,7467.0,1610.0,1271.0,19.12,7.61,2932.0,18666.0,52.59,26.33,21.22,0.27,24.38,28.73,1712.0,451.0,363.0,,,2664.0,,,23.03,17.56,,,,1831.0,422.0,322.0
078520,에이블씨엔씨,2026-07-08 05:27,2025.12,2026.12,2026.03,2026.06,19.28,3.03,543.0,3450.0,15.88,7.42,5.84,4.17,76.35,89.12,2420.0,180.0,141.0,,,,,,,,,,,,,,16.85,3.77,343.0,3174.0,22.13,15.36,14.54,2.49,105.17,122.16,614.0,94.0,89.0,,,,,,,,,,,,,
003350,한국화장품제조,2026-07-08 05:27,2025.12,2026.12,2026.03,2026.06,8.1,1.69,1208.0,5776.0,30.6,17.81,14.83,0.61,3.97,89.84,1846.0,329.0,274.0,,,,,,,,,,,,,,6.7,1.43,332.0,6133.0,31.24,16.42,14.41,0.61,26.43,93.08,522.0,86.0,75.0,,,,,,,,,,,,,
048410,현대바이오,2026-07-08 05:27,2025.12,2026.12,2026.03,2026.06,-21.11,4.31,-235.0,1153.0,-29.47,-516.32,-629.12,,,18.07,35.0,-182.0,-221.0,,,,,,,,,,,,,,-59.98,11.46,-55.0,1160.0,-18.56,-1436.91,-1636.3,,,15.29,3.0,-47.0,-53.0,,,,,,,,,,,,,
352480,씨앤씨인터내셔널,2026-07-08 05:27,2025.12,2026.12,2026.03,2026.06,22.35,1.14,1327.0,26036.0,5.1,7.69,4.95,2.19,30.81,23.53,2885.0,222.0,143.0,14.54,,1343.0,,,6.7,,,,,3149.0,211.0,,20.03,0.99,373.0,26470.0,5.46,4.19,7.18,,,19.63,708.0,30.0,51.0,,,352.0,,,6.98,,,,,788.0,55.0,
489460,바이오비쥬,2026-07-08 05:27,2025.12,2026.12,2026.03,2026.06,45.22,3.27,298.0,4118.0,8.94,14.84,14.57,0.74,36.23,2.85,285.0,42.0,42.0,10.54,1.4,644.0,4840.0,14.55,28.35,25.2,,,,381.0,108.0,96.0,25.39,1.87,193.0,4210.0,7.22,32.37,36.22,0.74,-110.7,6.86,80.0,26.0,29.0,,,106.0,,,24.39,19.51,,,,82.0,20.0,16.0
453860,에이에스텍,2026-07-08 05:27,2025.12,2026.12,2026.03,2026.06,42.34,1.53,380.0,10500.0,3.73,-0.45,8.76,3.1,148.99,83.19,246.0,-1.0,22.0,,,,,,,,,,,,,,-92.17,1.31,-296.0,11006.0,-1.42,-37.8,-41.07,3.1,1999.03,68.27,46.0,-17.0,-19.0,,,,,,,,,,,,,
420570,제이투케이바이오,2026-07-08 05:27,2025.12,2026.12,2026.03,2026.06,18.75,1.49,459.0,5775.0,8.21,8.86,8.11,2.91,54.69,12.71,330.0,29.0,27.0,,,,,,,,,,,,,,11.07,1.32,273.0,5798.0,12.36,17.21,14.33,2.91,204.57,21.09,111.0,19.0,16.0,,,,,,,,,,,,,
439090,마녀공장,2026-07-08 05:27,2025.12,2026.12,2026.03,2026.06,24.57,1.83,557.0,7488.0,7.72,9.25,8.08,,,8.16,1130.0,105.0,91.0,,,,,,,,,,,,,,15.88,1.53,372.0,7883.0,10.13,22.49,22.67,,,9.16,269.0,61.0,61.0,,,,,,,,,,,,,
161890,한국콜마,2026-07-08 05:27,2025.12,2026.12,2026.03,2026.06,11.72,1.61,5299.0,38566.0,14.69,8.8,6.18,1.39,16.31,107.38,27224.0,2396.0,1682.0,15.95,2.59,7292.0,44870.0,17.48,10.17,7.29,,,,30600.0,3111.0,2231.0,11.43,1.92,1914.0,39667.0,18.19,10.84,8.24,1.39,45.23,116.44,7280.0,789.0,600.0,,,2234.0,,,11.44,8.22,,,,8226.0,941.0,676.0
950140,잉글우드랩,2026-07-08 05:27,2025.12,2026.12,2026.03,2026.06,9.02,1.36,1249.0,8284.0,16.09,17.24,11.45,1.78,16.11,37.95,2168.0,374.0,248.0,,,,,,,,,,,,,,8.19,1.37,356.0,8669.0,18.14,11.27,14.2,1.78,53.58,37.12,497.0,56.0,71.0,,,,,,,,,,,,,
092730,네오팜,2026-07-08 05:27,2025.12,2026.12,2026.03,2026.06,10.58,1.47,1736.0,12490.0,14.95,21.77,21.05,4.08,42.16,11.49,1322.0,288.0,278.0,10.41,,1757.0,,,21.21,,,,,1540.0,327.0,,9.2,1.38,538.0,12282.0,16.12,24.03,23.81,4.08,173.53,17.3,362.0,87.0,86.0,,,,,,,,,,,,,
406820,뷰티스킨,2026-07-08 05:27,2025.12,2026.12,2026.03,2026.06,-37.04,1.99,-122.0,2277.0,-5.21,-5.75,-3.91,,,168.79,549.0,-32.0,-21.0,,,,,,,,,,,,,,-10.87,0.85,-144.0,2122.0,-7.71,-11.86,-16.25,,,191.39,125.0,-15.0,-20.0,,,,,,,,,,,,,
278470,에이피알,2026-07-08 05:27,2025.12,2026.12,2026.03,2026.06,29.98,19.4,7704.0,11910.0,75.3,23.93,18.96,2.2,65.78,73.11,15273.0,3655.0,2897.0,26.35,17.33,14367.0,21839.0,85.14,25.21,19.73,,,,27244.0,6869.0,5375.0,35.48,24.91,3132.0,13531.0,83.79,25.66,19.76,0.65,56.86,88.12,5934.0,1523.0,1173.0,,,3502.0,,,25.41,19.28,,,,6587.0,1674.0,1270.0
318160,셀바이오휴먼텍,2026-07-08 05:27,2025.12,2026.12,2026.03,2026.06,8.7,1.21,939.0,6775.0,16.91,18.25,17.03,,,49.92,511.0,93.0,87.0,,,,,,,,,,,,,,7.04,0.99,204.0,7048.0,17.39,11.42,14.31,,,47.7,127.0,15.0,18.0,,,,,,,,,,,,,
451250,삐아,2026-07-08 05:27,2025.12,2026.12,2026.03,2026.06,19.62,2.03,469.0,4524.0,10.98,6.58,7.0,2.17,41.32,17.8,680.0,45.0,48.0,,,,,,,,,,,,,,15.56,1.77,228.0,4569.0,12.21,14.53,11.52,2.17,116.51,25.13,203.0,29.0,23.0,,,,,,,,,,,,,
086710,선진뷰티사이언스,2026-07-08 05:27,2025.12,2026.12,2026.03,2026.06,19.14,1.33,488.0,7045.0,7.29,7.5,9.06,2.14,40.3,95.28,808.0,61.0,73.0,,,,,,,,,,,,,,23.62,1.37,148.0,7009.0,5.98,6.68,9.22,2.14,519.52,104.75,227.0,15.0,21.0,,,,,,,,,,,,,
123690,한국화장품,2026-07-08 05:27,2025.12,2026.12,2026.03,2026.06,143.13,4.81,70.0,2088.0,3.53,0.62,1.35,,,67.56,850.0,5.0,11.0,,,,,,,,,,,,,,94.26,3.52,134.0,2234.0,3.93,9.16,10.24,,,67.94,209.0,19.0,21.0,,,,,,,,,,,,,
237880,클리오,2026-07-08 05:27,2025.12,2026.12,2026.03,2026.06,17.36,0.94,751.0,13864.0,5.68,5.0,4.02,1.92,32.3,24.24,3289.0,164.0,132.0,8.64,0.68,1151.0,14608.0,8.34,6.69,6.37,,,,3298.0,220.0,210.0,11.95,0.83,376.0,14057.0,7.39,7.4,8.58,1.92,134.33,36.33,783.0,58.0,67.0,,,194.0,,,5.12,,,,,791.0,40.0,
217480,에스디생명공학,2026-07-08 05:27,2025.12,2026.12,2026.03,2026.06,-7.44,1.86,-67.0,268.0,-25.18,-21.03,-24.91,,,60.52,301.0,-63.0,-75.0,,,,,,,,,,,,,,-7.52,1.95,-10.0,256.0,-26.02,-17.46,-19.31,,,24.23,61.0,-11.0,-12.0,,,,,,,,,,,,,
900310,컬러레이,2026-07-08 05:27,2025.12,2026.12,2026.03,2026.06,-45.62,0.03,-63.0,21885.0,-0.29,0.53,-1.84,1.19,12.93,15.4,436.0,2.0,-8.0,,,,,,,,,,,,,,-67.24,0.02,52.0,23415.0,-0.16,11.44,5.12,,,14.04,129.0,15.0,7.0,,,,,,,,,,,,,
175250,아이큐어,2026-07-08 05:27,2025.12,2026.12,2026.03,2026.06,-2.43,3.08,-895.0,705.0,-79.19,-14.34,-41.39,,,270.03,834.0,-120.0,-345.0,,,,,,,,,,,,,,-2.56,3.14,-15.0,690.0,-74.79,0.65,-2.08,,,253.22,322.0,2.0,-7.0,,,,,,,,,,,,,
046120,오르비텍,2026-07-08 05:27,2025.12,2026.12,2026.03,2026.06,131.53,1.68,29.0,2282.0,1.34,-24.2,1.37,,,109.24,579.0,-140.0,8.0,,,,,,,,,,,,,,22.75,3.55,649.0,3045.0,16.51,-13.8,85.31,,,75.33,224.0,-31.0,191.0,,,,,,,,,,,,,
044490,태웅,2026-07-08 05:27,2025.12,2026.12,2026.03,2026.06,95.15,0.85,271.0,30459.0,0.89,1.44,1.55,,,32.9,3497.0,50.0,54.0,19.58,0.87,1414.0,31838.0,4.54,7.43,7.16,,,,3952.0,294.0,283.0,121.71,1.62,212.0,30668.0,1.34,3.16,4.81,,,33.69,883.0,28.0,42.0,,,,,,5.59,,,,,993.0,56.0,
005090,SGC에너지,2026-07-08 05:27,2025.12,2026.12,2026.03,2026.06,-5.15,0.45,-4259.0,48667.0,-8.42,3.89,-3.85,5.92,-30.52,339.16,24607.0,958.0,-948.0,21.56,0.85,1946.0,49422.0,3.97,6.13,1.1,,,,26459.0,1621.0,292.0,-14.97,1.21,220.0,47635.0,-7.83,5.85,1.01,5.92,-42.83,352.78,6115.0,357.0,62.0,,,760.0,,,6.06,,,,,6792.0,412.0,
126720,수산인더스트리,2026-07-08 05:27,2025.12,2026.12,2026.03,2026.06,6.18,0.54,3423.0,39100.0,9.17,12.76,14.46,4.26,25.9,21.53,3377.0,431.0,488.0,5.74,0.53,3850.0,41708.0,9.67,14.02,15.55,,,,3523.0,494.0,548.0,5.93,0.65,1606.0,39951.0,11.61,15.9,26.84,4.26,59.25,24.83,857.0,136.0,230.0,,,,,,12.4,9.77,,,,911.0,113.0,89.0
457550,우진엔텍,2026-07-08 05:27,2025.12,2026.12,2026.03,2026.06,35.31,3.68,572.0,5483.0,10.78,11.29,11.85,0.74,26.33,12.79,448.0,51.0,53.0,,,,,,,,,,,,,,34.22,4.4,183.0,5516.0,13.52,16.57,15.11,0.74,94.05,11.83,113.0,19.0,17.0,,,,,,,,,,,,,
136150,원일티엔아이,2026-07-08 05:27,2025.12,2026.12,2026.03,2026.06,-71.76,3.14,-256.0,5853.0,-4.89,-5.91,-6.96,,,34.35,296.0,-18.0,-21.0,,,,,,,,,,,,,,-41.26,3.02,-164.0,5686.0,-4.89,-50.5,-34.45,,,45.43,40.0,-20.0,-14.0,,,,,,,,,,,,,
083650,비에이치아이,2026-07-08 05:27,2025.12,2026.12,2026.03,2026.06,24.82,9.11,2107.0,5739.0,44.36,9.75,8.42,,,367.65,7741.0,755.0,652.0,20.26,6.25,2556.0,8288.0,36.45,10.89,7.17,,,,11030.0,1201.0,791.0,46.45,15.65,165.0,5911.0,40.11,12.58,1.82,,,393.23,2808.0,353.0,51.0,,,591.0,,,11.98,7.38,,,,2478.0,297.0,183.0
098070,한텍,2026-07-08 05:27,2025.12,2026.12,2026.03,2026.06,10.71,2.11,2879.0,14605.0,22.45,22.21,17.9,1.22,13.55,41.36,1719.0,382.0,308.0,7.86,1.45,3201.0,17390.0,20.01,21.36,17.94,,,,1985.0,424.0,356.0,14.71,3.27,723.0,14954.0,24.66,16.24,17.09,1.22,94.96,36.64,470.0,76.0,80.0,,,899.0,,,22.22,18.52,,,,540.0,120.0,100.0
282720,금양그린파워,2026-07-08 05:27,2025.12,2026.12,2026.03,2026.06,7519.64,1.42,2.0,7927.0,0.02,0.16,0.01,2.49,18.56,92.7,2648.0,4.0,0.0,97.49,0.94,74.0,7699.0,0.95,1.1,0.33,,,,2730.0,30.0,9.0,-396.8,2.5,-734.0,7213.0,-0.64,-11.02,-12.22,,,91.68,728.0,-80.0,-89.0,,,,,,,,,,,,,
101970,우양에이치씨,2026-07-08 05:27,2025.12,2026.12,2026.03,2026.06,-39.23,0.93,-295.0,12468.0,-2.41,0.7,-4.28,,,36.0,1009.0,7.0,-43.0,,,,,,,,,,,,,,-39.23,0.94,303.0,12772.0,-2.41,9.66,14.38,,,30.55,312.0,30.0,45.0,,,,,,,,,,,,,
100840,SNT에너지,2026-07-08 05:27,2025.12,2026.12,2026.03,2026.06,8.97,1.98,4080.0,18458.0,25.15,18.37,13.92,3.14,26.93,61.71,6061.0,1113.0,844.0,5.45,1.16,4868.0,22823.0,24.68,19.3,17.26,,,,6345.0,1224.0,1095.0,10.14,2.56,1285.0,19611.0,29.48,18.45,21.51,0.6,22.3,54.46,1236.0,228.0,266.0,,,938.0,,,18.64,15.0,,,,1466.0,273.0,220.0
389260,대명에너지,2026-07-08 05:27,2025.12,2026.12,2026.03,2026.06,23.55,2.07,807.0,9190.0,9.64,12.83,10.8,,,131.86,1310.0,168.0,141.0,9.71,1.27,1384.0,10566.0,14.01,20.36,14.89,,,,1665.0,339.0,248.0,37.04,2.33,268.0,9458.0,6.88,58.18,15.58,,,135.95,308.0,179.0,48.0,,,,,,,,,,,,,
060900,에이전트AI,2026-07-08 05:27,2025.12,2026.12,2026.03,2026.06,-2.1,1.45,-6535.0,9468.0,-47.13,-71.03,-142.21,,,53.05,131.0,-93.0,-187.0,,,,,,,,,,,,,,-1.77,1.15,-506.0,8976.0,-50.02,-72.9,-75.01,,,59.13,27.0,-20.0,-20.0,,,,,,,,,,,,,
270520,앱튼,2026-07-08 05:27,2025.12,2026.12,2026.03,2026.06,-2.68,0.72,-1297.0,4842.0,-26.69,-66.03,-138.68,,,68.16,169.0,-112.0,-234.0,,,,,,,,,,,,,,-0.71,0.43,-672.0,4186.0,-54.82,-39.06,-291.02,,,80.25,45.0,-18.0,-132.0,,,,,,,,,,,,,
099220,SDN,2026-07-08 05:27,2025.12,2026.12,2026.03,2026.06,-39.35,0.89,-27.0,1215.0,-2.43,0.53,-2.29,,,103.6,875.0,5.0,-20.0,,,,,,,,,,,,,,-39.58,1.1,-14.0,1200.0,-3.09,1.07,-5.47,,,107.33,172.0,2.0,-9.0,,,,,,,,,,,,,
100090,SK오션플랜트,2026-07-08 05:27,2025.12,2026.12,2026.03,2026.06,32.39,1.55,625.0,13037.0,4.96,6.16,3.89,,,40.97,9654.0,595.0,375.0,21.03,1.11,719.0,13579.0,5.4,10.27,6.57,,,,6832.0,702.0,449.0,38.02,2.03,158.0,13195.0,5.63,9.65,5.64,,,40.23,1747.0,169.0,99.0,,,173.0,,,9.07,5.08,,,,1754.0,159.0,89.0
043200,파루,2026-07-08 05:27,2025.12,2026.12,2026.03,2026.06,-7.88,1.35,-98.0,574.0,-15.82,-9.5,-14.36,,,134.55,288.0,-27.0,-41.0,,,,,,,,,,,,,,-15.33,1.65,2.0,576.0,-10.24,2.36,0.77,,,136.56,69.0,2.0,1.0,,,,,,,,,,,,,
322000,HD현대에너지솔루션,2026-07-08 05:27,2025.12,2026.12,2026.03,2026.06,14.7,1.47,3721.0,37302.0,10.59,8.37,8.46,,,26.96,4927.0,412.0,417.0,14.45,2.59,8134.0,45446.0,19.66,16.72,13.04,,,,6981.0,1168.0,910.0,23.96,3.54,1987.0,39346.0,16.07,18.15,13.92,,,31.44,1599.0,290.0,223.0,,,2009.0,,,16.59,12.25,,,,1730.0,287.0,212.0
009835,한화솔루션우,2026-07-08 05:27,2025.12,2026.12,2026.03,2026.06,-6.78,0.48,-3728.0,52947.0,-7.01,-2.74,-4.61,2.6,-3.68,196.32,133331.0,-3648.0,-6153.0,14.14,0.7,2225.0,44976.0,4.56,4.18,2.17,,,,182160.0,7618.0,3954.0,-9.34,0.63,-280.0,55553.0,-6.95,2.39,-0.98,,,191.14,38820.0,926.0,-382.0,,,381.0,,,3.96,2.22,,,,45302.0,1792.0,1008.0
095910,에스에너지,2026-07-08 05:27,2025.12,2026.12,2026.03,2026.06,-1.67,0.66,-554.0,1405.0,-38.1,-18.22,-28.01,,,243.61,1024.0,-187.0,-287.0,,,,,,,,,,,,,,-2.96,1.28,-185.0,1145.0,-35.37,-22.72,-28.42,,,226.35,264.0,-60.0,-75.0,,,,,,,,,,,,,
038870,에코심플렉스,2026-07-08 05:27,2025.12,2026.12,2026.03,2026.06,-19.2,0.56,-161.0,5507.0,-2.89,-15.44,-42.37,,,45.93,172.0,-27.0,-73.0,,,,,,,,,,,,,,-18.53,0.61,-26.0,5040.0,-3.09,-34.59,-13.17,,,44.35,28.0,-10.0,-4.0,,,,,,,,,,,,,
137950,제이씨케미칼,2026-07-08 05:27,2025.12,2026.12,2026.03,2026.06,-18.01,0.48,-178.0,6691.0,-2.57,2.1,-1.4,1.56,-27.28,164.75,3675.0,77.0,-52.0,,,,,,,,,,,,,,-331.58,0.74,65.0,6640.0,-0.22,1.31,1.19,1.56,-34.0,175.64,1212.0,16.0,14.0,,,,,,,,,,,,,
475150,SK이터닉스,2026-07-08 05:27,2025.12,2026.12,2026.03,2026.06,22.74,2.56,910.0,8095.0,11.93,13.74,7.97,,,382.37,3856.0,530.0,307.0,48.85,4.82,878.0,8896.0,10.37,12.17,5.52,,,,5385.0,655.0,297.0,74.46,6.84,-151.0,7942.0,9.59,17.84,-18.57,,,419.7,275.0,49.0,-51.0,,,699.0,,,8.59,0.37,,,,2673.0,230.0,10.0
394420,리센스메디컬,2026-07-08 05:27,2025.12,2026.12,2026.03,2026.06,,,-2058.0,742.0,45.75,-120.52,-216.56,,,72.09,88.0,-106.0,-191.0,-84.07,17.61,-203.0,969.0,-24.46,-6.66,-11.78,,,,195.0,-13.0,-23.0,,9.51,-195.0,1941.0,,-231.59,-181.81,,,46.72,10.0,-24.0,-19.0,,,-119.0,,,-50.77,,,,,32.0,-16.0,
304840,피플바이오,2026-07-08 05:27,2025.12,2026.12,2026.03,2026.06,-1.48,0.81,-720.0,1315.0,-84.91,-293.89,-594.22,,,55.75,29.0,-84.0,-169.0,,,,,,,,,,,,,,-1.1,0.6,-92.0,1240.0,-84.44,-230.51,-319.38,,,59.4,6.0,-15.0,-21.0,,,,,,,,,,,,,
491000,리브스메드,2026-07-08 05:27,2025.12,2026.12,2026.03,2026.06,-50.45,7.06,-1025.0,7328.0,-20.75,-44.23,-44.68,,,11.65,512.0,-226.0,-229.0,-32.2,,-1072.0,,,-23.64,-21.28,,,,867.0,-205.0,-184.0,-67.28,9.37,-236.0,7005.0,-20.75,-81.52,-57.27,,,13.19,103.0,-84.0,-59.0,,,-388.0,,,-46.25,-30.62,,,,154.0,-71.0,-47.0
318060,그래피,2026-07-08 05:27,2025.12,2026.12,2026.03,2026.06,-20.65,12.97,-1189.0,1893.0,-93.7,-53.84,-56.84,,,88.56,205.0,-111.0,-117.0,-929.74,8.86,-18.0,1879.0,-0.95,0.84,-0.56,,,,355.0,3.0,-2.0,-41.45,25.93,-254.0,1652.0,-115.4,-95.1,-84.14,,,89.14,34.0,-32.0,-28.0,,,-152.0,,,-27.69,-30.77,,,,65.0,-18.0,-20.0
305090,마이크로디지탈,2026-07-08 05:27,2025.12,2026.12,2026.03,2026.06,-15.04,7.02,-719.0,1541.0,-45.26,-71.41,-102.36,,,125.19,128.0,-92.0,-131.0,,,,,,,,,,,,,,-15.5,4.59,-227.0,1232.0,-43.92,-155.21,-168.9,,,166.65,25.0,-39.0,-43.0,,,,,,,,,,,,,
290650,엘앤씨바이오,2026-07-08 05:27,2025.12,2026.12,2026.03,2026.06,-10.57,7.52,-5781.0,8128.0,-57.68,5.17,-161.74,0.08,-0.89,118.98,855.0,44.0,-1382.0,69.35,8.38,1128.0,9337.0,13.25,21.77,21.06,,,,1605.0,349.0,338.0,-12.17,8.17,105.0,8240.0,-55.6,19.8,9.0,0.08,-1.7,119.07,303.0,60.0,27.0,,,206.0,,,19.4,15.04,,,,359.0,70.0,54.0
387570,파인메딕스,2026-07-08 05:27,2025.12,2026.12,2026.03,2026.06,-22.47,2.14,-334.0,3499.0,-9.44,-27.1,-19.72,,,34.3,95.0,-26.0,-19.0,,,,,,,,,,,,,,-21.03,1.98,-134.0,3372.0,-9.34,-33.65,-33.73,,,33.76,22.0,-8.0,-8.0,,,,,,,,,,,,,
122310,제노레이,2026-07-08 05:27,2025.12,2026.12,2026.03,2026.06,79.91,0.63,52.0,6636.0,0.89,-0.22,0.58,3.61,252.05,56.69,1080.0,-2.0,6.0,,,,,,,,,,,,,,285.02,0.66,-28.0,6548.0,0.27,-6.21,-1.69,1.16,-156.36,65.27,254.0,-16.0,-4.0,,,,,,,,,,,,,
119610,인터로조,2026-07-08 05:27,2025.12,2026.12,2026.03,2026.06,16.05,1.3,997.0,12312.0,7.91,16.45,10.92,4.06,64.16,55.95,1184.0,195.0,129.0,8.22,1.11,1895.0,13994.0,14.6,22.18,17.46,,,,1445.0,321.0,252.0,14.33,1.52,385.0,12045.0,10.28,20.27,16.17,4.06,197.38,64.53,307.0,62.0,50.0,,,428.0,,,22.27,17.04,,,,364.0,81.0,62.0
256840,한국비엔씨,2026-07-08 05:27,2025.12,2026.12,2026.03,2026.06,107.95,1.31,42.0,3417.0,1.22,1.7,2.13,1.56,168.78,16.05,959.0,16.0,20.0,,,,,,,,,,,,,,-77.27,1.1,-15.0,3332.0,-1.4,-7.14,-6.4,1.56,-202.17,18.51,207.0,-15.0,-13.0,,,,,,,,,,,,,
214450,파마리서치,2026-07-08 05:27,2025.12,2026.12,2026.03,2026.06,28.36,6.76,14209.0,59603.0,26.88,39.98,31.37,0.92,25.92,44.21,5363.0,2144.0,1683.0,16.93,4.24,18546.0,74096.0,27.74,40.07,32.74,,,,6626.0,2655.0,2169.0,19.63,4.96,4114.0,60258.0,27.99,39.21,33.37,0.92,131.38,48.18,1461.0,573.0,487.0,,,4680.0,,,40.23,34.03,,,,1633.0,657.0,556.0
104540,코렌텍,2026-07-08 05:27,2025.12,2026.12,2026.03,2026.06,14.35,1.15,467.0,5844.0,8.33,9.08,6.94,,,92.82,1004.0,91.0,70.0,,,,,,,,,,,,,,16.5,0.96,95.0,5934.0,6.0,3.6,4.68,,,77.36,246.0,9.0,12.0,,,,,,,,,,,,,
115480,씨유메디칼,2026-07-08 05:27,2025.12,2026.12,2026.03,2026.06,40.7,0.56,68.0,4930.0,1.38,22.42,1.7,,,67.01,482.0,108.0,8.0,,,,,,,,,,,,,,9.39,0.48,247.0,5134.0,5.22,16.56,18.31,,,82.2,153.0,25.0,28.0,,,,,,,,,,,,,
405000,플라즈맵,2026-07-08 05:27,2025.12,2026.12,2026.03,2026.06,-3.03,3.89,-1913.0,1491.0,-128.57,-89.6,-77.65,,,259.35,85.0,-76.0,-66.0,,,,,,,,,,,,,,-4.29,7.88,-604.0,907.0,-222.99,-76.2,-82.15,,,437.43,28.0,-22.0,-23.0,,,,,,,,,,,,,
389650,넥스트바이오메디컬,2026-07-08 05:27,2025.12,2026.12,2026.03,2026.06,-2336.02,15.25,-38.0,5864.0,-0.67,-4.37,-1.89,,,23.2,165.0,-7.0,-3.0,-86.05,7.43,-469.0,5441.0,-8.32,-24.19,-16.81,,,,230.0,-56.0,-39.0,-16491.29,12.32,-18.0,5965.0,-0.08,-28.91,-3.54,,,22.31,41.0,-12.0,-1.0,,,-170.0,,,-22.29,-25.3,,,,55.0,-12.0,-14.0
099190,아이센스,2026-07-08 05:27,2025.12,2026.12,2026.03,2026.06,-85.28,1.39,-186.0,11419.0,-1.61,2.5,-2.12,0.63,-53.62,70.74,3154.0,79.0,-67.0,152.57,1.43,103.0,10989.0,0.94,1.53,0.77,,,,3267.0,50.0,25.0,-90.35,1.62,70.0,11625.0,-1.77,1.25,2.13,0.63,-33.58,65.8,751.0,9.0,16.0,,,12.0,,,1.1,,,,,816.0,9.0,
228850,레이언스,2026-07-08 05:27,2025.12,2026.12,2026.03,2026.06,-16.34,0.35,-318.0,15058.0,-2.19,-3.44,-4.64,5.77,-48.83,10.05,1147.0,-40.0,-53.0,5.9,0.4,1046.0,15534.0,7.21,9.04,12.76,,,,1360.0,123.0,174.0,259.07,0.4,355.0,15222.0,0.16,9.75,15.93,5.77,-38.43,13.11,368.0,36.0,59.0,,,193.0,,,8.82,9.57,,,,334.0,30.0,32.0
059210,메타바이오메드,2026-07-08 05:27,2025.12,2026.12,2026.03,2026.06,11.93,1.08,417.0,4594.0,10.1,20.81,10.46,2.11,25.86,49.43,1030.0,214.0,108.0,6.23,0.73,613.0,5269.0,12.72,18.87,15.88,,,,1171.0,221.0,186.0,11.62,0.89,163.0,4693.0,8.69,19.87,17.99,2.11,169.72,48.36,244.0,49.0,44.0,,,151.0,,,18.15,15.19,,,,270.0,49.0,41.0
099430,바이오플러스,2026-07-08 05:27,2025.12,2026.12,2026.03,2026.06,20.57,1.77,245.0,2841.0,9.73,16.51,22.0,1.39,28.72,46.19,909.0,150.0,200.0,9.19,1.23,448.0,3352.0,14.48,29.94,30.6,,,,1206.0,361.0,369.0,21.46,1.69,108.0,2885.0,8.54,21.33,30.17,1.39,215.05,49.48,265.0,57.0,80.0,,,,,,24.8,23.52,,,,282.0,70.0,66.0
188260,세니젠,2026-07-08 05:27,2025.12,2026.12,2026.03,2026.06,-2.39,5.51,-805.0,349.0,-108.63,-28.49,-37.91,,,308.28,154.0,-44.0,-58.0,,,,,,,,,,,,,,-2.11,7.59,-124.0,224.0,-107.43,-26.35,-27.12,,,508.31,33.0,-9.0,-9.0,,,,,,,,,,,,,
377740,바이오노트,2026-07-08 05:27,2025.12,2026.12,2026.03,2026.06,-6.38,0.36,-857.0,15047.0,-5.56,14.12,-73.95,4.17,-26.25,2.95,1183.0,167.0,-875.0,,,,,,,,,,,,,,-10.28,0.33,405.0,15288.0,-3.18,19.48,126.82,4.17,-11.84,4.4,326.0,63.0,413.0,,,,,,,,,,,,,
240550,동방메디컬,2026-07-08 05:27,2025.12,2026.12,2026.03,2026.06,13.65,1.32,572.0,5905.0,11.54,14.98,10.08,,,48.85,1135.0,170.0,114.0,,,,,,17.89,,,,,1308.0,234.0,,9.4,1.01,259.0,6240.0,11.36,19.27,16.79,,,43.43,314.0,61.0,53.0,,,,,,14.02,,,,,328.0,46.0,
462510,라메디텍,2026-07-08 05:27,2025.12,2026.12,2026.03,2026.06,-5.08,6.89,-1298.0,956.0,-82.45,-164.78,-158.15,,,199.28,72.0,-118.0,-114.0,,,,,,,,,,,,,,-3.48,7.0,-329.0,651.0,-102.44,-338.43,-355.16,,,285.91,8.0,-28.0,-29.0,,,,,,,,,,,,,
029780,삼성카드,2026-07-08 05:27,2025.12,2026.12,2026.03,2026.06,10.03,0.67,5575.0,83059.0,7.45,19.48,14.74,5.01,46.26,263.01,43829.0,8537.0,6459.0,8.74,0.56,5576.0,86908.0,7.12,18.31,13.62,,,,46257.0,8470.0,6300.0,9.96,0.65,1349.0,82034.0,7.21,16.33,12.16,5.01,201.08,286.72,12858.0,2100.0,1563.0,,,1338.0,,,18.35,13.66,,,,11614.0,2131.0,1586.0
323410,카카오뱅크,2026-07-08 05:27,2025.12,2026.12,2026.03,2026.06,21.45,1.52,1007.0,14166.0,7.23,21.04,15.56,2.13,45.64,1032.02,30863.0,6494.0,4803.0,17.78,1.51,1260.0,14863.0,8.69,,,,,,,7088.0,6011.0,21.55,1.72,393.0,13899.0,8.07,19.24,22.86,2.13,208.35,1072.46,8193.0,1576.0,1873.0,,,282.0,,,,,,,,,1821.0,1346.0
139130,iM금융지주,2026-07-08 05:27,2025.12,2026.12,2026.03,2026.06,5.77,0.4,2696.0,38725.0,7.27,7.25,5.69,4.5,25.33,1435.88,80410.0,5832.0,4575.0,5.91,0.44,3094.0,41485.0,7.77,,,,,,,6665.0,5090.0,6.13,0.43,962.0,38972.0,7.3,5.78,4.71,4.5,921.95,1539.34,33571.0,1939.0,1582.0,,,965.0,,,,,,,,,2129.0,1550.0
138930,BNK금융지주,2026-07-08 05:27,2025.12,2026.12,2026.03,2026.06,6.18,0.46,2570.0,34780.0,7.58,8.89,8.24,4.63,28.12,1333.0,101525.0,9027.0,8362.0,6.73,0.51,2766.0,36819.0,7.77,,,,,,,11174.0,8827.0,6.55,0.51,681.0,34817.0,8.07,8.34,6.39,0.84,21.99,1349.32,33927.0,2831.0,2167.0,,,851.0,,,,,,,,,3388.0,2644.0
175330,JB금융지주,2026-07-08 05:27,2025.12,2026.12,2026.03,2026.06,6.96,0.81,3688.0,31745.0,12.36,20.57,15.77,4.44,30.03,1084.16,46305.0,9523.0,7300.0,6.61,0.76,3946.0,34333.0,12.16,,,,,,,10120.0,7618.0,7.96,0.93,879.0,31851.0,12.37,18.21,14.18,1.05,34.72,1094.63,12150.0,2213.0,1723.0,,,1115.0,,,,,,,,,2846.0,2156.0
316140,우리금융지주,2026-07-08 05:27,2025.12,2026.12,2026.03,2026.06,6.63,0.57,4221.0,49068.0,8.91,8.85,7.77,4.86,31.96,1488.67,415484.0,36748.0,32275.0,7.26,0.59,4291.0,53155.0,8.38,,,,,,,43303.0,32558.0,7.6,0.62,823.0,51992.0,8.68,5.3,4.2,0.69,26.61,1435.06,152433.0,8082.0,6394.0,,,1265.0,,,,,,,,,12798.0,9621.0
279570,케이뱅크,2026-07-08 05:27,2025.12,2026.12,2026.03,2026.06,,,300.0,5781.0,5.4,8.77,8.44,,,1367.21,13348.0,1171.0,1126.0,17.89,0.9,313.0,6233.0,5.34,,,,,,,1404.0,1256.0,17.42,1.0,86.0,5968.0,5.85,10.0,10.25,,,1240.02,3241.0,324.0,332.0,,,,,,,,,,,,,
024110,기업은행,2026-07-08 05:27,2025.12,2026.12,2026.03,2026.06,6.16,0.46,3400.0,45716.0,7.7,12.51,9.31,5.0,30.83,1258.51,292172.0,36556.0,27189.0,6.06,0.45,3516.0,47414.0,7.55,,,,,,,37033.0,28174.0,6.42,0.46,939.0,46146.0,7.49,9.24,7.47,5.0,180.71,1274.34,100892.0,9325.0,7534.0,,,889.0,,,,,,,,,9540.0,7700.0
006220,제주은행,2026-07-08 05:27,2025.12,2026.12,2026.03,2026.06,29.1,0.66,387.0,17124.0,2.25,2.71,3.81,0.89,27.13,1139.04,3659.0,99.0,139.0,,,,,,,,,,,,,,28.98,0.69,111.0,16987.0,2.48,1.01,4.51,0.89,227.84,1202.18,933.0,9.0,42.0,,,,,,,,,,,,,
029530,신도리코,2026-07-08 05:27,2025.12,2026.12,2026.03,2026.06,24.41,0.39,1991.0,124856.0,1.88,1.97,6.32,2.06,42.62,7.6,3173.0,62.0,201.0,,,,,,,,,,,,,,18.76,0.38,1951.0,128543.0,2.46,3.43,22.78,2.06,106.37,7.87,852.0,29.0,194.0,,,,,,,,,,,,,
358570,지아이이노베이션,2026-07-08 05:27,2025.12,2026.12,2026.03,2026.06,-30.34,9.67,-581.0,1824.0,-48.28,-696.38,-601.82,,,9.41,58.0,-407.0,-351.0,,,,,,,,,,,,,,-23.12,7.53,-192.0,1678.0,-29.48,-130.73,-56.41,,,7.72,55.0,-124.0,-123.0,,,,,,,,,,,,,
078160,메디포스트,2026-07-08 05:27,2025.12,2026.12,2026.03,2026.06,-8.16,2.86,-2230.0,6371.0,-34.14,-92.3,-116.75,,,72.69,737.0,-680.0,-860.0,,,,,,,,,,,,,,-10.29,3.45,-269.0,6153.0,-33.44,-86.58,-55.06,,,139.45,195.0,-169.0,-107.0,,,,,,,,,,,,,
338840,와이바이오로직스,2026-07-08 05:27,2025.12,2026.12,2026.03,2026.06,-8.15,13.07,-2810.0,1752.0,-186.97,-318.2,-1442.67,,,109.79,29.0,-93.0,-420.0,-17.38,10.9,-653.0,1041.0,-46.95,-400.0,-500.0,,,,20.0,-80.0,-100.0,-10.39,20.82,-284.0,1477.0,-227.42,-1376.4,-1531.59,,,140.49,3.0,-39.0,-43.0,,,,,,,,,,,,,
468530,프로티나,2026-07-08 05:27,2025.12,2026.12,2026.03,2026.06,-122.33,42.64,-904.0,2594.0,-40.84,-385.24,-305.39,,,11.91,30.0,-114.0,-90.0,,,,,,,,,,,,,,-63.78,28.89,-300.0,2306.0,-54.73,-2795.49,-1947.1,,,13.74,2.0,-47.0,-33.0,,,,,,,,,,,,,
095700,제넥신,2026-07-08 05:27,2025.12,2026.12,2026.03,2026.06,-7.84,0.86,-598.0,5426.0,-10.71,-790.84,-595.01,,,50.46,46.0,-362.0,-272.0,,,,,,,,,,,,,,-10.17,0.92,-273.0,5050.0,-8.78,-2169.97,-3000.5,,,54.65,4.0,-90.0,-124.0,,,,,,,,,,,,,
174900,앱클론,2026-07-08 05:27,2025.12,2026.12,2026.03,2026.06,-45.76,14.39,-929.0,2954.0,-39.86,-374.11,-379.86,,,17.05,47.0,-176.0,-179.0,,,,,,,,,,,,,,-75.79,19.96,-136.0,2840.0,-36.22,-704.5,-640.58,,,17.43,4.0,-31.0,-28.0,,,,,,,,,,,,,
372320,큐로셀,2026-07-08 05:27,2020.12,2026.12,2026.03,2026.06,,,-815.0,226.0,55.22,-29431.28,-21407.56,,,2023.74,,-106.0,-77.0,,,,,,,,,,,,,,-14.72,30.15,-591.0,1628.0,-203.85,,,,,310.74,,-78.0,-87.0,,,,,,,,,,,,,
373110,엑셀세라퓨틱스,2026-07-08 05:27,2025.12,2026.12,2026.03,2026.06,-2.06,4.02,-805.0,413.0,-134.41,-556.79,-560.65,,,120.25,19.0,-109.0,-109.0,,,,,,,,,,,,,,-1.77,3.68,-169.0,378.0,-173.83,-285.24,-286.74,,,128.08,10.0,-29.0,-29.0,,,,,,,,,,,,,
464490,쿼드메디슨,2026-07-08 05:27,2025.12,2026.12,2026.03,2026.06,-21.68,5.74,-719.0,2716.0,-32.69,-59.67,-64.79,,,66.17,107.0,-64.0,-69.0,,,,,,,,,,,,,,-16.48,5.64,-403.0,2342.0,-46.18,-1612.51,-1682.87,,,73.26,3.0,-44.0,-46.0,,,,,,,,,,,,,
298380,에이비엘바이오,2026-07-08 05:27,2025.12,2026.12,2026.03,2026.06,-288.71,71.26,-693.0,2807.0,-23.48,-50.9,-47.73,,,79.29,793.0,-404.0,-379.0,-89.14,33.23,-1012.0,2714.0,-36.89,-125.56,-115.65,,,,492.0,-618.0,-569.0,-377.69,51.42,-260.0,3226.0,-14.91,-131.13,-111.61,,,62.61,131.0,-172.0,-147.0,,,,,,,,,,,,,
476040,오가노이드사이언스,2026-07-08 05:27,2025.12,2026.12,2026.03,2026.06,-15.29,10.22,-2505.0,3748.0,-76.89,-673.16,-654.0,,,49.71,24.0,-162.0,-157.0,,,,,,,,,,,,,,-8.93,7.22,-670.0,3088.0,-76.91,-2955.18,-3055.65,,,58.41,1.0,-42.0,-44.0,,,,,,,,,,,,,
347850,디앤디파마텍,2026-07-08 05:27,2025.12,2026.12,2026.03,2026.06,-167.83,50.27,-547.0,1826.0,-31.49,-790.97,-557.98,,,23.5,43.0,-340.0,-240.0,-117.43,289.92,-646.0,262.0,-63.39,-216.67,-250.0,,,,120.0,-260.0,-300.0,-126.69,39.85,-218.0,1702.0,-33.51,-8636.7,-7828.19,,,25.08,1.0,-111.0,-101.0,,,,,,,,,,,,,
166480,코아스템켐온,2026-07-08 05:27,2025.12,2026.12,2026.03,2026.06,-2.83,1.6,-652.0,1152.0,-51.72,-105.28,-133.11,,,103.67,202.0,-212.0,-268.0,,,,,,,,,,,,,,-3.25,2.36,-131.0,1005.0,-66.14,-137.74,-159.71,,,119.29,43.0,-60.0,-69.0,,,,,,,,,,,,,
246710,티앤알바이오팹,2026-07-08 05:27,2025.12,2026.12,2026.03,2026.06,-3.94,8.06,-993.0,485.0,-147.79,-33.56,-129.58,,,301.74,270.0,-91.0,-349.0,,,,,,,,,,,,,,-3.29,6.0,-35.0,450.0,-154.6,-10.68,-19.05,,,330.34,87.0,-9.0,-17.0,,,,,,,,,,,,,
049960,쎌바이오텍,2026-07-08 05:27,2025.12,2026.12,2026.03,2026.06,12.17,0.68,1077.0,19234.0,7.92,14.9,19.06,4.58,40.52,3.75,531.0,79.0,101.0,,,,,,,,,,,,,,9.82,0.72,569.0,19438.0,10.46,21.83,36.66,4.58,93.4,7.71,146.0,32.0,54.0,,,,,,,,,,,,,
950160,코오롱티슈진,2026-07-08 05:27,2025.12,2026.12,2026.03,2026.06,-33.95,103.38,-2344.0,770.0,-183.43,-432.73,-3733.25,,,561.65,52.0,-223.0,-1926.0,-191.36,129.36,-461.0,683.0,-63.89,-483.33,-650.0,,,,60.0,-290.0,-390.0,-30.69,71.92,-1199.0,1484.0,-186.3,-381.46,-7081.35,,,309.0,14.0,-54.0,-999.0,,,,,,,,,,,,,
084990,헬릭스미스,2026-07-08 05:27,2025.12,2026.12,2026.03,2026.06,-659.19,2.02,-9.0,3083.0,-0.31,-380.97,-17.71,,,1.18,26.0,-99.0,-5.0,,,,,,,,,,,,,,-1255.25,2.72,-30.0,3056.0,-0.22,-395.93,-253.32,,,1.19,6.0,-22.0,-14.0,,,,,,,,,,,,,
251120,바이오에프디엔씨,2026-07-08 05:27,2025.12,2026.12,2026.03,2026.06,20.61,1.93,767.0,8184.0,10.03,32.6,34.76,,,5.23,192.0,63.0,67.0,,,,,,,,,,,,,,19.35,1.66,134.0,8320.0,9.15,25.66,29.05,,,5.0,40.0,10.0,12.0,,,,,,,,,,,,,
067370,선바이오,2026-07-08 05:27,2025.12,2026.12,2026.03,2026.06,25.0,2.39,227.0,2373.0,9.98,36.83,20.43,0.66,20.03,110.17,137.0,50.0,28.0,,,,,,,,,,,,,,26.2,2.22,26.0,2400.0,8.78,35.5,24.7,,,113.32,13.0,5.0,3.0,,,,,,,,,,,,,
196300,HLB펩,2026-07-08 05:27,2025.12,2026.12,2026.03,2026.06,-95.84,2.59,-75.0,2769.0,-4.13,-147.53,-12.95,,,109.09,50.0,-73.0,-6.0,,,,,,,,,,,,,,-30.9,2.79,-323.0,2472.0,-8.81,-111.54,-182.6,,,120.21,16.0,-18.0,-30.0,,,,,,,,,,,,,
352770,셀레스트라,2026-07-08 05:27,2025.12,2026.12,2026.03,2026.06,-1.16,-1.82,-4541.0,-2890.0,3042.91,-386.5,-586.29,,,-395.68,20.0,-78.0,-118.0,,,,,,,,,,,,,,-2.29,-1.7,-34.0,-3095.0,51.89,-1052.58,-370.99,,,-372.66,-13.0,-3.0,-1.0,,,,,,,,,,,,,
298060,에스씨엠생명과학,2026-07-08 05:27,2025.12,2026.12,2026.03,2026.06,165.08,1.24,31.0,4081.0,0.81,-19.0,0.85,,,44.15,238.0,-45.0,2.0,,,,,,,,,,,,,,-2.55,1.02,-207.0,3873.0,-41.87,-9.72,-12.03,,,48.9,152.0,-15.0,-18.0,,,,,,,,,,,,,
263050,유틸렉스,2026-07-08 05:27,2025.12,2026.12,2026.03,2026.06,-1.71,2.67,-649.0,414.0,-86.65,-183.77,-250.53,,,160.96,103.0,-189.0,-258.0,,,,,,,,,,,,,,-1.62,2.8,-71.0,342.0,-90.95,-206.7,-211.82,,,155.51,13.0,-26.0,-27.0,,,,,,,,,,,,,
087010,펩트론,2026-07-08 05:27,2025.12,2026.12,2026.03,2026.06,-428.19,41.57,-593.0,6110.0,-9.41,-377.25,-245.33,,,26.03,56.0,-213.0,-138.0,,,,,,,,,,,,,,-411.7,50.17,-262.0,5850.0,-11.69,-293.81,-310.93,,,28.31,20.0,-58.0,-61.0,,,,,,,,,,,,,
476830,알지노믹스,2026-07-08 05:27,2025.12,2026.12,2026.03,2026.06,-14.22,37.98,-5644.0,2113.0,604.61,-184.31,-1310.76,,,6.72,79.0,-146.0,-1038.0,,,,,,,,,,,,,,-20.33,53.21,-279.0,1857.0,604.61,-2199.8,-2118.93,,,13.23,4.0,-81.0,-78.0,,,,,,,,,,,,,
004415,서울식품우,2026-07-08 05:27,2025.12,2026.12,2026.03,2026.06,-35.39,2.18,-42.0,682.0,-6.44,-0.67,-2.34,,,172.03,686.0,-5.0,-16.0,,,,,,,,,,,,,,-52.17,2.57,-12.0,678.0,-5.25,-0.81,-3.22,,,177.87,150.0,-1.0,-5.0,,,,,,,,,,,,,
001800,오리온홀딩스,2026-07-08 05:27,2025.12,2026.12,2026.03,2026.06,10.69,0.5,1931.0,40953.0,5.01,14.37,9.96,5.33,54.69,19.93,33931.0,4877.0,3378.0,,,,,,15.99,,,,,37706.0,6028.0,,10.7,0.56,825.0,41402.0,5.53,17.14,12.95,5.33,228.02,23.28,10086.0,1729.0,1306.0,,,,,,14.27,,,,,8579.0,1224.0,
353810,이지바이오,2026-07-08 05:27,2025.12,2026.12,2026.03,2026.06,6.97,1.79,834.0,3240.0,29.06,9.43,6.14,4.3,29.77,188.38,4769.0,450.0,293.0,,,,,,,,,,,,,,6.86,2.0,338.0,3461.0,33.83,10.11,8.93,4.3,81.65,200.81,1307.0,132.0,117.0,,,,,,,,,,,,,
001680,대상,2026-07-08 05:27,2025.12,2026.12,2026.03,2026.06,-2.49,0.71,-8447.0,29733.0,-24.41,3.85,-6.89,4.04,-10.07,217.17,44013.0,1693.0,-3031.0,6.51,0.56,2694.0,31573.0,8.79,4.09,2.21,,,,44700.0,1830.0,988.0,-2.38,0.66,889.0,30218.0,-24.02,5.14,2.94,4.04,-8.22,232.86,11099.0,570.0,326.0,,,540.0,,,3.63,,,,,10920.0,396.0,
101530,해태제과식품,2026-07-08 05:27,2025.12,2026.12,2026.03,2026.06,8.37,0.58,800.0,11639.0,7.77,6.6,3.65,3.73,28.46,129.5,6414.0,423.0,234.0,,,,,,,,,,,,,,7.99,0.53,231.0,11638.0,7.49,6.77,4.27,3.73,105.3,128.92,1577.0,107.0,67.0,,,,,,,,,,,,,
011155,CJ씨푸드1우,2026-07-08 05:27,2025.12,2026.12,2026.03,2026.06,36.49,1.17,78.0,2447.0,3.29,-0.47,1.47,,,91.52,1921.0,-9.0,28.0,,,,,,,,,,,,,,72.81,1.09,-36.0,2418.0,1.53,-2.68,-2.34,,,105.14,550.0,-15.0,-13.0,,,,,,,,,,,,,
368970,오에스피,2026-07-08 05:27,2025.12,2026.12,2026.03,2026.06,-5.57,0.57,-470.0,4591.0,-9.73,-5.03,-12.91,,,50.68,254.0,-13.0,-33.0,,,,,,,,,,,,,,-4.88,0.52,-65.0,4505.0,-10.09,6.31,-3.48,,,50.42,72.0,5.0,-2.0,,,,,,,,,,,,,
005745,크라운해태홀딩스우,2026-07-08 05:27,2025.12,2026.12,2026.03,2026.06,5.74,0.29,1185.0,23555.0,5.34,5.35,3.14,1.64,8.17,96.81,10699.0,573.0,336.0,,,,,,,,,,,,,,5.9,0.27,364.0,23799.0,4.9,5.7,3.81,1.64,,95.73,2616.0,149.0,100.0,,,,,,,,,,,,,
140410,메지온,2026-07-08 05:27,2025.12,2026.12,2026.03,2026.06,-77.7,159.11,-1160.0,566.0,-110.43,-212.0,-441.61,,,470.09,79.0,-168.0,-349.0,,,,,,,,,,,,,,-70.88,169.68,-175.0,510.0,-125.67,-226.39,-263.34,,,537.75,20.0,-46.0,-53.0,,,,,,,,,,,,,
900340,윙입푸드,2026-07-08 05:27,2025.12,2026.12,2026.03,2026.06,3.64,0.16,881.0,19519.0,4.68,7.77,5.77,,,25.75,1922.0,149.0,111.0,,,,,,,,,,,,,,3.63,0.12,56.0,20905.0,3.38,5.79,1.51,,,23.55,464.0,27.0,7.0,,,,,,,,,,,,,
264900,크라운제과,2026-07-08 05:27,2025.12,2026.12,2026.03,2026.06,9.48,0.49,927.0,17790.0,5.57,3.43,2.77,3.19,29.06,56.02,4448.0,153.0,123.0,,,,,,,,,,,,,,10.12,0.46,257.0,17774.0,4.84,3.73,3.15,3.19,194.98,56.02,1084.0,40.0,34.0,,,,,,,,,,,,,
136490,선진,2026-07-08 05:27,2025.12,2026.12,2026.03,2026.06,1.94,0.41,5002.0,23678.0,23.5,9.45,6.65,2.06,4.0,133.94,18957.0,1792.0,1260.0,,,,,,,,,,,,,,2.09,0.39,1573.0,25445.0,20.59,11.51,7.51,2.06,33.57,137.45,5330.0,614.0,400.0,,,,,,,,,,,,,
097955,CJ제일제당 우,2026-07-08 05:27,2025.12,2026.12,2026.03,2026.06,-5.96,0.47,-34884.0,440524.0,-7.67,4.51,-1.52,4.38,-16.84,157.5,273426.0,12336.0,-4170.0,8.37,0.43,23790.0,460756.0,5.4,4.53,1.95,,,,285446.0,12921.0,5562.0,-7.05,0.47,4995.0,462867.0,-6.6,3.35,1.69,1.15,29.37,157.98,71111.0,2381.0,1198.0,,,4900.0,,,4.01,1.57,,,,69427.0,2787.0,1093.0
145995,삼양사우,2026-07-08 05:27,2025.12,2026.12,2026.03,2026.06,-1.61,0.3,-29380.0,160501.0,-18.8,4.36,-11.8,4.89,-5.6,103.1,25625.0,1117.0,-3024.0,,,,,,,,,,,,,,-1.51,0.26,2894.0,170889.0,-18.19,3.46,5.19,4.89,-4.35,94.22,6083.0,211.0,316.0,,,,,,,,,,,,,
005740,크라운해태홀딩스,2026-07-08 05:27,2025.12,2026.12,2026.03,2026.06,5.74,0.29,1185.0,23555.0,5.34,5.35,3.14,1.91,10.63,96.81,10699.0,573.0,336.0,,,,,,,,,,,,,,5.9,0.27,364.0,23799.0,4.9,5.7,3.81,1.91,45.48,95.73,2616.0,149.0,100.0,,,,,,,,,,,,,
453340,현대그린푸드,2026-07-08 05:27,2025.12,2026.12,2026.03,2026.06,5.92,0.7,2635.0,22435.0,12.46,4.58,3.77,4.33,25.21,41.13,23296.0,1068.0,877.0,4.95,0.68,3489.0,25206.0,14.74,5.67,4.59,,,,24780.0,1406.0,1138.0,5.33,0.68,1109.0,23250.0,13.61,7.46,5.82,2.37,3143.99,43.3,6215.0,464.0,362.0,,,1170.0,,,7.31,,,,,5857.0,428.0,
267980,매일유업,2026-07-08 05:27,2025.12,2026.12,2026.03,2026.06,4.88,0.41,7212.0,86122.0,9.32,3.26,3.05,3.69,16.95,68.9,18435.0,600.0,562.0,,,,,,,,,,,,,,4.17,0.4,2459.0,87631.0,10.61,4.0,4.02,3.69,61.93,69.93,4699.0,188.0,189.0,,,,,,,,,,,,,
073560,우리손에프앤지,2026-07-08 05:27,2025.12,2026.12,2026.03,2026.06,4.38,0.31,344.0,4805.0,7.36,11.39,8.22,9.93,43.55,63.36,2871.0,327.0,236.0,,,,,,,,,,,,,,4.34,0.35,16.0,4677.0,8.14,3.74,1.16,9.93,-402.21,67.47,711.0,27.0,8.0,,,,,,,,,,,,,
001685,대상우,2026-07-08 05:27,2025.12,2026.12,2026.03,2026.06,-2.49,0.71,-8447.0,29733.0,-24.41,3.85,-6.89,5.05,32.18,217.17,44013.0,1693.0,-3031.0,6.51,0.56,2694.0,31573.0,8.79,4.09,2.21,,,,44700.0,1830.0,988.0,-2.38,0.66,889.0,30218.0,-24.02,5.14,2.94,5.05,,232.86,11099.0,570.0,326.0,,,540.0,,,3.63,,,,,10920.0,396.0,
006090,사조오양,2026-07-08 05:27,2025.12,2026.12,2026.03,2026.06,8.06,0.35,1123.0,26231.0,4.44,3.24,2.54,1.1,8.9,76.49,4174.0,135.0,106.0,,,,,,,,,,,,,,5.1,0.31,499.0,26477.0,6.29,6.6,4.47,1.1,52.46,76.39,1052.0,69.0,47.0,,,,,,,,,,,,,
435570,에르코스,2026-07-08 05:27,2025.12,2026.12,2026.03,2026.06,-17.65,2.08,-839.0,7124.0,-13.38,0.76,-17.38,0.88,-15.88,84.97,356.0,3.0,-62.0,,,,,,,,,,,,,,-16.31,1.36,-120.0,7003.0,-8.93,-6.65,-10.44,0.88,45.63,117.55,88.0,-6.0,-9.0,,,,,,,,,,,,,
009780,엠에스씨,2026-07-08 05:27,2025.12,2026.12,2026.03,2026.06,6.06,0.74,1307.0,10750.0,12.83,15.0,11.64,1.64,9.94,46.5,1977.0,297.0,230.0,,,,,,,,,,,,,,4.94,0.59,381.0,11011.0,12.65,16.67,13.93,1.64,45.26,46.72,482.0,80.0,67.0,,,,,,,,,,,,,
002680,한탑,2026-07-08 05:27,2025.12,2026.12,2026.03,2026.06,11.07,0.47,65.0,1533.0,4.46,3.55,2.53,,,192.29,824.0,29.0,21.0,,,,,,,,,,,,,,-18.5,0.5,-86.0,1452.0,-2.74,-4.49,-13.97,,,196.74,198.0,-9.0,-28.0,,,,,,,,,,,,,
145990,삼양사,2026-07-08 05:27,2025.12,2026.12,2026.03,2026.06,-1.61,0.3,-29380.0,160501.0,-18.8,4.36,-11.8,3.69,-5.6,103.1,25625.0,1117.0,-3024.0,,,,,,,,,,,,,,-1.51,0.26,2894.0,170889.0,-18.19,3.46,5.19,3.69,-4.35,94.22,6083.0,211.0,316.0,,,,,,,,,,,,,
002600,조흥,2026-07-08 05:27,2025.12,2026.12,2026.03,2026.06,11.88,0.63,13470.0,252447.0,5.41,3.82,1.65,3.75,44.54,187.05,4882.0,186.0,81.0,,,,,,,,,,,,,,13.36,0.6,-3401.0,242935.0,4.49,3.07,-1.67,3.75,274.22,218.84,1225.0,38.0,-20.0,,,,,,,,,,,,,
078130,국일제지,2026-07-08 05:27,2025.12,2026.12,2026.03,2026.06,-211.31,3.27,-16.0,1063.0,-1.53,-0.73,-2.74,,,11.66,678.0,-5.0,-19.0,,,,,,,,,,,,,,-142.58,2.97,-3.0,1061.0,-2.05,-3.01,-2.14,,,11.29,167.0,-5.0,-4.0,,,,,,,,,,,,,
034810,해성산업,2026-07-08 05:27,2025.12,2026.12,2026.03,2026.06,-11.85,0.36,-708.0,23076.0,-3.29,1.85,-1.99,2.98,-32.28,101.02,22601.0,418.0,-449.0,,,,,,,,,,,,,,-3.94,0.33,-958.0,22002.0,-8.66,3.04,-5.68,2.98,-19.53,114.13,5994.0,182.0,-340.0,,,,,,,,,,,,,
002820,SUN&L,2026-07-08 05:27,2025.12,2026.12,2026.03,2026.06,-14.16,0.14,-186.0,18273.0,-1.06,-6.56,-1.33,,,112.24,2724.0,-179.0,-36.0,,,,,,,,,,,,,,-7.73,0.13,-389.0,17920.0,-1.73,-5.47,-10.0,,,113.94,506.0,-28.0,-51.0,,,,,,,,,,,,,
000180,성창기업지주,2026-07-08 05:27,2025.12,2026.12,2026.03,2026.06,-5.11,0.16,-1479.0,48557.0,-3.29,-5.45,-16.22,,,27.13,1272.0,-69.0,-206.0,,,,,,,,,,,,,,-4.88,0.15,-105.0,48430.0,-3.28,-4.91,-4.41,,,26.7,331.0,-16.0,-15.0,,,,,,,,,,,,,
027970,한국제지,2026-07-08 05:27,2025.12,2026.12,2026.03,2026.06,-4.55,0.37,-176.0,2136.0,-7.89,0.41,-4.44,,,63.7,7537.0,31.0,-335.0,,,,,,,,,,,,,,-1.76,0.41,-250.0,1886.0,-20.95,2.29,-23.92,,,96.6,1990.0,46.0,-476.0,,,,,,,,,,,,,
006740,블루산업개발,2026-07-08 05:27,2025.12,2026.12,2026.03,2026.06,-1.75,0.51,-1046.0,3614.0,-26.05,-16.95,-26.26,1.48,-32.64,100.88,933.0,-158.0,-245.0,,,,,,,,,,,,,,-1.45,0.37,-74.0,3562.0,-23.44,-2.03,-7.14,,,106.2,245.0,-5.0,-17.0,,,,,,,,,,,,,
004545,깨끗한나라우,2026-07-08 05:27,2025.12,2026.12,2026.03,2026.06,-1.5,0.42,-1263.0,4539.0,-26.34,-4.46,-9.35,,,273.37,5082.0,-226.0,-475.0,,,,,,,,,,,,,,-1.64,0.47,-190.0,4320.0,-26.93,-3.17,-5.72,,,280.55,1251.0,-40.0,-72.0,,,,,,,,,,,,,
001020,페이퍼코리아,2026-07-08 05:27,2025.12,2026.12,2026.03,2026.06,-5.71,0.42,-543.0,7411.0,-7.06,-1.98,-7.25,,,77.91,2667.0,-53.0,-193.0,,,,,,,,,,,,,,-6.02,0.41,-19.0,7393.0,-6.65,1.84,-0.99,,,77.69,672.0,12.0,-7.0,,,,,,,,,,,,,
001810,무림SP,2026-07-08 05:27,2025.12,2026.12,2026.03,2026.06,-19.18,0.17,-78.0,8988.0,-0.86,0.86,-0.81,1.0,-19.23,71.28,2057.0,18.0,-17.0,,,,,,,,,,,,,,-8.32,0.17,-111.0,8865.0,-2.05,0.36,-4.28,1.0,-7.78,73.83,576.0,2.0,-25.0,,,,,,,,,,,,,
009200,무림페이퍼,2026-07-08 05:27,2025.12,2026.12,2026.03,2026.06,-5.45,0.19,-369.0,10373.0,-3.48,0.47,-1.84,6.22,-33.87,270.58,12649.0,60.0,-232.0,,,,,,,,,,,,,,-3.91,0.2,-99.0,10134.0,-4.89,0.05,-2.53,6.22,-33.09,282.68,3074.0,2.0,-78.0,,,,,,,,,,,,,
036630,세종텔레콤,2026-07-08 05:27,2025.12,2026.12,2026.03,2026.06,27.29,0.58,363.0,17031.0,3.74,-3.78,2.82,3.03,37.03,105.77,2842.0,-108.0,80.0,,,,,,,,,,,,,,23.63,0.52,-249.0,16484.0,2.93,-2.31,-3.96,3.03,-87.17,117.59,688.0,-16.0,-27.0,,,,,,,,,,,,,
034830,한국토지신탁,2026-07-08 05:27,2025.12,2026.12,2026.03,2026.06,15.16,0.26,83.0,4754.0,2.1,-11.33,10.54,5.56,72.91,91.8,1844.0,-209.0,194.0,,,,,,,,,,,,,,19.1,0.36,40.0,4767.0,2.25,1.09,22.64,5.56,70.17,95.4,437.0,5.0,99.0,,,,,,,,,,,,,
123890,한국자산신탁,2026-07-08 05:27,2025.12,2026.12,2026.03,2026.06,6.04,0.27,402.0,8853.0,4.64,16.75,24.17,6.17,37.17,60.45,2043.0,342.0,494.0,,,,,,,,,,,,,,6.64,0.29,100.0,8803.0,4.46,15.65,17.71,6.17,-351.67,61.55,688.0,108.0,122.0,,,,,,,,,,,,,
015020,이스타코,2026-07-08 05:27,2025.12,2026.12,2026.03,2026.06,-18.39,0.63,-64.0,1882.0,-3.68,-2.48,-8.4,,,136.81,164.0,-4.0,-14.0,,,,,,,,,,,,,,-17.06,0.5,-34.0,1846.0,-3.11,-8.9,-21.23,,,128.48,34.0,-3.0,-7.0,,,,,,,,,,,,,
005110,한창,2026-07-08 05:27,2025.12,2026.12,2026.03,2026.06,0.41,1.53,3053.0,819.0,1866.08,-96.66,774.77,,,458.05,80.0,-78.0,623.0,,,,,,,,,,,,,,0.49,2.2,-278.0,569.0,2845.77,-229.75,-849.49,,,1213.94,8.0,-19.0,-71.0,,,,,,,,,,,,,
210980,SK디앤디,2026-07-08 05:27,2025.12,2026.12,2026.03,2026.06,33.29,0.41,381.0,30636.0,1.24,8.48,1.21,1.58,52.44,174.18,4458.0,378.0,54.0,,,,,,,,,,,,,,-11.65,0.44,-1153.0,29427.0,-3.7,-13.29,-29.35,2.1,19.15,163.73,703.0,-93.0,-206.0,,,,,,,,,,,,,
397810,애드포러스,2026-07-08 05:27,2025.12,2026.12,2026.03,2026.06,-19.67,0.9,-402.0,8772.0,-7.4,7.91,-6.29,3.16,-49.59,25.99,306.0,24.0,-19.0,,,,,,,,,,,,,,-16.6,0.72,168.0,8770.0,-6.95,8.64,11.58,3.16,224.36,27.75,78.0,7.0,9.0,,,,,,,,,,,,,
123570,이엠넷,2026-07-08 05:27,2025.12,2026.12,2026.03,2026.06,22.06,0.43,88.0,4480.0,2.06,0.85,5.73,3.09,65.32,38.41,323.0,3.0,18.0,,,,,,,,,,,,,,21.01,0.43,37.0,4534.0,2.15,2.79,9.41,3.09,-2145.09,38.4,85.0,2.0,8.0,,,,,,,,,,,,,
035000,HS애드,2026-07-08 05:27,2025.12,2026.12,2026.03,2026.06,8.34,0.67,1051.0,13081.0,8.38,5.68,3.59,6.28,51.29,139.56,4839.0,275.0,174.0,,,,,,,,,,,,,,8.81,0.67,-619.0,12139.0,7.9,-16.84,-13.91,5.14,32.65,110.89,721.0,-121.0,-100.0,,,,,,,,,,,,,
216050,인크로스,2026-07-08 05:27,2025.12,2026.12,2026.03,2026.06,7.18,0.62,933.0,10770.0,9.59,22.8,23.74,4.45,30.01,126.73,505.0,115.0,120.0,,,,,,,,,,,,,,7.31,0.62,158.0,10648.0,9.4,14.71,19.47,4.45,100.87,95.77,105.0,15.0,20.0,,,,,,,,,,,,,
089600,KT나스미디어,2026-07-08 05:27,2025.12,2026.12,2026.03,2026.06,22.1,0.73,588.0,17839.0,3.39,10.45,5.77,5.39,116.08,118.29,1179.0,123.0,68.0,6.46,0.53,1573.0,19089.0,8.78,15.97,13.79,,,,1319.0,211.0,182.0,17.57,0.65,316.0,17536.0,3.98,12.56,13.83,5.39,-1339.46,97.37,264.0,33.0,37.0,,,455.0,,,17.09,17.65,,,,298.0,51.0,53.0
351870,차이커뮤니케이션,2026-07-08 05:27,2025.12,2026.12,2026.03,2026.06,46.66,1.04,108.0,4809.0,2.3,6.67,3.79,,,191.34,665.0,44.0,25.0,,,,,,,,,,,,,,376.85,0.82,-86.0,4731.0,0.22,-4.67,-4.17,,,187.61,192.0,-9.0,-8.0,,,,,,,,,,,,,
291230,엔피,2026-07-08 05:27,2025.12,2026.12,2026.03,2026.06,-9.24,1.37,-88.0,594.0,-13.76,-11.19,-14.09,,,64.22,272.0,-30.0,-38.0,,,,,,,,,,,,,,-8.22,1.4,-41.0,554.0,-15.67,-41.5,-43.35,,,72.17,47.0,-20.0,-21.0,,,,,,,,,,,,,
237820,플레이디,2026-07-08 05:27,2025.12,2026.12,2026.03,2026.06,10.07,0.65,458.0,7090.0,6.65,15.47,14.6,4.12,41.5,59.75,402.0,62.0,59.0,,,,,,,,,,,,,,15.08,0.68,7.0,6906.0,5.16,-1.09,0.97,4.12,96.93,58.9,90.0,-1.0,1.0,,,,,,,,,,,,,
273060,와이즈버즈,2026-07-08 05:27,2025.12,2026.12,2026.03,2026.06,23.74,0.89,37.0,989.0,3.85,16.64,4.09,,,280.11,455.0,76.0,19.0,,,,,,,,,,,,,,13.47,1.0,24.0,1014.0,7.75,24.61,10.32,,,271.68,118.0,29.0,12.0,,,,,,,,,,,,,
363260,모비데이즈,2026-07-08 05:27,2025.12,2026.12,2026.03,2026.06,16.89,1.27,94.0,1248.0,7.91,10.16,6.98,2.52,41.95,157.31,444.0,45.0,31.0,,,,,,,,,,,,,,20.98,1.18,-6.0,1201.0,5.78,-1.74,-0.49,2.52,-160.65,165.83,96.0,-2.0,-0.0,,,,,,,,,,,,,
048550,SM C&C,2026-07-08 05:27,2025.12,2026.12,2026.03,2026.06,-61.77,1.58,-22.0,843.0,-2.55,-1.29,-1.92,,,152.82,1005.0,-13.0,-19.0,,,,,,,,,,,,,,-69.58,1.31,-13.0,831.0,-1.89,-10.42,-5.74,,,136.72,215.0,-22.0,-12.0,,,,,,,,,,,,,
236810,엔비티,2026-07-08 05:27,2025.12,2026.12,2026.03,2026.06,-7.86,1.63,-267.0,1289.0,-19.67,-7.04,-4.92,,,71.94,923.0,-65.0,-45.0,,,,,,,,,,,,,,-8.1,1.51,-91.0,1194.0,-17.84,-7.11,-6.98,,,81.86,221.0,-16.0,-15.0,,,,,,,,,,,,,
050090,비케이홀딩스,2026-07-08 05:27,2025.12,2026.12,2026.03,2026.06,-4.51,1.55,-194.0,565.0,-29.35,-47.99,-51.62,,,29.9,74.0,-36.0,-38.0,,,,,,,,,,,,,,-4.47,1.67,-54.0,511.0,-31.43,-101.29,-101.85,,,26.58,10.0,-11.0,-11.0,,,,,,,,,,,,,
362990,드림인사이트,2026-07-08 05:27,2025.12,2026.12,2026.03,2026.06,-75.69,0.91,-24.0,2021.0,-1.23,-5.8,-2.04,1.09,-56.94,47.07,200.0,-12.0,-4.0,,,,,,,,,,,,,,-111.15,0.78,-7.0,2000.0,-0.72,-3.42,-2.46,1.09,222.07,46.11,49.0,-2.0,-1.0,,,,,,,,,,,,,
458350,에스팀,2026-07-08 05:27,2025.12,2026.12,2026.03,2026.06,,,239.0,1774.0,14.99,7.0,5.91,,,62.77,352.0,25.0,21.0,,,,,,,,,,,,,,,2.77,-52.0,3453.0,,-9.63,-7.66,,,28.19,59.0,-6.0,-5.0,,,,,,,,,,,,,
001450,현대해상,2026-07-08 05:27,2025.12,2026.12,2026.03,2026.06,2.7,0.47,11407.0,65772.0,20.6,6.96,5.63,6.65,28.16,877.79,181104.0,12610.0,10198.0,4.67,,7857.0,,,,,,,,,,6780.0,2.56,0.42,2645.0,71324.0,21.87,6.88,5.01,,,785.13,47161.0,3245.0,2364.0,,,,,,,,,,,,,
211050,인카금융서비스,2026-07-08 05:27,2025.12,2026.12,2026.03,2026.06,9.08,2.92,1410.0,4391.0,39.66,9.28,6.94,2.89,25.21,367.04,10218.0,948.0,710.0,5.96,,1744.0,,,10.21,,,,,12411.0,1267.0,,7.4,2.56,457.0,4496.0,41.49,8.62,7.48,2.89,104.59,371.91,3012.0,260.0,225.0,,,477.0,,,11.03,,,,,3147.0,347.0,
000815,삼성화재우,2026-07-08 05:27,2025.12,2026.12,2026.03,2026.06,12.21,0.99,40703.0,500071.0,10.97,10.73,8.15,5.17,41.07,352.98,247785.0,26591.0,20203.0,15.14,1.13,44510.0,594102.0,9.19,,,,,,,30131.0,21440.0,9.13,0.78,12928.0,568001.0,12.53,12.9,9.52,5.17,353.15,317.02,66763.0,8611.0,6352.0,,,12640.0,,,,,,,,,8068.0,5923.0
000540,흥국화재,2026-07-08 05:27,2025.12,2026.12,2026.03,2026.06,1.54,0.28,2328.0,12842.0,18.85,5.31,4.29,,,1393.92,35328.0,1875.0,1517.0,,,,,,,,,,,,,,8.64,0.3,-10.0,14073.0,3.47,-0.21,-0.07,,,1201.65,10286.0,-21.0,-7.0,,,,,,,,,,,,,
000370,한화손해보험,2026-07-08 05:27,2025.12,2026.12,2026.03,2026.06,2.88,0.32,1932.0,17378.0,10.56,5.77,3.92,4.94,14.81,656.87,74497.0,4296.0,2923.0,2.75,,2152.0,,,,,,,,,4800.0,3495.0,1.7,0.34,677.0,18619.0,11.72,6.5,5.09,,,588.88,20907.0,1359.0,1065.0,,,557.0,,,,,,,,,1286.0,931.0
000545,흥국화재우,2026-07-08 05:27,2025.12,2026.12,2026.03,2026.06,1.54,0.28,2328.0,12842.0,18.85,5.31,4.29,,,1393.92,35328.0,1875.0,1517.0,,,,,,,,,,,,,,8.64,0.3,-10.0,14073.0,3.47,-0.21,-0.07,,,1201.65,10286.0,-21.0,-7.0,,,,,,,,,,,,,
244920,에이플러스에셋,2026-07-08 05:27,2025.12,2026.12,2026.03,2026.06,9.14,1.19,979.0,7506.0,13.82,4.29,3.62,3.36,30.66,97.3,6825.0,293.0,247.0,,,,,,,,,,,,,,8.3,1.35,537.0,7757.0,17.5,8.53,7.03,3.36,117.61,100.08,1866.0,159.0,131.0,,,,,,,,,,,,,
003690,코리안리,2026-07-08 05:27,2025.12,2026.12,2026.03,2026.06,6.98,0.55,1653.0,20843.0,9.03,7.02,4.8,4.94,31.28,287.13,67044.0,4709.0,3220.0,,,,,,,,,,,,,,4.5,0.57,1103.0,21488.0,10.76,16.42,12.1,4.94,254.84,278.19,17737.0,2912.0,2146.0,,,,,,,,,,,,,
000400,롯데손해보험,2026-07-08 05:27,2025.12,2026.12,2026.03,2026.06,10.51,0.88,165.0,1985.0,7.29,2.01,1.59,,,2248.85,32207.0,647.0,513.0,,,,,,,,,,,,,,30.6,0.88,-64.0,2280.0,3.35,-3.27,-2.27,,,1868.01,8710.0,-285.0,-198.0,,,,,,,,,,,,,
031210,서울보증보험,2026-07-08 05:27,2025.12,2026.12,2026.03,2026.06,12.94,0.67,3844.0,74331.0,5.18,13.62,9.73,5.76,74.54,81.11,27587.0,3757.0,2684.0,,,,,,,,,,,,,,11.89,0.73,823.0,71321.0,6.12,11.2,6.89,5.76,164.42,89.74,8343.0,935.0,575.0,,,,,,,,,,,,,
145170,노브랜드,2026-07-08 05:27,2025.12,2026.12,2026.03,2026.06,13.24,0.43,301.0,9360.0,3.3,2.21,0.84,,17.81,164.99,6022.0,133.0,51.0,,,,,,,,,,,,,,21.41,0.4,157.0,9846.0,1.93,4.37,1.54,,,178.87,1726.0,75.0,27.0,,,,,,,,,,,,,
194370,제이에스코퍼레이션,2026-07-08 05:27,2025.12,2026.12,2026.03,2026.06,4.76,0.71,2691.0,18174.0,15.29,10.91,6.66,4.68,22.71,242.94,12882.0,1405.0,858.0,3.28,0.56,3753.0,21815.0,18.77,10.65,6.56,,,,16597.0,1767.0,1089.0,4.12,0.59,419.0,18594.0,15.45,10.0,3.95,2.73,48.51,219.69,3080.0,308.0,122.0,,,817.0,,,8.92,,,,,4295.0,383.0,
079980,휴비스,2026-07-08 05:27,2025.12,2026.12,2026.03,2026.06,39.59,0.35,67.0,7534.0,0.96,2.22,0.26,,,203.0,8895.0,198.0,23.0,,,,,,,,,,,,,,-51.05,0.35,-24.0,7625.0,-0.74,0.08,-0.36,,,215.98,2260.0,2.0,-8.0,,,,,,,,,,,,,
036620,감성코퍼레이션,2026-07-08 05:27,2025.12,2026.12,2026.03,2026.06,14.93,3.89,387.0,1485.0,28.75,17.84,14.16,,,37.97,2502.0,446.0,354.0,8.17,2.26,514.0,1858.0,30.91,19.19,15.41,,,,3006.0,577.0,463.0,12.55,3.36,94.0,1566.0,29.4,16.19,14.54,3.79,211.34,34.71,585.0,95.0,85.0,,,88.0,,,18.12,12.87,,,,621.0,113.0,80.0
009970,영원무역홀딩스,2026-07-08 05:27,2025.12,2026.12,2026.03,2026.06,7.06,0.74,27133.0,259821.0,12.83,15.02,12.39,3.43,20.76,32.34,48950.0,7355.0,6065.0,,,,,,,,,,,,,,7.5,0.81,7167.0,269094.0,13.48,14.63,18.01,2.18,38.35,32.14,10786.0,1578.0,1942.0,,,,,,,,,,,,,
003200,일신방직,2026-07-08 05:27,2025.12,2026.12,2026.03,2026.06,8.59,0.29,1445.0,42508.0,3.67,2.4,6.56,3.22,26.19,18.01,5172.0,124.0,339.0,,,,,,,,,,,,,,14.18,0.27,168.0,42538.0,2.0,2.13,2.88,3.22,71.99,17.68,1405.0,30.0,40.0,,,,,,,,,,,,,
007980,TP,2026-07-08 05:27,2025.12,2026.12,2026.03,2026.06,2.52,0.31,747.0,6168.0,14.54,6.03,3.69,3.98,8.84,169.12,10290.0,620.0,380.0,,,,,,,,,,,,,,2.15,0.27,244.0,6588.0,15.52,5.89,5.0,3.98,687.82,182.25,2489.0,147.0,125.0,,,,,,,,,,,,,
006060,화승인더,2026-07-08 05:27,2025.12,2026.12,2026.03,2026.06,10.35,0.52,350.0,6972.0,5.63,4.3,0.54,5.69,51.04,185.01,17810.0,766.0,97.0,,,,,,,,,,,,,,10.64,0.45,37.0,7006.0,4.8,2.09,0.1,5.69,55.22,204.15,4082.0,85.0,4.0,,,,,,,,,,,,,
016450,한세예스24홀딩스,2026-07-08 05:27,2025.12,2026.12,2026.03,2026.06,-5.03,0.36,-827.0,11650.0,-6.86,1.92,-0.68,12.02,-59.4,222.47,34098.0,655.0,-232.0,,,,,,,,,,,,,,-7.82,0.37,155.0,11616.0,-4.63,2.46,0.56,12.02,-193.24,229.33,8613.0,212.0,48.0,,,,,,,,,,,,,
352700,씨앤투스,2026-07-08 05:27,2025.12,2026.12,2026.03,2026.06,-7.97,0.39,-295.0,6095.0,-5.02,-8.56,-11.67,2.13,-15.78,7.61,672.0,-58.0,-78.0,,,,,,,,,,,,,,-6.95,0.32,62.0,6146.0,-4.85,-2.31,10.41,2.13,-11.7,8.6,158.0,-4.0,16.0,,,,,,,,,,,,,
900110,이스트아시아홀딩스,2026-07-08 05:27,2025.12,2026.12,2026.03,2026.06,2.65,0.08,1262.0,39697.0,3.15,13.36,15.08,,,4.96,705.0,94.0,106.0,,,,,,,,,,,,,,1.8,0.07,164.0,31300.0,3.3,11.56,11.75,,,4.7,153.0,18.0,18.0,,,,,,,,,,,,,
110790,크리스에프앤씨,2026-07-08 05:27,2025.12,2026.12,2026.03,2026.06,7.39,0.23,548.0,17440.0,3.55,-1.52,-1.48,4.94,32.51,99.87,3119.0,-47.0,-46.0,,,,,,,,,,,,,,-8.12,0.2,-378.0,19144.0,-2.89,-10.64,-18.16,4.94,-100.12,98.84,632.0,-67.0,-115.0,,,,,,,,,,,,,
472850,폰드그룹,2026-07-08 05:27,2025.12,2026.12,2026.03,2026.06,9.44,1.39,600.0,4071.0,15.46,11.82,9.11,2.78,26.23,79.12,4856.0,574.0,442.0,,,,,,,,,,,,,,7.77,1.2,175.0,4164.0,16.46,14.52,10.55,0.7,20.01,85.34,1169.0,170.0,123.0,,,,,,,,,,,,,
069640,한세엠케이,2026-07-08 05:27,2025.12,2026.12,2026.03,2026.06,-0.64,1.4,-1960.0,891.0,-117.07,-4.88,-15.23,,,1403.71,2489.0,-121.0,-379.0,,,,,,,,,,,,,,-0.84,1.7,-62.0,688.0,-115.88,0.57,-2.1,,,1847.17,660.0,4.0,-14.0,,,,,,,,,,,,,
031430,신세계인터내셔날,2026-07-08 05:27,2025.12,2026.12,2026.03,2026.06,90.67,0.45,121.0,24118.0,0.51,-1.04,0.37,3.65,323.76,70.52,11100.0,-115.0,41.0,8.85,0.52,1488.0,25211.0,6.11,4.21,4.09,,,,12690.0,534.0,519.0,29.9,0.49,402.0,24145.0,1.67,5.02,4.8,3.65,892.94,57.56,2956.0,148.0,142.0,,,235.0,,,3.6,4.09,,,,2986.0,107.0,122.0
001070,대한방직,2026-07-08 05:27,2025.12,2026.12,2026.03,2026.06,-55.72,0.15,-115.0,43130.0,-0.42,0.44,-0.39,,,51.18,1583.0,7.0,-6.0,,,,,,,,,,,,,,2782.26,0.15,-52.0,43117.0,0.01,1.06,-0.79,,,48.34,349.0,4.0,-3.0,,,,,,,,,,,,,
081660,미스토홀딩스,2026-07-08 05:27,2025.12,2026.12,2026.03,2026.06,11.41,1.17,3743.0,36406.0,11.39,10.63,7.8,4.64,46.97,112.73,44686.0,4748.0,3486.0,9.09,1.14,5029.0,40109.0,13.22,11.9,8.6,,,,46988.0,5590.0,4041.0,10.3,1.07,1681.0,38171.0,11.6,15.02,11.33,2.44,-839.04,130.4,12890.0,1937.0,1461.0,,,1902.0,,,15.72,,,,,13195.0,2075.0,
111770,영원무역,2026-07-08 05:27,2025.12,2026.12,2026.03,2026.06,7.36,0.85,11109.0,96154.0,12.66,12.66,10.49,2.57,18.16,39.25,40636.0,5144.0,4263.0,6.31,0.78,13285.0,108072.0,13.54,14.3,12.42,,,,44478.0,6361.0,5524.0,6.28,0.78,3392.0,101071.0,13.88,13.44,16.71,1.71,50.22,40.56,8958.0,1204.0,1497.0,,,3509.0,,,15.72,9.86,,,,11617.0,1826.0,1145.0
114630,폴라리스우노,2026-07-08 05:27,2025.12,2026.12,2026.03,2026.06,17.58,0.34,143.0,7450.0,1.93,7.65,2.36,,,21.65,1018.0,78.0,24.0,,,,,,,,,,,,,,9.72,0.32,138.0,7398.0,3.44,8.32,12.9,,,19.58,188.0,16.0,24.0,,,,,,,,,,,,,
001465,BYC우,2026-07-08 05:27,2025.12,2026.12,2026.03,2026.06,18.06,0.61,2331.0,68788.0,3.52,16.29,12.01,1.66,15.86,37.92,1632.0,266.0,196.0,,,,,,,,,,,,,,18.7,0.67,510.0,68984.0,3.72,15.39,11.8,1.66,,38.37,363.0,56.0,43.0,,,,,,,,,,,,,
065060,지엔코,2026-07-08 05:27,2025.12,2026.12,2026.03,2026.06,-1.33,0.45,-2937.0,8588.0,-25.89,-0.37,-7.71,,,82.28,1109.0,-4.0,-86.0,,,,,,,,,,,,,,-1.32,0.38,-501.0,8295.0,-25.06,-4.89,-10.12,,,83.19,225.0,-11.0,-23.0,,,,,,,,,,,,,
002070,비비안,2026-07-08 05:27,2025.12,2026.12,2026.03,2026.06,-2.08,0.45,-11890.0,55003.0,-18.08,-2.25,-5.67,,,144.96,2224.0,-50.0,-126.0,,,,,,,,,,,,,,-1.12,0.28,-3017.0,51104.0,-22.23,-4.27,-9.12,,,197.89,496.0,-21.0,-45.0,,,,,,,,,,,,,
016090,대현,2026-07-08 05:27,2025.12,2026.12,2026.03,2026.06,6.83,0.27,249.0,6265.0,4.02,2.94,4.58,4.71,32.16,13.5,2405.0,71.0,110.0,,,,,,,,,,,,,,6.0,0.27,87.0,6267.0,4.58,5.43,5.87,4.71,50.14,13.16,658.0,36.0,39.0,,,,,,,,,,,,,
011300,우성머티리얼스,2026-07-08 05:27,2025.12,2026.12,2026.03,2026.06,-6.88,1.74,-508.0,2008.0,-24.61,-9.46,-31.06,,,224.37,247.0,-23.0,-77.0,,,,,,,,,,,,,,-5.64,1.65,-113.0,1931.0,-25.61,-30.41,-66.46,,,222.92,27.0,-8.0,-18.0,,,,,,,,,,,,,
011080,형지I&C,2026-07-08 05:27,2025.12,2026.12,2026.03,2026.06,-3.41,0.98,-2302.0,8005.0,-28.47,-13.87,-17.53,,,80.36,508.0,-70.0,-89.0,,,,,,,,,,,,,,-2.05,0.72,-815.0,7178.0,-35.66,-10.55,-28.89,,,81.48,121.0,-13.0,-35.0,,,,,,,,,,,,,
004060,SG세계물산,2026-07-08 05:27,2025.12,2026.12,2026.03,2026.06,77.61,0.26,44.0,13190.0,0.34,-1.15,0.67,,,12.68,1323.0,-15.0,9.0,,,,,,,,,,,,,,28.24,0.39,149.0,13242.0,1.4,-6.75,10.84,,,11.08,277.0,-19.0,30.0,,,,,,,,,,,,,
366030,공구우먼,2026-07-08 05:27,2025.12,2026.12,2026.03,2026.06,15.96,1.44,329.0,3656.0,9.3,15.11,16.44,1.52,24.32,7.21,450.0,68.0,74.0,,,,,,,,,,,,,,10.79,1.37,206.0,3787.0,13.38,10.11,56.28,1.52,71.94,8.78,83.0,8.0,47.0,,,,,,,,,,,,,
060260,뉴보텍,2026-07-08 05:27,2025.12,2026.12,2026.03,2026.06,8.56,0.7,139.0,1710.0,8.59,2.99,4.32,0.84,7.1,143.83,435.0,13.0,19.0,,,,,,,,,,,,,,7.46,0.69,38.0,1825.0,9.9,2.62,4.44,0.84,6.94,121.31,114.0,3.0,5.0,,,,,,,,,,,,,
006050,국영지앤엠,2026-07-08 05:27,2025.12,2026.12,2026.03,2026.06,26.99,0.85,49.0,1546.0,3.28,1.54,2.82,0.64,13.14,40.62,602.0,9.0,17.0,,,,,,,,,,,,,,58.12,0.86,-17.0,1525.0,1.52,-15.99,-5.34,,,37.53,110.0,-18.0,-6.0,,,,,,,,,,,,,
038010,제일테크노스,2026-07-08 05:27,2025.12,2026.12,2026.03,2026.06,5.29,0.34,1104.0,16998.0,7.27,5.35,7.65,2.05,10.05,25.94,1336.0,71.0,102.0,,,,,,,,,,,,,,4.53,0.35,361.0,17309.0,8.63,6.12,9.65,2.05,-94.51,20.32,348.0,21.0,34.0,,,,,,,,,,,,,
079000,와토스코리아,2026-07-08 05:27,2025.12,2026.12,2026.03,2026.06,-16.81,0.57,-381.0,11217.0,-3.66,-30.55,-19.41,6.3,-93.5,6.89,141.0,-43.0,-27.0,,,,,,,,,,,,,,-15.99,0.65,-33.0,10797.0,-4.42,-27.63,-7.78,6.3,-90.03,13.7,30.0,-8.0,-2.0,,,,,,,,,,,,,
005750,대림바스,2026-07-08 05:27,2025.12,2026.12,2026.03,2026.06,5.87,0.46,802.0,10213.0,8.3,6.19,4.49,3.82,22.12,92.97,3006.0,186.0,135.0,,,,,,,,,,,,,,6.17,0.52,241.0,10483.0,9.12,7.37,5.4,3.82,155.12,95.91,758.0,56.0,41.0,,,,,,,,,,,,,
035200,프럼파스트,2026-07-08 05:27,2025.12,2026.12,2026.03,2026.06,35.43,0.77,105.0,4849.0,2.66,-1.76,4.05,2.15,61.32,9.75,252.0,-4.0,10.0,,,,,,,,,,,,,,64.11,0.76,-34.0,4797.0,1.49,-6.39,-6.33,2.15,-227.19,13.57,52.0,-3.0,-3.0,,,,,,,,,,,,,
006570,대림통상,2026-07-08 05:27,2025.12,2026.12,2026.03,2026.06,-2.02,0.89,-1111.0,2512.0,-35.21,-7.58,-13.44,,,305.43,1262.0,-96.0,-170.0,,,,,,,,,,,,,,-1.97,0.86,-84.0,2354.0,-34.2,-1.78,-3.81,,,336.83,344.0,-6.0,-13.0,,,,,,,,,,,,,
052300,오션인더블유,2026-07-08 05:27,2025.12,2026.12,2026.03,2026.06,-1.56,0.11,-1132.0,16246.0,-6.94,-32.39,-252.2,,,29.85,76.0,-25.0,-191.0,,,,,,,,,,,,,,-16.41,0.09,1099.0,17451.0,-0.53,-18.92,277.54,,,37.86,69.0,-13.0,191.0,,,,,,,,,,,,,
206400,베노티앤알,2026-07-08 05:27,2025.12,2026.12,2026.03,2026.06,-2.56,0.85,-635.0,1920.0,-28.49,-112.29,-503.2,,,9.86,48.0,-54.0,-240.0,,,,,,,,,,,,,,-3.85,0.66,-101.0,1818.0,-15.81,-254.94,-523.05,,,8.6,7.0,-19.0,-38.0,,,,,,,,,,,,,
018310,삼목에스폼,2026-07-08 05:27,2025.12,2026.12,2026.03,2026.06,28.3,0.43,696.0,45420.0,1.58,2.03,3.23,1.52,42.18,17.31,3170.0,64.0,102.0,,,,,,,,,,,,,,29.67,0.41,81.0,45253.0,1.42,-8.33,1.62,1.52,-117.07,19.11,733.0,-61.0,12.0,,,,,,,,,,,,,
022220,티케이지애강,2026-07-08 05:27,2025.12,2026.12,2026.03,2026.06,-3.17,0.42,-223.0,1673.0,-12.48,-16.74,-17.81,,,60.3,647.0,-108.0,-115.0,,,,,,,,,,,,,,-3.36,0.5,-50.0,1623.0,-13.95,-18.65,-15.29,,,64.65,170.0,-32.0,-26.0,,,,,,,,,,,,,
014280,금강공업,2026-07-08 05:27,2025.12,2026.12,2026.03,2026.06,-4.06,0.49,-1494.0,12448.0,-11.82,1.31,-4.66,1.98,-7.78,138.48,8022.0,105.0,-374.0,,,,,,,,,,,,,,-4.59,0.37,477.0,12862.0,-8.07,6.73,8.72,1.98,-11.21,142.57,1967.0,132.0,172.0,,,,,,,,,,,,,
014285,금강공업우,2026-07-08 05:27,2025.12,2026.12,2026.03,2026.06,-4.06,0.49,-1494.0,12448.0,-11.82,1.31,-4.66,1.3,59.82,138.48,8022.0,105.0,-374.0,,,,,,,,,,,,,,-4.59,0.37,477.0,12862.0,-8.07,6.73,8.72,1.3,,142.57,1967.0,132.0,172.0,,,,,,,,,,,,,
018120,진로발효,2026-07-08 05:27,2025.12,2026.12,2026.03,2026.06,9.86,1.31,1834.0,13837.0,13.65,14.04,12.56,6.91,68.11,8.71,998.0,140.0,125.0,,,,,,,,,,,,,,10.42,1.34,433.0,13016.0,13.13,14.12,13.77,6.91,427.79,23.03,217.0,31.0,30.0,,,,,,,,,,,,,
000145,하이트진로홀딩스우,2026-07-08 05:27,2025.12,2026.12,2026.03,2026.06,-89.87,0.39,-109.0,25367.0,-0.46,7.38,0.64,3.1,17.25,242.77,24845.0,1833.0,159.0,,,,,,,,,,,,,,-43.68,0.34,476.0,25752.0,-0.84,9.47,4.94,3.1,,247.06,5883.0,557.0,291.0,,,,,,,,,,,,,
005305,롯데칠성우,2026-07-08 05:27,2025.12,2026.12,2026.03,2026.06,29.64,0.92,4697.0,151359.0,3.13,4.21,1.29,4.26,72.39,167.74,39711.0,1672.0,512.0,9.52,0.63,10572.0,159784.0,6.79,5.18,2.69,,,,41077.0,2129.0,1103.0,17.75,0.75,2423.0,152059.0,4.3,5.02,2.66,4.26,-77.76,165.14,9525.0,478.0,253.0,,,3241.0,,,5.56,2.9,,,,11186.0,622.0,324.0
000087,하이트진로2우B,2026-07-08 05:27,2025.12,2026.12,2026.03,2026.06,31.67,1.15,582.0,16066.0,3.69,6.9,1.65,4.96,117.86,186.53,24986.0,1723.0,411.0,11.03,0.91,1365.0,16598.0,8.53,7.71,3.84,,,,25088.0,1935.0,962.0,30.19,1.05,505.0,15944.0,3.54,9.47,6.06,4.96,-76.87,190.33,5908.0,559.0,358.0,,,460.0,,,9.34,4.24,,,,6438.0,601.0,273.0
004650,창해에탄올,2026-07-08 05:27,2025.12,2026.12,2026.03,2026.06,6.8,0.52,1443.0,18768.0,9.63,12.99,10.7,6.11,34.31,33.6,1223.0,159.0,131.0,,,,,,,,,,,,,,6.65,0.51,377.0,18631.0,9.65,15.04,11.96,6.11,151.93,36.61,283.0,43.0,34.0,,,,,,,,,,,,,
276730,한울앤제주,2026-07-08 05:27,2025.12,2026.12,2026.03,2026.06,-2.26,2.2,-7049.0,7263.0,-94.85,-35.27,-82.87,,,278.09,139.0,-49.0,-115.0,,,,,,,,,,,,,,-1.16,1.51,-1405.0,5848.0,-135.24,-57.36,-93.52,,,348.52,33.0,-19.0,-31.0,,,,,,,,,,,,,
000140,하이트진로홀딩스,2026-07-08 05:27,2025.12,2026.12,2026.03,2026.06,-89.87,0.39,-109.0,25367.0,-0.46,7.38,0.64,3.58,-297.23,242.77,24845.0,1833.0,159.0,,,,,,,,,,,,,,-43.68,0.34,476.0,25752.0,-0.84,9.47,4.94,3.58,-16.82,247.06,5883.0,557.0,291.0,,,,,,,,,,,,,
189980,흥국에프엔비,2026-07-08 05:27,2025.12,2026.12,2026.03,2026.06,8.32,0.64,194.0,2514.0,8.1,8.58,8.04,8.07,64.76,125.64,994.0,85.0,80.0,,,,,,,,,,,,,,9.66,0.64,3.0,2488.0,6.82,4.85,0.74,5.77,212.93,142.18,208.0,10.0,2.0,,,,,,,,,,,,,
033920,무학,2026-07-08 05:27,2025.12,2026.12,2026.03,2026.06,5.35,0.42,1766.0,22743.0,8.49,7.12,34.99,5.99,30.12,17.36,1438.0,102.0,503.0,,,,,,,,,,,,,,8.63,0.38,-408.0,21896.0,4.67,1.85,-32.57,1.56,-30.67,23.74,357.0,7.0,-116.0,,,,,,,,,,,,,
023150,MH에탄올,2026-07-08 05:27,2025.12,2026.12,2026.03,2026.06,-15.08,0.52,-323.0,9350.0,-3.83,10.02,-12.51,5.13,-67.22,317.46,947.0,95.0,-118.0,,,,,,,,,,,,,,-10.18,0.45,254.0,9393.0,-4.84,2.39,9.48,5.13,-25.12,298.03,210.0,5.0,20.0,,,,,,,,,,,,,
043650,국순당,2026-07-08 05:27,2025.12,2026.12,2026.03,2026.06,11.83,0.27,350.0,15068.0,2.66,-1.23,9.26,1.93,20.17,8.04,675.0,-8.0,62.0,,,,,,,,,,,,,,12.66,0.27,60.0,15055.0,2.47,0.2,6.03,1.93,-156.85,8.05,175.0,0.0,11.0,,,,,,,,,,,,,
000890,보해양조,2026-07-08 05:27,2025.12,2026.12,2026.03,2026.06,16.98,0.65,125.0,3274.0,3.94,4.24,3.88,,,62.43,899.0,38.0,35.0,,,,,,,,,,,,,,14.9,0.63,42.0,3322.0,4.36,5.15,4.92,,,62.43,235.0,12.0,12.0,,,,,,,,,,,,,
405920,나라셀라,2026-07-08 05:27,2025.12,2026.12,2026.03,2026.06,363.6,0.47,7.0,5059.0,0.13,1.2,0.07,1.29,-90.02,83.75,821.0,10.0,1.0,,,,,,,,,,,,,,-83.11,0.5,-12.0,5052.0,-0.61,2.36,-0.74,,,88.85,223.0,5.0,-2.0,,,,,,,,,,,,,
040160,누리플렉스,2026-07-08 05:27,2025.12,2026.12,2026.03,2026.06,-6.95,0.6,-542.0,6261.0,-8.81,-5.99,-6.56,1.23,19.22,117.34,1016.0,-61.0,-67.0,,,,,,,,,,,,,,-21.18,1.57,48.0,6299.0,-7.53,-21.49,3.89,,,116.2,150.0,-32.0,6.0,,,,,,,,,,,,,
150900,파수,2026-07-08 05:27,2025.12,2026.12,2026.03,2026.06,19.39,1.34,228.0,3303.0,7.25,5.43,5.83,2.27,42.54,28.21,467.0,25.0,27.0,,,,,,,,,,,,,,11.64,1.1,-154.0,3050.0,10.12,-22.4,-20.78,2.27,18.54,28.81,90.0,-20.0,-19.0,,,,,,,,,,,,,
158430,아톤,2026-07-08 05:27,2025.12,2026.12,2026.03,2026.06,98.64,1.46,63.0,4240.0,1.68,15.32,3.23,0.81,76.22,39.34,676.0,104.0,22.0,,,,,,,,,,,,,,140.07,1.4,46.0,4239.0,1.05,2.91,12.77,0.81,-36.58,53.16,148.0,4.0,19.0,,,,,,,,,,,,,
417860,오브젠,2026-07-08 05:27,2025.12,2026.12,2026.03,2026.06,-17.03,5.28,-710.0,2290.0,-30.51,1.11,-13.18,,,396.79,240.0,3.0,-32.0,,,,,,,,,,,,,,-17.06,3.8,-103.0,2199.0,-43.34,-3.55,-3.69,,,400.24,131.0,-5.0,-5.0,,,,,,,,,,,,,
356680,엑스게이트,2026-07-08 05:27,2025.12,2026.12,2026.03,2026.06,56.29,4.52,136.0,1692.0,8.36,7.8,8.05,,,41.54,481.0,38.0,39.0,,,,,,,,,,,,,,35.77,3.87,17.0,1709.0,11.45,2.56,4.96,,,33.92,97.0,2.0,5.0,,,,,,,,,,,,,
411080,샌즈랩,2026-07-08 05:27,2025.12,2026.12,2026.03,2026.06,-191.6,1.95,-36.0,3538.0,-1.08,-15.25,-4.01,2.17,-416.66,6.9,116.0,-18.0,-5.0,,,,,,,,,,,,,,249.31,1.74,-41.0,3347.0,0.69,-55.24,-34.89,2.17,153.57,3.82,18.0,-10.0,-6.0,,,,,,,,,,,,,
197140,디지캡,2026-07-08 05:27,2025.12,2026.12,2026.03,2026.06,-60.19,0.56,-41.0,4348.0,-0.93,-3.8,-0.79,,,34.28,666.0,-25.0,-5.0,,,,,,,,,,,,,,-61.49,0.44,-48.0,4276.0,-0.71,-7.3,-4.16,,,30.09,149.0,-11.0,-6.0,,,,,,,,,,,,,
039310,세중,2026-07-08 05:27,2025.12,2026.12,2026.03,2026.06,-8.92,0.25,-152.0,5478.0,-2.73,-2.9,-7.72,,,15.96,356.0,-10.0,-28.0,,,,,,,,,,,,,,-11.47,0.34,25.0,5503.0,-2.89,0.14,1.9,,,38.65,241.0,0.0,5.0,,,,,,,,,,,,,
100030,인지소프트,2026-07-08 05:27,2025.12,2026.12,2026.03,2026.06,3.07,0.75,6513.0,26761.0,35.1,12.37,113.03,5.64,14.02,19.36,189.0,23.0,214.0,,,,,,,,,,,,,,1.95,0.58,3098.0,30689.0,44.67,18.62,220.72,6.31,47.61,16.22,46.0,9.0,102.0,,,,,,,,,,,,,
030520,한글과컴퓨터,2026-07-08 05:27,2025.12,2026.12,2026.03,2026.06,16.14,1.49,1422.0,15357.0,9.61,11.14,7.52,1.74,27.78,46.74,3267.0,364.0,246.0,10.79,1.13,1747.0,16724.0,11.06,12.9,9.74,,,,3810.0,491.0,371.0,13.73,1.25,374.0,15306.0,9.42,13.46,10.75,1.74,-258.16,47.77,636.0,86.0,68.0,,,627.0,,,16.38,13.25,,,,1140.0,187.0,151.0
250060,모비스,2026-07-08 05:27,2025.12,2026.12,2026.03,2026.06,-116.91,3.65,-33.0,1048.0,-3.06,-57.58,-20.65,,,18.87,51.0,-29.0,-11.0,,,,,,,,,,,,,,-100.87,4.11,-15.0,1034.0,-3.98,-52.08,-44.8,,,17.53,10.0,-5.0,-5.0,,,,,,,,,,,,,
050960,수산아이앤티,2026-07-08 05:27,2025.12,2026.12,2026.03,2026.06,12.56,0.72,774.0,13514.0,5.85,16.6,17.01,3.19,40.07,8.14,307.0,51.0,52.0,,,,,,,,,,,,,,12.61,0.66,183.0,13537.0,5.32,6.97,18.61,3.19,140.28,9.72,66.0,5.0,12.0,,,,,,,,,,,,,
402030,코난테크놀로지,2026-07-08 05:27,2025.12,2026.12,2026.03,2026.06,-24.21,8.35,-814.0,2361.0,-39.38,-29.03,-28.5,,,54.01,340.0,-99.0,-97.0,,,,,,,,,,,,,,-20.32,8.88,-378.0,1984.0,-51.48,-102.89,-122.02,,,54.7,39.0,-40.0,-47.0,,,,,,,,,,,,,
192250,케이사인,2026-07-08 05:27,2025.12,2026.12,2026.03,2026.06,29.15,0.75,339.0,13139.0,2.68,5.98,4.47,2.02,57.06,62.07,484.0,29.0,22.0,,,,,,,,,,,,,,20.81,0.76,99.0,13166.0,3.9,3.11,4.22,2.02,30.03,60.0,77.0,2.0,3.0,,,,,,,,,,,,,
012510,더존비즈온,2026-07-08 05:27,2025.12,2026.12,2026.03,2026.06,29.19,4.05,2933.0,21123.0,16.0,28.62,20.68,0.75,25.2,78.85,4463.0,1277.0,923.0,,,,,,,,,,,,,,36.48,5.64,739.0,21132.0,17.9,30.05,19.57,0.75,59.19,82.01,1166.0,350.0,228.0,,,,,,,,,,,,,
220180,핸디소프트,2026-07-08 05:27,2025.12,2026.12,2026.03,2026.06,51.09,0.61,39.0,3262.0,1.12,-1.53,2.04,,,15.17,314.0,-5.0,6.0,,,,,,,,,,,,,,24.33,0.56,21.0,3396.0,2.31,-9.16,7.92,,,15.87,59.0,-5.0,5.0,,,,,,,,,,,,,
047560,이스트소프트,2026-07-08 05:27,2025.12,2026.12,2026.03,2026.06,-11.01,3.47,-1520.0,4825.0,-29.79,-17.75,-19.28,,,196.35,1068.0,-190.0,-206.0,,,,,,,,,,,,,,-10.38,2.53,15.0,4946.0,-24.18,-5.39,-2.21,,,205.32,310.0,-17.0,-7.0,,,,,,,,,,,,,
079970,투비소프트,2026-07-08 05:27,2025.12,2026.12,2026.03,2026.06,6.92,0.34,86.0,1747.0,4.85,2.78,3.62,,,51.18,268.0,7.0,10.0,,,,,,,,,,,,,,4.03,0.34,2.0,1755.0,8.51,-0.59,0.25,,,52.17,58.0,-0.0,0.0,,,,,,,,,,,,,
086960,MDS테크,2026-07-08 05:27,2025.12,2026.12,2026.03,2026.06,14.72,0.9,221.0,3615.0,6.12,3.1,3.3,,,48.0,1877.0,58.0,62.0,,,,,,,,,,,,,,11.28,0.75,54.0,3697.0,6.67,8.9,4.03,,,42.69,509.0,45.0,21.0,,,,,,,,,,,,,
418250,시큐레터,2026-07-08 05:27,2025.12,2026.12,2026.03,2026.06,-10.61,13.05,-617.0,502.0,-81.34,-366.85,-366.91,,,40.39,12.0,-43.0,-43.0,,,,,,,,,,,,,,-12.82,14.23,-33.0,460.0,-84.5,-18.67,-18.68,,,55.77,13.0,-2.0,-2.0,,,,,,,,,,,,,
219420,링크제니시스,2026-07-08 05:27,2025.12,2026.12,2026.03,2026.06,20.88,1.25,244.0,4088.0,6.29,7.18,16.72,,,9.84,170.0,12.0,28.0,,,,,,,,,,,,,,11.76,1.07,164.0,4296.0,9.76,29.67,50.21,,,11.55,39.0,12.0,20.0,,,,,,,,,,,,,
262840,아이퀘스트,2026-07-08 05:27,2025.12,2026.12,2026.03,2026.06,6.89,0.7,531.0,5211.0,11.15,9.81,13.68,3.83,25.54,87.53,436.0,43.0,60.0,,,,,,,,,,,,,,4.78,0.64,418.0,5495.0,14.76,6.03,55.25,3.83,85.0,78.61,105.0,6.0,58.0,,,,,,,,,,,,,
276040,스코넥,2026-07-08 05:27,2025.12,2026.12,2026.03,2026.06,-1.15,2.42,-1277.0,609.0,-142.95,-181.0,-323.38,,,55.92,68.0,-122.0,-219.0,,,,,,,,,,,,,,-0.4,0.77,-34.0,559.0,-147.93,-247.91,-105.72,,,95.57,7.0,-17.0,-7.0,,,,,,,,,,,,,
258790,소프트캠프,2026-07-08 05:27,2025.12,2026.12,2026.03,2026.06,9.62,2.26,756.0,3220.0,27.93,11.59,14.35,,,173.28,257.0,30.0,37.0,,,,,,,,,,,,,,12.75,2.34,-242.0,2970.0,21.18,-24.78,-27.77,,,178.35,46.0,-11.0,-13.0,,,,,,,,,,,,,
131090,시큐브,2026-07-08 05:27,2025.12,2026.12,2026.03,2026.06,6.65,0.6,582.0,6487.0,9.84,32.1,34.97,3.87,24.42,6.7,134.0,43.0,47.0,,,,,,,,,,,,,,6.82,0.6,30.0,6365.0,9.41,0.3,10.06,3.87,35.63,9.03,23.0,0.0,2.0,,,,,,,,,,,,,
078000,텔코웨어,2026-07-08 05:27,2025.12,2026.12,2026.03,2026.06,22.94,0.7,668.0,21758.0,5.56,8.57,16.09,4.18,53.57,26.53,384.0,33.0,62.0,,,,,,,,,,,,,,12.23,0.75,566.0,22078.0,11.44,-19.79,76.6,4.18,47.71,20.94,68.0,-14.0,52.0,,,,,,,,,,,,,
438700,버넥트,2026-07-08 05:27,2025.12,2026.12,2026.03,2026.06,-7.16,1.2,-452.0,2706.0,-16.04,-274.16,-162.54,,,53.38,31.0,-85.0,-50.0,,,,,,,,,,,,,,-8.02,1.14,-153.0,2559.0,-13.91,-38.81,-44.97,,,59.59,38.0,-15.0,-17.0,,,,,,,,,,,,,
352910,오비고,2026-07-08 05:27,2025.12,2026.12,2026.03,2026.06,-40.13,2.3,-153.0,2676.0,-5.61,-11.11,-8.9,,,41.48,335.0,-37.0,-30.0,,,,,,,,,,,,,,-20.45,1.67,-71.0,2628.0,-7.94,-14.06,-12.93,,,39.83,105.0,-15.0,-14.0,,,,,,,,,,,,,
004440,삼일씨엔에스,2026-07-08 05:27,2025.12,2026.12,2026.03,2026.06,51.04,0.28,117.0,21058.0,0.56,2.24,0.67,,,64.4,2231.0,50.0,15.0,,,,,,,,,,,,,,36.01,0.46,42.0,21100.0,1.3,3.27,1.35,,,66.08,400.0,13.0,5.0,,,,,,,,,,,,,
004985,성신양회우,2026-07-08 05:27,2025.12,2026.12,2026.03,2026.06,9.23,0.4,1029.0,23623.0,4.49,3.59,2.14,3.39,33.61,120.49,12163.0,437.0,260.0,,,,,,,,,,,,,,7.66,0.38,-230.0,23408.0,5.2,0.28,-2.06,3.39,72.71,127.62,2850.0,8.0,-59.0,,,,,,,,,,,,,
225530,HC보광산업,2026-07-08 05:27,2025.12,2026.12,2026.03,2026.06,-42.51,1.15,-69.0,2530.0,-2.6,-12.66,-6.47,1.72,-72.91,90.62,385.0,-49.0,-25.0,,,,,,,,,,,,,,-62.86,1.54,-42.0,2439.0,-2.4,-19.31,-19.34,1.72,-188.35,92.46,79.0,-15.0,-15.0,,,,,,,,,,,,,
108670,LX하우시스,2026-07-08 05:27,2025.12,2026.12,2026.03,2026.06,-6.57,0.34,-4387.0,83591.0,-5.15,0.41,-1.38,3.13,22.64,160.12,31787.0,131.0,-439.0,5.0,0.37,6614.0,90351.0,7.62,3.33,2.02,,,,32746.0,1092.0,661.0,-25.31,0.32,3044.0,87557.0,-1.27,5.63,3.74,,,171.44,8147.0,459.0,304.0,,,1988.0,,,3.69,3.01,,,,8473.0,313.0,255.0
090350,노루페인트,2026-07-08 05:27,2025.12,2026.12,2026.03,2026.06,10.57,0.42,804.0,20328.0,4.0,3.91,2.14,4.71,49.74,66.34,7711.0,302.0,165.0,,,,,,,,,,,,,,8.44,0.4,336.0,20377.0,4.87,4.5,3.9,4.71,-1347.49,70.45,1762.0,79.0,69.0,,,,,,,,,,,,,
000390,삼화페인트,2026-07-08 05:27,2025.12,2026.12,2026.03,2026.06,27.5,0.61,282.0,12683.0,2.3,1.55,1.26,4.51,124.05,82.27,6171.0,95.0,78.0,,,,,,,,,,,,,,20.09,0.71,108.0,12416.0,3.64,1.26,2.06,4.51,1667.6,89.1,1443.0,18.0,30.0,,,,,,,,,,,,,
079650,서산,2026-07-08 05:27,2025.12,2026.12,2026.03,2026.06,-28.93,0.41,-49.0,3495.0,-1.41,-7.38,-6.31,,,5.39,451.0,-33.0,-28.0,,,,,,,,,,,,,,-140.16,0.43,10.0,3504.0,-0.31,2.68,5.59,,,5.22,115.0,3.0,6.0,,,,,,,,,,,,,
000320,노루홀딩스,2026-07-08 05:27,2025.12,2026.12,2026.03,2026.06,8.79,0.44,2395.0,47919.0,6.66,5.21,4.72,2.85,19.42,57.57,12393.0,645.0,585.0,,,,,,,,,,,,,,8.32,0.42,510.0,48102.0,6.76,5.44,5.06,2.85,81.92,59.69,2988.0,162.0,151.0,,,,,,,,,,,,,
108675,LX하우시스우,2026-07-08 05:27,2025.12,2026.12,2026.03,2026.06,-6.57,0.34,-4387.0,83591.0,-5.15,0.41,-1.38,5.02,22.64,160.12,31787.0,131.0,-439.0,5.0,0.37,6614.0,90351.0,7.62,3.33,2.02,,,,32746.0,1092.0,661.0,-25.31,0.32,3044.0,87557.0,-1.27,5.63,3.74,,,171.44,8147.0,459.0,304.0,,,1988.0,,,3.69,3.01,,,,8473.0,313.0,255.0
192390,윈하이텍,2026-07-08 05:27,2025.12,2026.12,2026.03,2026.06,-3.6,0.33,-606.0,6571.0,-8.94,-5.24,-8.9,0.8,4.26,110.87,751.0,-39.0,-67.0,,,,,,,,,,,,,,-2.36,0.32,-343.0,6228.0,-12.85,-21.65,-26.44,,,117.1,143.0,-31.0,-38.0,,,,,,,,,,,,,
090355,노루페인트우,2026-07-08 05:27,2025.12,2026.12,2026.03,2026.06,10.57,0.42,804.0,20328.0,4.0,3.91,2.14,2.97,49.74,66.34,7711.0,302.0,165.0,,,,,,,,,,,,,,8.44,0.4,336.0,20377.0,4.87,4.5,3.9,2.97,-1347.49,70.45,1762.0,79.0,69.0,,,,,,,,,,,,,
060560,HC홈센타,2026-07-08 05:27,2025.12,2026.12,2026.03,2026.06,-4.67,0.67,-796.0,5568.0,-13.14,-6.19,-7.98,1.34,-6.25,139.56,2988.0,-185.0,-238.0,,,,,,,,,,,,,,-3.82,0.74,-161.0,5411.0,-17.59,-8.66,-7.99,1.34,-5.94,145.45,683.0,-59.0,-55.0,,,,,,,,,,,,,
228340,동양파일,2026-07-08 05:27,2025.12,2026.12,2026.03,2026.06,-5.26,0.33,-363.0,5777.0,-6.1,-8.49,-13.0,,,5.2,559.0,-47.0,-73.0,,,,,,,,,,,,,,-9.26,0.35,70.0,5846.0,-3.68,6.41,8.85,,,5.23,157.0,10.0,14.0,,,,,,,,,,,,,
025750,한솔홈데코,2026-07-08 05:27,2025.12,2026.12,2026.03,2026.06,-2.3,0.52,-1387.0,6182.0,-20.01,0.83,-7.99,,,128.79,2798.0,23.0,-224.0,,,,,,,,,,,,,,-2.23,0.43,219.0,6224.0,-17.35,3.92,5.12,,,129.64,691.0,27.0,35.0,,,,,,,,,,,,,
001525,동양우,2026-07-08 05:27,2025.12,2026.12,2026.03,2026.06,10.07,0.22,84.0,3812.0,2.8,-3.29,3.21,1.5,42.26,92.21,6306.0,-207.0,203.0,,,,,,,,,,,,,,4.86,0.19,27.0,3849.0,5.19,-6.95,5.62,,,90.28,1254.0,-87.0,71.0,,,,,,,,,,,,,
001520,동양,2026-07-08 05:27,2025.12,2026.12,2026.03,2026.06,10.07,0.22,84.0,3812.0,2.8,-3.29,3.21,4.0,42.26,92.21,6306.0,-207.0,203.0,,,,,,,,,,,,,,4.86,0.19,27.0,3849.0,5.19,-6.95,5.62,,,90.28,1254.0,-87.0,71.0,,,,,,,,,,,,,
003300,한일홀딩스,2026-07-08 05:27,2025.12,2026.12,2026.03,2026.06,16.0,0.3,1024.0,54474.0,1.91,6.38,3.21,6.11,97.66,59.01,19305.0,1232.0,619.0,,,,,,,,,,,,,,14.99,0.31,158.0,53762.0,2.11,3.13,1.54,6.11,-547.66,59.82,3956.0,124.0,61.0,,,,,,,,,,,,,
183190,아세아시멘트,2026-07-08 05:27,2025.12,2026.12,2026.03,2026.06,26.61,0.4,452.0,30144.0,1.55,7.54,1.61,2.08,53.53,97.79,10228.0,771.0,164.0,8.94,0.31,1074.0,30858.0,3.55,6.94,4.48,,,,10717.0,744.0,480.0,18.45,0.34,133.0,30521.0,1.93,4.74,2.78,1.66,-44.69,96.04,2406.0,114.0,67.0,,,,,,12.33,9.6,,,,2916.0,360.0,280.0
002030,아세아,2026-07-08 05:27,2025.12,2026.12,2026.03,2026.06,22.01,0.45,14837.0,722172.0,2.65,5.89,2.72,1.72,29.77,63.04,18845.0,1110.0,513.0,,,,,,,,,,,,,,18.51,0.38,4501.0,733913.0,2.67,5.16,3.64,1.52,-112.68,63.67,4594.0,237.0,167.0,,,,,,,,,,,,,
090410,덕신이피씨,2026-07-08 05:27,2025.12,2026.12,2026.03,2026.06,38.94,0.48,34.0,2720.0,1.23,-0.1,1.32,1.33,8.18,64.58,1065.0,-1.0,14.0,,,,,,,,,,,,,,-83.45,0.43,1.0,2731.0,-0.51,0.08,0.25,,,68.51,257.0,0.0,1.0,,,,,,,,,,,,,
023410,유진기업,2026-07-08 05:27,2025.12,2026.12,2026.03,2026.06,-27.45,0.28,-132.0,12870.0,-1.16,2.43,-1.84,4.95,-120.51,125.63,13327.0,324.0,-245.0,,,,,,,,,,,,,,6.58,0.28,847.0,13641.0,4.99,3.51,18.99,4.95,-8.75,184.4,3355.0,118.0,637.0,,,,,,,,,,,,,
008260,NI스틸,2026-07-08 05:27,2025.12,2026.12,2026.03,2026.06,5.28,0.36,663.0,9590.0,7.23,12.15,7.65,2.86,14.86,90.86,2479.0,301.0,190.0,,,,,,,,,,,,,,5.2,0.36,134.0,9634.0,7.17,11.48,6.79,2.86,60.57,101.1,566.0,65.0,38.0,,,,,,,,,,,,,
011390,부산산업,2026-07-08 05:27,2025.12,2026.12,2026.03,2026.06,-23.76,0.65,-3270.0,119423.0,-2.69,-2.58,-5.86,0.32,-7.65,95.58,1075.0,-28.0,-63.0,,,,,,,,,,,,,,-22.28,0.58,-254.0,118903.0,-2.58,2.14,-1.69,0.32,-30.37,94.86,233.0,5.0,-4.0,,,,,,,,,,,,,
300720,한일시멘트,2026-07-08 05:27,2025.12,2026.12,2026.03,2026.06,16.94,0.71,1061.0,25406.0,4.14,9.32,5.7,5.56,99.11,62.39,14239.0,1327.0,811.0,14.82,0.58,952.0,24408.0,3.82,8.24,5.02,,,,13950.0,1150.0,700.0,15.43,0.65,128.0,24594.0,4.26,5.81,3.21,5.56,774.95,65.31,2930.0,170.0,94.0,,,,,,10.2,6.63,,,,3920.0,400.0,260.0
344820,KCC글라스,2026-07-08 05:27,2025.12,2026.12,2026.03,2026.06,-5.06,0.31,-5237.0,86505.0,-5.83,-3.96,-4.4,6.04,-30.5,67.75,19006.0,-752.0,-836.0,,,,,,,,,,,,,,-4.96,0.29,-444.0,85135.0,-5.64,-2.16,-1.52,3.77,-74.25,78.81,4666.0,-101.0,-71.0,,,,,,,,,,,,,
198440,강동씨앤엘,2026-07-08 05:27,2025.12,2026.12,2026.03,2026.06,101.12,0.49,11.0,2209.0,0.49,10.3,0.91,,,218.3,718.0,74.0,7.0,,,,,,,,,,,,,,117.25,0.52,-33.0,2176.0,0.44,-6.26,-15.85,,,220.3,125.0,-8.0,-20.0,,,,,,,,,,,,,
033780,KT&G,2026-07-08 05:27,2025.12,2026.12,2026.03,2026.06,15.84,1.59,8973.0,89409.0,11.77,20.42,16.75,4.22,57.56,51.98,65797.0,13437.0,11023.0,14.55,1.84,11860.0,93955.0,13.4,21.65,18.27,,,,69488.0,15048.0,12697.0,15.68,1.78,3274.0,89366.0,13.25,21.4,22.2,3.24,175.64,57.59,17036.0,3645.0,3782.0,,,2788.0,,,22.98,17.19,,,,16651.0,3826.0,2862.0
308080,바이젠셀,2026-07-08 05:27,2025.12,2026.12,2026.03,2026.06,-12.08,4.57,-807.0,2133.0,-32.09,-75453.12,-71986.43,,,24.14,3.0,-171.0,-163.0,,,,,,,,,,,,,,-6.73,2.68,-126.0,2007.0,-33.39,-862.53,-787.06,,,22.19,3.0,-28.0,-26.0,,,,,,,,,,,,,
001360,삼성제약,2026-07-08 05:27,2025.12,2026.12,2026.03,2026.06,12.48,1.19,123.0,1286.0,10.18,-39.22,25.06,,,38.33,461.0,-181.0,115.0,,,,,,,,,,,,,,-9.82,1.28,93.0,1379.0,-12.41,-21.01,97.25,,,35.08,90.0,-19.0,88.0,,,,,,,,,,,,,
084110,휴온스글로벌,2026-07-08 05:27,2025.12,2026.12,2026.03,2026.06,22.44,1.14,2281.0,44802.0,5.41,10.69,9.65,1.72,37.23,42.95,8475.0,906.0,818.0,,,,,,,,,,,,,,35.31,1.47,481.0,45112.0,4.41,4.65,7.91,0.3,40.06,42.53,1970.0,92.0,156.0,,,,,,,,,,,,,
321550,티움바이오,2026-07-08 05:27,2025.12,2026.12,2026.03,2026.06,-10.27,4.6,-584.0,1302.0,-37.23,-131.33,-152.88,,,161.11,123.0,-161.0,-188.0,,,,,,,,,,,,,,-24.23,10.18,-172.0,1169.0,-36.38,-153.83,-195.26,,,182.14,30.0,-45.0,-58.0,,,,,,,,,,,,,
456160,지투지바이오,2026-07-08 05:27,2025.12,2026.12,2026.03,2026.06,-78.35,18.86,-855.0,3553.0,39.5,-2884.22,-2857.07,,,16.13,4.0,-122.0,-121.0,,,,,,,,,,,,,,-68.48,7.92,-332.0,8313.0,-18.79,-944.59,-1577.94,,,64.13,4.0,-33.0,-55.0,,,,,,,,,,,,,
900120,씨엑스아이,2026-07-08 05:27,2025.06,2026.06,2026.03,2026.06,1.08,0.03,2146.0,81783.0,2.62,16.89,22.11,,,0.52,576.0,97.0,127.0,,,,,,,,,,,,,,0.95,0.02,-428.0,76784.0,1.56,-33.32,-36.04,,,0.29,75.0,-25.0,-27.0,,,,,,,,,,,,,
310210,보로노이,2026-07-08 05:27,2025.12,2026.12,2026.03,2026.06,-93.64,38.12,-2323.0,5705.0,-50.18,-723.94,-568.49,,,64.97,75.0,-544.0,-427.0,-66.99,54.1,-2553.0,3161.0,-58.1,-129.41,-138.23,,,,340.0,-440.0,-470.0,-111.59,61.27,-1196.0,5010.0,-69.86,-73336.04,-19542.58,,,72.84,41.0,-220.0,-220.0,,,,,,,,,,,,,
261780,차백신연구소,2026-07-08 05:27,2025.12,2026.12,2026.03,2026.06,-4.73,6.4,-597.0,441.0,-81.07,-8997.23,-10115.3,,,151.13,2.0,-143.0,-160.0,,,,,,,,,,,,,,-6.12,9.92,-77.0,357.0,-89.44,-985.04,-1197.4,,,129.26,2.0,-17.0,-21.0,,,,,,,,,,,,,
009420,한올바이오파마,2026-07-08 05:27,2025.12,2026.12,2026.03,2026.06,-411.13,13.74,-106.0,3184.0,-3.37,-0.59,-3.58,,,39.3,1552.0,-9.0,-56.0,17034.8,17.9,3.0,3123.0,0.11,0.98,0.1,,,,1697.0,17.0,2.0,-569.06,17.3,5.0,3196.0,-3.16,2.1,0.69,,,50.18,400.0,8.0,3.0,,,-33.0,,,0.26,-4.34,,,,392.0,1.0,-17.0
237690,에스티팜,2026-07-08 05:27,2025.12,2026.12,2026.03,2026.06,44.06,4.16,2706.0,28666.0,10.03,16.56,16.45,0.42,18.95,31.97,3317.0,549.0,546.0,37.75,3.99,3298.0,31187.0,11.05,18.45,16.54,,,,4147.0,765.0,686.0,42.91,4.93,725.0,29350.0,12.48,17.22,22.7,0.42,33.66,39.05,670.0,115.0,152.0,,,690.0,,,17.52,12.49,,,,989.0,173.0,124.0
308430,셀비온,2026-07-08 05:27,2025.12,2026.12,2026.03,2026.06,-39.93,13.29,-591.0,1776.0,-28.93,-423.87,-389.38,,,54.45,19.0,-82.0,-76.0,,,,,,,,,,,,,,-47.12,19.59,-187.0,1603.0,-35.08,-398.95,-391.47,,,57.41,6.0,-24.0,-24.0,,,,,,,,,,,,,
086890,이수앱지스,2026-07-08 05:27,2025.12,2026.12,2026.03,2026.06,-18.37,1.82,-280.0,2822.0,-9.92,2.88,-18.84,,,38.82,567.0,16.0,-107.0,,,,,,,,,,,,,,-82.62,1.58,-5.0,2831.0,-1.99,-36.41,-2.14,,,32.58,95.0,-34.0,-2.0,,,,,,,,,,,,,
004310,현대약품,2026-07-08 05:27,2025.11,2026.11,2026.02,2026.03,47.05,1.18,79.0,3141.0,3.12,2.17,1.31,0.81,31.16,98.79,1918.0,42.0,25.0,,,,,,,,,,,,,,91.06,2.44,13.0,4878.0,3.94,5.43,0.9,0.81,292.34,66.38,465.0,25.0,4.0,,,,,,,,,,,,,
115180,큐리언트,2026-07-08 05:27,2025.12,2026.12,2026.03,2026.06,-35.78,33.47,-845.0,904.0,-71.44,-426.26,-447.71,,,58.18,70.0,-298.0,-313.0,,,,,,,,,,,,,,-41.86,49.5,-201.0,736.0,-79.54,-394.75,-404.84,,,66.65,19.0,-77.0,-79.0,,,,,,,,,,,,,
235980,메드팩토,2026-07-08 05:27,2025.12,2026.12,2026.03,2026.06,-17.87,4.98,-374.0,1342.0,-24.7,-359.59,-328.61,,,5.83,39.0,-140.0,-128.0,,,,,,,,,,,,,,-14.53,4.51,-110.0,1242.0,-27.18,-316.63,-285.61,,,6.53,13.0,-42.0,-38.0,,,,,,,,,,,,,
299170,더블유에스아이,2026-07-08 05:27,2025.12,2026.12,2026.03,2026.06,-27.6,2.04,-106.0,1436.0,-7.18,7.57,-6.76,,,38.61,517.0,39.0,-35.0,,,,,,,,,,,,,,-22.23,1.73,2.0,1443.0,-8.14,-1.44,-0.5,,,39.07,119.0,-2.0,-1.0,,,,,,,,,,,,,
464280,티디에스팜,2026-07-08 05:27,2025.12,2026.12,2026.03,2026.06,12.74,1.22,773.0,8090.0,10.52,13.63,15.48,,,26.57,276.0,38.0,43.0,,,,,,,,,,,,,,9.12,1.0,207.0,8307.0,12.21,16.66,14.21,,,41.15,81.0,13.0,11.0,,,,,,,,,,,,,
001065,JW중외제약우,2026-07-08 05:27,2025.12,2026.12,2026.03,2026.06,10.32,1.67,2470.0,15290.0,17.6,12.18,7.93,2.3,25.54,63.87,7753.0,945.0,615.0,,,,,,,,,,,,,,10.51,1.91,1104.0,15804.0,20.07,16.8,13.75,2.3,102.56,62.82,1999.0,336.0,275.0,,,,,,,,,,,,,
170900,동아에스티,2026-07-08 05:27,2025.12,2026.12,2026.03,2026.06,-17.19,0.75,-2913.0,66796.0,-4.35,0.08,-4.65,1.33,-22.49,110.24,8088.0,6.0,-376.0,,,,,,,,,,,,,,-36.52,0.65,885.0,67799.0,-1.8,3.81,3.86,1.33,-53.85,98.78,2036.0,78.0,79.0,,,,,,,,,,,,,
109960,앱토크롬,2026-07-08 05:27,2025.12,2026.12,2026.03,2026.06,-9.16,0.17,-526.0,27861.0,-1.83,-23.31,-57.45,,,4.53,98.0,-23.0,-56.0,,,,,,,,,,,,,,-4.57,0.11,-282.0,27587.0,-2.48,-22.36,-132.98,,,4.64,24.0,-5.0,-32.0,,,,,,,,,,,,,
456070,이엔셀,2026-07-08 05:27,2025.12,2026.12,2026.03,2026.06,-12.27,5.04,-1482.0,3609.0,-36.79,-340.44,-306.3,,,61.69,53.0,-179.0,-161.0,,,,,,,,,,,,,,-9.62,4.64,-480.0,3178.0,-42.41,-1576.36,-1702.82,,,72.65,3.0,-49.0,-53.0,,,,,,,,,,,,,
215600,신라젠,2026-07-08 05:27,2025.12,2026.12,2026.03,2026.06,-19.99,4.4,-175.0,797.0,-20.0,-277.36,-262.21,,,6.08,92.0,-256.0,-242.0,,,,,,,,,,,,,,-21.75,4.99,-36.0,762.0,-20.79,-198.13,-172.19,,,6.22,29.0,-56.0,-49.0,,,,,,,,,,,,,
287840,인투셀,2026-07-08 05:27,2025.12,2026.12,2026.03,2026.06,-77.35,34.79,-742.0,1650.0,-65.72,-448.01,-461.2,,,66.69,23.0,-103.0,-106.0,,,,,,,,,,,,,,-51.96,28.02,-267.0,1417.0,-65.72,-1255.81,-1426.12,,,81.54,3.0,-35.0,-40.0,,,,,,,,,,,,,
220100,퓨쳐켐,2026-07-08 05:27,2025.12,2026.12,2026.03,2026.06,-61.42,12.69,-502.0,2432.0,-20.64,-41.52,-60.03,,,35.93,187.0,-78.0,-112.0,,,,,,,,,,,,,,-38.44,7.96,-92.0,2340.0,-20.78,-34.8,-32.14,,,32.07,64.0,-22.0,-20.0,,,,,,,,,,,,,
073190,듀오백,2026-07-08 05:27,2025.12,2026.12,2026.03,2026.06,-4.12,0.51,-383.0,3099.0,-19.36,-15.03,-22.8,,,52.13,201.0,-30.0,-46.0,,,,,,,,,,,,,,-3.5,0.4,-24.0,3074.0,-18.16,-3.73,-4.57,,,52.0,63.0,-2.0,-3.0,,,,,,,,,,,,,
071950,코아스,2026-07-08 05:27,2025.12,2026.12,2026.03,2026.06,-0.66,1.22,-5422.0,2919.0,-171.5,-9.13,-50.53,,,134.5,622.0,-57.0,-314.0,,,,,,,,,,,,,,-0.4,0.53,10.0,2903.0,-162.18,8.89,0.43,,,125.31,214.0,19.0,1.0,,,,,,,,,,,,,
309930,조이웍스앤코,2026-07-08 05:27,2025.12,2026.12,2026.03,2026.06,-2.45,2.58,-1063.0,1011.0,-79.42,-19.07,-45.07,,,194.02,460.0,-88.0,-207.0,,,,,,,,,,,,,,-1.27,0.92,140.0,1151.0,-62.32,15.92,12.38,,,166.19,212.0,34.0,26.0,,,,,,,,,,,,,
415380,스튜디오삼익,2026-07-08 05:27,2025.12,2026.12,2026.03,2026.06,10.0,0.72,229.0,3174.0,7.83,2.95,2.91,4.37,41.02,26.04,959.0,28.0,28.0,,,,,,,,,,,,,,10.46,0.65,49.0,3123.0,6.59,2.27,2.49,4.37,164.13,29.43,226.0,5.0,6.0,,,,,,,,,,,,,
011090,에넥스,2026-07-08 05:27,2025.12,2026.12,2026.03,2026.06,-24.77,0.79,-110.0,3457.0,-3.16,0.25,-0.65,,,211.28,2152.0,5.0,-14.0,,,,,,,,,,,,,,-4.0,0.62,-264.0,3210.0,-14.72,-6.15,-6.81,,,210.94,467.0,-29.0,-32.0,,,,,,,,,,,,,
013890,지누스,2026-07-08 05:27,2025.12,2026.12,2026.03,2026.06,-15.63,0.44,-832.0,29617.0,-2.8,2.79,-2.03,0.69,-10.66,65.25,9132.0,255.0,-185.0,-7.63,,-1180.0,,,-2.15,-3.1,,,,8390.0,-180.0,-260.0,-3.82,0.35,-1025.0,29736.0,-8.94,-21.56,-16.35,0.69,-5.67,64.92,1396.0,-301.0,-228.0,,,-363.0,,,-1.71,,,,,2340.0,-40.0,
016800,퍼시스,2026-07-08 05:27,2025.12,2026.12,2026.03,2026.06,15.05,0.7,3094.0,66786.0,6.07,1.6,9.93,2.15,25.15,12.13,3582.0,57.0,356.0,,,,,,,,,,,,,,11.38,0.56,578.0,66856.0,6.44,-2.12,6.81,2.15,107.91,12.9,976.0,-21.0,66.0,,,,,,,,,,,,,
134790,시디즈,2026-07-08 05:27,2025.12,2026.12,2026.03,2026.06,-18.93,0.57,-1131.0,37349.0,-3.53,-3.42,-1.16,2.25,92.43,56.08,1957.0,-67.0,-23.0,,,,,,,,,,,,,,-420.88,0.49,1419.0,39111.0,-0.14,2.76,5.13,,,53.7,545.0,15.0,28.0,,,,,,,,,,,,,
003800,에이스침대,2026-07-08 05:27,2025.12,2026.12,2026.03,2026.06,6.07,0.43,5047.0,70896.0,7.69,17.05,17.64,7.5,41.8,9.35,3173.0,541.0,560.0,,,,,,,,,,,,,,5.93,0.47,1354.0,70102.0,8.53,15.06,17.66,7.5,196.88,13.51,850.0,128.0,150.0,,,,,,,,,,,,,
318410,비비씨,2026-07-08 05:27,2025.12,2026.12,2026.03,2026.06,7.87,0.54,992.0,14424.0,7.02,11.99,10.57,5.13,40.33,15.17,516.0,62.0,55.0,,,,,,,,,,,,,,7.2,0.49,564.0,14542.0,6.99,15.49,22.86,5.13,2055.98,20.12,137.0,21.0,31.0,,,,,,,,,,,,,
053620,태양,2026-07-08 05:27,2025.12,2026.12,2026.03,2026.06,4.72,0.27,1378.0,24397.0,6.27,1.7,8.45,6.14,26.87,14.41,1404.0,24.0,119.0,,,,,,,,,,,,,,3.34,0.28,1002.0,25082.0,9.38,6.76,23.43,6.14,210.57,17.72,368.0,25.0,86.0,,,,,,,,,,,,,
203690,아크솔루션스,2026-07-08 05:27,2025.12,2026.12,2026.03,2026.06,-6.33,3.41,-700.0,1299.0,-45.45,-46.25,-73.36,,,63.52,161.0,-74.0,-118.0,,,,,,,,,,,,,,-8.22,3.56,-52.0,1244.0,-37.71,-12.81,-14.15,,,59.66,74.0,-9.0,-10.0,,,,,,,,,,,,,
225430,케이엠제약,2026-07-08 05:27,2025.12,2026.12,2026.03,2026.06,-3.78,0.53,-711.0,5068.0,-13.04,-18.28,-24.82,,,64.13,160.0,-29.0,-40.0,,,,,,,,,,,,,,-5.75,0.83,-150.0,4918.0,-13.44,-14.74,-18.67,,,71.64,45.0,-7.0,-8.0,,,,,,,,,,,,,
317240,TS트릴리온,2026-07-08 05:27,2025.12,2026.12,2026.03,2026.06,-17.15,1.47,-88.0,1028.0,-7.36,0.1,-7.71,,,92.34,260.0,0.0,-20.0,,,,,,,,,,,,,,-40.33,1.43,32.0,1124.0,-3.32,11.01,9.16,,,102.9,101.0,11.0,9.0,,,,,,,,,,,,,
110020,전진바이오팜,2026-07-08 05:27,2025.12,2026.12,2026.03,2026.06,-116.58,1.31,-22.0,1922.0,-1.12,-2.5,-1.43,,,6.32,137.0,-3.0,-2.0,,,,,,,,,,,,,,1211.49,1.17,-19.0,1903.0,0.1,-6.89,-5.93,,,6.76,29.0,-2.0,-2.0,,,,,,,,,,,,,
009770,삼정펄프,2026-07-08 05:27,2025.12,2026.12,2026.03,2026.06,2.48,0.27,12556.0,114819.0,11.51,-0.97,21.13,3.22,7.96,12.27,1486.0,-14.0,314.0,,,,,,,,,,,,,,9.65,0.3,-6389.0,107431.0,3.1,-3.93,-59.28,3.22,72.96,10.42,269.0,-11.0,-160.0,,,,,,,,,,,,,
012690,모나리자,2026-07-08 05:27,2025.12,2026.12,2026.03,2026.06,52.02,0.89,41.0,2391.0,1.78,0.26,1.21,2.35,122.08,15.02,1240.0,3.0,15.0,,,,,,,,,,,,,,41.14,0.96,9.0,2350.0,2.4,1.01,1.04,2.35,168.96,21.37,323.0,3.0,3.0,,,,,,,,,,,,,
005430,한국공항,2026-07-08 05:27,2025.12,2026.12,2026.03,2026.06,5.08,0.49,12805.0,132482.0,10.46,7.09,6.11,1.54,7.54,30.68,6632.0,470.0,405.0,,,,,,,,,,,,,,4.0,0.42,5025.0,136536.0,11.29,11.06,8.94,1.54,37.99,34.48,1780.0,197.0,159.0,,,,,,,,,,,,,
065710,서호전기,2026-07-08 05:27,2025.12,2026.12,2026.03,2026.06,12.64,2.81,4026.0,18120.0,24.38,21.71,17.76,11.79,130.77,24.6,1166.0,253.0,207.0,,,,,,,,,,,,,,12.47,2.13,955.0,19935.0,18.73,31.0,19.11,3.93,202.62,41.67,259.0,80.0,50.0,,,,,,,,,,,,,
045340,토탈소프트,2026-07-08 05:27,2025.12,2026.12,2026.03,2026.06,7.13,1.66,997.0,4272.0,26.65,34.04,31.03,1.41,10.03,50.4,275.0,94.0,85.0,,,,,,,,,,,,,,5.87,1.51,300.0,4440.0,29.46,25.17,34.81,1.41,58.41,49.65,74.0,19.0,26.0,,,,,,,,,,,,,
003100,선광,2026-07-08 05:27,2025.12,2026.12,2026.03,2026.06,3.22,0.28,5994.0,68798.0,9.55,21.74,20.73,2.33,7.15,59.22,1904.0,414.0,395.0,,,,,,,,,,,,,,3.42,0.3,1432.0,69952.0,9.52,23.87,21.28,2.33,23.62,60.36,443.0,106.0,94.0,,,,,,,,,,,,,
038620,위즈코프,2026-07-08 05:27,2025.12,2026.12,2026.03,2026.06,10.29,0.47,289.0,6357.0,4.89,2.21,4.15,,,18.8,1126.0,25.0,47.0,,,,,,,,,,,,,,5.12,0.39,252.0,6622.0,8.51,5.44,15.63,,,18.6,275.0,15.0,43.0,,,,,,,,,,,,,
121890,에스디시스템,2026-07-08 05:27,2025.12,2026.12,2026.03,2026.06,18.15,1.93,96.0,901.0,11.22,3.82,4.43,,,68.26,288.0,11.0,13.0,,,,,,,,,,,,,,69.01,2.0,-55.0,846.0,2.93,-30.93,-26.36,,,20.82,28.0,-9.0,-7.0,,,,,,,,,,,,,
001290,상상인증권,2026-07-08 05:27,2025.12,2026.12,2026.03,2026.06,-11.71,0.34,-54.0,1839.0,-3.11,-5.0,-3.22,,,537.0,1817.0,-91.0,-59.0,,,,,,,,,,,,,,-1.04,0.57,78.0,1889.0,-21.18,10.8,14.54,,,814.09,581.0,63.0,84.0,,,,,,,,,,,,,
000680,LS네트웍스,2026-07-08 05:27,2025.12,2026.12,2026.03,2026.06,-8.39,0.3,-405.0,11323.0,-3.52,0.85,-0.73,,,814.38,26152.0,223.0,-191.0,,,,,,,,,,,,,,-18.3,0.26,191.0,11515.0,-1.81,2.54,1.55,,,1094.2,17048.0,433.0,264.0,,,,,,,,,,,,,
016360,삼성증권,2026-07-08 05:27,2025.12,2026.12,2026.03,2026.06,6.68,0.83,11279.0,90348.0,13.09,9.25,6.77,5.3,35.46,887.64,148739.0,13757.0,10072.0,6.66,1.18,18214.0,102540.0,18.88,10.45,7.58,,,,211630.0,22125.0,16038.0,6.82,1.01,5049.0,91465.0,15.68,8.56,6.33,5.3,166.14,1039.93,71227.0,6095.0,4509.0,,,4971.0,,,,,,,,,5958.0,4484.0
030610,교보증권,2026-07-08 05:27,2025.12,2026.12,2026.03,2026.06,7.55,0.5,1254.0,18773.0,6.96,4.23,3.17,5.81,6.28,809.49,45068.0,1904.0,1429.0,,,,,,,,,,,,,,8.21,0.6,600.0,19156.0,7.61,4.0,2.86,5.81,148.67,814.84,23957.0,959.0,684.0,,,,,,,,,,,,,
016610,DB증권,2026-07-08 05:27,2025.12,2026.12,2026.03,2026.06,5.66,0.39,1918.0,27483.0,7.66,6.07,4.97,5.07,27.28,1028.92,19220.0,1167.0,955.0,,,,,,,,,,,,,,5.0,0.44,639.0,27106.0,4.42,2.81,2.83,5.07,248.03,1048.38,10752.0,302.0,304.0,,,,,,,,,,,,,
003460,유화증권,2026-07-08 05:27,2025.12,2026.12,2026.03,2026.06,14.38,0.31,189.0,8871.0,2.68,16.44,39.06,8.07,95.96,50.68,360.0,59.0,141.0,,,,,,,,,,,,,,11.09,0.37,151.0,8756.0,3.05,61.96,65.23,8.07,-2678.88,79.2,171.0,106.0,112.0,,,,,,,,,,,,,
138040,메리츠금융지주,2026-07-08 05:27,2025.12,2026.12,2026.03,2026.06,8.91,1.84,12698.0,61335.0,22.53,14.14,11.57,1.3,10.44,1102.87,203170.0,28727.0,23501.0,7.84,1.65,14331.0,68049.0,22.76,,,,,,,32058.0,25077.0,8.35,1.71,3863.0,64995.0,23.05,10.88,8.66,,,1124.09,78534.0,8548.0,6802.0,,,4048.0,,,,,,,,,9092.0,7084.0
003470,유안타증권,2026-07-08 05:27,2025.12,2026.12,2026.03,2026.06,8.2,0.4,450.0,9275.0,5.4,2.87,2.76,5.96,47.94,950.93,34613.0,994.0,956.0,,,,,,,,,,,,,,11.28,0.47,320.0,9362.0,3.02,4.23,3.94,5.96,137.91,1056.76,17234.0,728.0,680.0,,,,,,,,,,,,,
003475,유안타증권우,2026-07-08 05:27,2025.12,2026.12,2026.03,2026.06,8.2,0.4,450.0,9275.0,5.4,2.87,2.76,7.21,47.94,950.93,34613.0,994.0,956.0,,,,,,,,,,,,,,11.28,0.47,320.0,9362.0,3.02,4.23,3.94,7.21,137.91,1056.76,17234.0,728.0,680.0,,,,,,,,,,,,,
078020,LS증권,2026-07-08 05:27,2025.12,2026.12,2026.03,2026.06,14.02,0.31,342.0,15643.0,2.62,0.97,1.0,10.42,148.5,1082.25,22953.0,222.0,230.0,,,,,,,,,,,,,,10.98,0.43,452.0,15566.0,4.68,2.4,1.85,10.42,-241.39,1511.26,16365.0,392.0,303.0,,,,,,,,,,,,,
001755,한양증권우,2026-07-08 05:27,2025.12,2026.12,2026.03,2026.06,4.47,0.43,4268.0,44072.0,10.32,8.29,6.22,8.78,37.38,215.17,9090.0,753.0,566.0,,,,,,,,,,,,,,,0.5,1406.0,49069.0,,5.08,3.64,8.78,278.09,1043.13,5113.0,260.0,186.0,,,,,,,,,,,,,
071055,한국금융지주우,2026-07-08 05:27,2025.12,2026.12,2026.03,2026.06,4.93,0.79,32808.0,205667.0,18.66,12.05,10.4,6.97,22.39,1025.35,194661.0,23453.0,20244.0,5.48,1.04,45520.0,240169.0,21.54,7.81,6.23,,,,443840.0,34674.0,27649.0,5.03,0.93,14856.0,218546.0,21.86,10.62,8.8,6.97,,1050.91,104160.0,11063.0,9167.0,,,11748.0,,,,,,,,,9591.0,7237.0
030210,다올투자증권,2026-07-08 05:27,2025.12,2026.12,2026.03,2026.06,6.05,0.36,580.0,9654.0,6.64,1.97,2.56,6.84,41.41,1195.62,17145.0,337.0,439.0,,,,,,,,,,,,,,6.3,0.4,179.0,9741.0,7.02,1.19,1.96,6.84,2672.58,1207.11,7691.0,92.0,150.0,,,,,,,,,,,,,
001200,유진투자증권,2026-07-08 05:27,2025.12,2026.12,2026.03,2026.06,5.16,0.28,666.0,12331.0,5.91,4.98,3.81,5.23,25.61,875.66,16941.0,844.0,645.0,,,,,,,,,,,,,,5.71,0.35,544.0,12714.0,3.86,6.25,4.95,5.23,244.94,972.36,10657.0,666.0,527.0,,,,,,,,,,,,,
001500,현대차증권,2026-07-08 05:27,2025.12,2026.12,2026.03,2026.06,7.97,0.3,993.0,26343.0,4.21,3.97,3.17,4.67,39.63,758.88,18205.0,723.0,577.0,,,,,,,,,,,,,,9.58,0.38,430.0,26246.0,4.48,3.83,3.15,4.67,415.67,784.34,8430.0,323.0,266.0,,,,,,,,,,,,,
003465,유화증권우,2026-07-08 05:27,2025.12,2026.12,2026.03,2026.06,14.38,0.31,189.0,8871.0,2.68,16.44,39.06,8.38,95.96,50.68,360.0,59.0,141.0,,,,,,,,,,,,,,11.09,0.37,151.0,8756.0,3.05,61.96,65.23,8.38,-2678.88,79.2,171.0,106.0,112.0,,,,,,,,,,,,,
003535,한화투자증권우,2026-07-08 05:27,2025.12,2026.12,2026.03,2026.06,10.1,0.5,465.0,9484.0,5.41,4.77,3.3,,,739.27,30946.0,1477.0,1020.0,,,,,,,,,,,,,,-1222.47,0.69,87.0,9350.0,-0.03,1.79,1.15,,,834.3,16594.0,296.0,191.0,,,,,,,,,,,,,
001515,SK증권우,2026-07-08 05:27,2025.12,2026.12,2026.03,2026.06,10.63,0.45,121.0,2884.0,5.0,0.55,2.04,0.35,-0.53,1034.52,14047.0,78.0,287.0,,,,,,,,,,,,,,-2.89,1.24,98.0,2968.0,-12.51,3.98,3.24,,,1135.32,7206.0,287.0,234.0,,,,,,,,,,,,,
001510,SK증권,2026-07-08 05:27,2025.12,2026.12,2026.03,2026.06,10.63,0.45,121.0,2884.0,5.0,0.55,2.04,0.22,-0.53,1034.52,14047.0,78.0,287.0,,,,,,,,,,,,,,-2.89,1.24,98.0,2968.0,-12.51,3.98,3.24,,,1135.32,7206.0,287.0,234.0,,,,,,,,,,,,,
064820,케이프,2026-07-08 05:27,2025.12,2026.12,2026.03,2026.06,5.18,1.02,1922.0,9768.0,23.12,8.62,11.08,7.04,36.33,770.15,5798.0,500.0,642.0,,,,,,,,,,,,,,3.86,0.98,649.0,10010.0,30.54,15.02,10.9,4.02,37.08,1451.82,1877.0,282.0,205.0,,,,,,,,,,,,,
001275,부국증권우,2026-07-08 05:27,2025.12,2026.12,2026.03,2026.06,16.41,0.6,3413.0,93587.0,5.69,5.88,4.73,8.48,47.15,117.45,9655.0,568.0,456.0,,,,,,,,,,,,,,11.07,0.8,961.0,92011.0,4.18,3.26,2.68,8.48,-2152.03,778.95,4796.0,156.0,128.0,,,,,,,,,,,,,
005945,NH투자증권우,2026-07-08 05:27,2025.12,2026.12,2026.03,2026.06,7.31,0.84,2888.0,25187.0,11.76,10.37,7.53,6.9,47.29,783.5,136989.0,14206.0,10315.0,7.9,1.2,4188.0,27509.0,15.92,8.98,6.54,,,,238824.0,21436.0,15606.0,7.26,1.11,1268.0,26593.0,8.61,7.79,5.82,6.9,172.06,894.23,81720.0,6367.0,4757.0,,,1139.0,,,,,,,,,5741.0,4254.0
190650,코리아에셋투자증권,2026-07-08 05:27,2026.03,2027.03,2026.03,2026.06,8.54,0.5,918.0,15636.0,5.94,3.49,2.24,7.02,59.91,276.34,2619.0,91.0,59.0,,,,,,,,,,,,,,8.54,0.5,483.0,15636.0,5.94,6.87,4.66,7.02,113.76,276.34,663.0,46.0,31.0,,,,,,,,,,,,,
003540,대신증권,2026-07-08 05:27,2025.12,2026.12,2026.03,2026.06,13.21,0.5,2044.0,54154.0,5.06,5.95,3.69,4.44,50.6,864.42,50639.0,3014.0,1867.0,7.39,0.49,3991.0,60532.0,8.75,,,,,,,3680.0,3455.0,8.78,0.62,1586.0,56922.0,5.13,4.27,6.06,4.44,-1556.19,856.74,24014.0,1025.0,1455.0,,,935.0,,,,,,,,,1040.0,
003530,한화투자증권,2026-07-08 05:27,2025.12,2026.12,2026.03,2026.06,10.1,0.5,465.0,9484.0,5.41,4.77,3.3,,,739.27,30946.0,1477.0,1020.0,,,,,,,,,,,,,,-1222.47,0.69,87.0,9350.0,-0.03,1.79,1.15,,,834.3,16594.0,296.0,191.0,,,,,,,,,,,,,
001270,부국증권,2026-07-08 05:27,2025.12,2026.12,2026.03,2026.06,16.41,0.6,3413.0,93587.0,5.69,5.88,4.73,4.29,47.15,117.45,9655.0,568.0,456.0,,,,,,,,,,,,,,11.07,0.8,961.0,92011.0,4.18,3.26,2.68,4.29,-2152.03,778.95,4796.0,156.0,128.0,,,,,,,,,,,,,
001750,한양증권,2026-07-08 05:27,2025.12,2026.12,2026.03,2026.06,4.47,0.43,4268.0,44072.0,10.32,8.29,6.22,8.39,37.38,215.17,9090.0,753.0,566.0,,,,,,,,,,,,,,,0.5,1406.0,49069.0,,5.08,3.64,8.39,278.09,1043.13,5113.0,260.0,186.0,,,,,,,,,,,,,
023590,다우기술,2026-07-08 05:27,2025.12,2026.12,2026.03,2026.06,3.45,0.49,11260.0,79869.0,15.95,8.91,6.61,4.63,15.37,1006.86,174950.0,15593.0,11560.0,,,,,,,,,,,,,,3.15,0.51,4693.0,83856.0,18.73,6.76,5.14,4.63,65.7,1126.93,94826.0,6413.0,4872.0,,,,,,,,,,,,,
100220,비상교육,2026-07-08 05:27,2025.12,2026.12,2026.03,2026.06,2.99,0.3,1638.0,16305.0,11.28,8.04,7.92,4.49,12.66,99.96,2688.0,216.0,213.0,,,,,,,,,,,,,,2.97,0.31,1982.0,18189.0,11.53,33.62,24.71,4.49,12.33,87.79,1042.0,350.0,258.0,,,,,,,,,,,,,
339950,아이비김영,2026-07-08 05:27,2025.12,2026.12,2026.03,2026.06,4.22,1.14,461.0,1702.0,32.19,15.96,16.84,15.42,62.79,70.37,1195.0,191.0,201.0,,,,,,,,,,,,,,4.85,1.7,16.0,1349.0,38.02,1.43,3.02,15.42,236.3,122.17,242.0,3.0,7.0,,,,,,,,,,,,,
215200,메가스터디교육,2026-07-08 05:27,2025.12,2026.12,2026.03,2026.06,5.33,0.88,7903.0,48011.0,18.03,13.68,10.5,7.12,36.43,72.16,8849.0,1210.0,929.0,4.5,0.75,8992.0,54012.0,17.65,13.21,10.51,,,,8869.0,1172.0,932.0,6.06,1.05,2176.0,46908.0,18.39,10.98,9.52,7.12,1273.58,91.09,2365.0,260.0,225.0,,,,,,15.59,,,,,2021.0,315.0,
133750,메가엠디,2026-07-08 05:27,2025.12,2026.12,2026.03,2026.06,15.23,0.6,119.0,3007.0,4.22,5.24,8.06,3.31,47.48,25.4,346.0,18.0,28.0,,,,,,,,,,,,,,8.44,0.59,81.0,3032.0,7.09,1.92,24.23,3.31,-217.59,28.16,78.0,2.0,19.0,,,,,,,,,,,,,
095720,웅진씽크빅,2026-07-08 05:27,2025.12,2026.12,2026.03,2026.06,-6.49,0.55,-394.0,4650.0,-8.34,-1.31,-2.84,6.65,-40.4,182.64,7974.0,-105.0,-227.0,,,,,,,,,,,,,,-8.11,0.5,-71.0,4416.0,-6.17,-1.88,-2.36,6.65,-103.63,190.26,1796.0,-34.0,-42.0,,,,,,,,,,,,,
134060,이퓨쳐,2026-07-08 05:27,2025.12,2026.12,2026.03,2026.06,15.76,0.66,258.0,6177.0,5.3,7.92,11.05,6.14,76.75,19.83,111.0,9.0,12.0,,,,,,,,,,,,,,13.32,0.66,128.0,6087.0,6.3,4.95,24.12,6.14,135.25,23.64,25.0,1.0,6.0,,,,,,,,,,,,,
457600,벡트,2026-07-08 05:27,2025.12,2026.12,2026.03,2026.06,-7.47,1.9,-335.0,1316.0,-22.56,-7.7,-11.72,,,116.34,445.0,-34.0,-52.0,-68.88,1.57,-29.0,1284.0,-2.25,0.18,-0.89,,,,559.0,1.0,-5.0,-5.65,1.71,-43.0,1273.0,-26.21,-4.11,-4.7,,,125.53,157.0,-6.0,-7.0,,,,,,,,,,,,,
067280,멀티캠퍼스,2026-07-08 05:27,2025.12,2026.12,2026.03,2026.06,7.02,0.8,4417.0,38888.0,11.72,9.64,7.98,4.35,30.56,36.84,3308.0,319.0,264.0,,,,,,,,,,,,,,6.96,0.72,230.0,38000.0,10.75,0.79,1.96,4.35,97.73,41.12,807.0,6.0,16.0,,,,,,,,,,,,,
084440,유비온,2026-07-08 05:27,2025.09,2026.09,2026.03,2026.06,15.29,2.7,68.0,385.0,19.36,4.18,3.9,,,194.56,337.0,14.0,13.0,,,,,,,,,,,,,,40.82,2.58,42.0,413.0,6.49,8.84,6.27,1.88,46.03,229.84,127.0,11.0,8.0,,,,,,,,,,,,,
289010,아이스크림에듀,2026-07-08 05:27,2025.12,2026.12,2026.03,2026.06,-23.22,0.59,-78.0,3052.0,-2.6,1.53,-1.16,,,57.33,916.0,14.0,-11.0,,,,,,,,,,,,,,6.18,0.5,48.0,3101.0,8.97,4.2,3.33,,,55.11,203.0,9.0,7.0,,,,,,,,,,,,,
040420,정상제이엘에스,2026-07-08 05:27,2025.12,2026.12,2026.03,2026.06,14.14,1.07,423.0,5585.0,7.92,9.48,6.44,8.85,108.38,23.71,1031.0,98.0,66.0,,,,,,,,,,,,,,14.17,1.1,151.0,5270.0,8.08,11.44,8.95,8.85,7989.87,34.0,265.0,30.0,24.0,,,,,,,,,,,,,
068930,디지털대성,2026-07-08 05:27,2025.12,2026.12,2026.03,2026.06,10.41,1.47,756.0,5341.0,15.41,12.43,10.1,6.61,63.79,102.9,2538.0,316.0,256.0,7.05,1.2,1012.0,5939.0,19.3,15.88,11.96,,,,2808.0,446.0,336.0,9.29,1.68,200.0,4999.0,20.07,14.56,10.2,6.61,-391.0,122.3,698.0,102.0,71.0,,,354.0,,,19.89,,,,,661.0,132.0,
096240,크레버스,2026-07-08 05:27,2025.12,2026.12,2026.03,2026.06,21.0,2.24,593.0,5570.0,15.15,1.02,1.96,6.42,102.11,296.94,2209.0,22.0,43.0,,,,,,,,,,,,,,20.89,1.79,193.0,5967.0,11.69,4.47,2.68,2.41,-52.65,270.86,584.0,26.0,16.0,,,,,,,,,,,,,
019685,대교우B,2026-07-08 05:27,2025.12,2026.12,2026.03,2026.06,-5.42,0.56,-350.0,3375.0,-12.33,-0.52,-5.72,4.86,-13.7,108.21,6500.0,-34.0,-372.0,-46.04,0.28,-21.0,3385.0,-0.76,0.05,-0.35,,,,6208.0,3.0,-22.0,-4.06,0.49,-38.0,3254.0,-13.97,-2.26,-2.51,4.86,-14.91,118.34,1577.0,-36.0,-40.0,,,,,,,,,,,1552.0,,
215100,로보로보,2026-07-08 05:27,2025.12,2026.12,2026.03,2026.06,-115.73,5.27,-67.0,1469.0,-4.48,-14.66,-10.12,0.3,20.41,7.06,134.0,-20.0,-14.0,,,,,,,,,,,,,,-58.2,4.51,-51.0,1418.0,-7.51,-36.31,-37.06,,,7.14,28.0,-10.0,-10.0,,,,,,,,,,,,,
072870,메가스터디,2026-07-08 05:27,2025.12,2026.12,2026.03,2026.06,4.79,0.37,2290.0,29432.0,8.36,16.14,23.16,12.03,55.15,46.63,1273.0,205.0,295.0,,,,,,,,,,,,,,4.99,0.42,384.0,28495.0,9.1,5.55,20.86,12.03,276.86,56.47,276.0,15.0,58.0,,,,,,,,,,,,,
461300,아이스크림미디어,2026-07-08 05:27,2025.12,2026.12,2026.03,2026.06,4.67,1.08,3723.0,16098.0,25.36,31.53,25.1,8.93,39.92,30.51,1959.0,618.0,492.0,,,,,,,,,,,,,,4.5,1.08,-552.0,15514.0,27.2,-55.09,-47.98,5.72,-370.08,29.43,153.0,-84.0,-73.0,,,,,,,,,,,,,
019680,대교,2026-07-08 05:27,2025.12,2026.12,2026.03,2026.06,-5.42,0.56,-350.0,3375.0,-12.33,-0.52,-5.72,3.16,-13.7,108.21,6500.0,-34.0,-372.0,-46.04,0.28,-21.0,3385.0,-0.76,0.05,-0.35,,,,6208.0,3.0,-22.0,-4.06,0.49,-38.0,3254.0,-13.97,-2.26,-2.51,3.16,-14.91,118.34,1577.0,-36.0,-40.0,,,,,,,,,,,1552.0,,
373160,데이원컴퍼니,2026-07-08 05:27,2025.12,2026.12,2026.03,2026.06,14.76,1.56,347.0,3285.0,13.73,3.69,3.83,,,80.31,1239.0,46.0,47.0,,,,,,,,,,,,,,9.74,1.41,52.0,3338.0,15.52,1.28,2.29,,,110.78,303.0,4.0,7.0,,,,,,,,,,,,,
057030,YBM넷,2026-07-08 05:27,2025.12,2026.12,2026.03,2026.06,31.12,0.94,98.0,3239.0,3.05,1.83,3.09,3.27,101.05,52.84,518.0,10.0,16.0,,,,,,,,,,,,,,29.65,0.82,40.0,3178.0,2.8,3.76,5.12,3.27,2236.53,60.53,129.0,5.0,7.0,,,,,,,,,,,,,
053290,NE능률,2026-07-08 05:27,2025.12,2026.12,2026.03,2026.06,-76.88,0.37,-23.0,4846.0,-0.48,1.7,-0.62,,,24.39,627.0,11.0,-4.0,,,,,,,,,,,,,,-2.74,0.51,-715.0,4129.0,-16.97,-613.01,-599.52,,,28.95,20.0,-121.0,-118.0,,,,,,,,,,,,,
475580,에이럭스,2026-07-08 05:27,2025.12,2026.12,2026.03,2026.06,-16.16,3.28,-690.0,3399.0,-18.34,-16.62,-14.95,,,105.16,630.0,-105.0,-94.0,,,,,,,,,,,,,,-16.1,3.94,-237.0,3303.0,-22.08,-16.5,-21.49,,,107.2,152.0,-25.0,-33.0,,,,,,,,,,,,,
035290,골드앤에스,2026-07-08 05:27,2025.12,2026.12,2026.03,2026.06,-10.28,1.32,-309.0,2413.0,-12.05,-20.82,-16.35,,,43.82,90.0,-19.0,-15.0,,,,,,,,,,,,,,-45.84,1.05,153.0,2564.0,-2.26,8.54,9.54,,,108.93,77.0,7.0,7.0,,,,,,,,,,,,,
383800,LX홀딩스,2026-07-08 05:27,2025.12,2026.12,2026.03,2026.06,4.6,0.31,1744.0,25746.0,7.01,70.08,71.23,3.62,16.63,17.89,1904.0,1334.0,1356.0,3.99,0.29,1955.0,27069.0,7.41,69.27,64.74,,,,2348.0,1626.0,1520.0,5.98,0.3,483.0,26332.0,5.18,79.83,72.12,3.62,-140.4,18.75,521.0,416.0,376.0,,,656.0,,,82.54,,,,,630.0,520.0,
011810,STX,2026-07-08 05:27,2025.12,2026.12,2026.03,2026.06,-0.66,-0.96,-5357.0,-3692.0,549.24,-9.66,-25.95,,,-1032.6,6413.0,-619.0,-1664.0,,,,,,,,,,,,,,-0.53,-0.69,-1423.0,-5109.0,367.15,-16.45,-74.39,,,-565.43,600.0,-99.0,-446.0,,,,,,,,,,,,,
011760,현대코퍼레이션,2026-07-08 05:27,2025.12,2026.12,2026.03,2026.06,3.28,0.37,6561.0,57671.0,12.91,1.85,1.15,3.25,9.69,234.59,75543.0,1401.0,868.0,3.07,0.35,7597.0,65981.0,13.53,2.03,1.18,,,,84474.0,1716.0,999.0,4.34,0.41,837.0,59906.0,10.67,2.22,0.53,3.25,31.47,284.24,20727.0,461.0,111.0,,,2487.0,,,1.99,1.37,,,,21421.0,426.0,294.0
376180,피코그램,2026-07-08 05:27,2025.12,2026.12,2026.03,2026.06,-39.04,1.07,-59.0,2162.0,-2.64,-2.28,-3.55,4.33,-168.41,49.54,309.0,-7.0,-11.0,,,,,,,,,,,,,,13.04,1.26,44.0,2107.0,9.88,0.48,12.42,4.33,215.0,50.45,66.0,0.0,8.0,,,,,,,,,,,,,
342870,오아,2026-07-08 05:27,2025.12,2026.12,2026.03,2026.06,-12.55,0.9,-606.0,8487.0,-9.73,7.91,-3.22,,,81.92,1033.0,82.0,-33.0,,,,,,,,,,,,,,-8.4,0.76,122.0,8401.0,-11.71,4.15,2.88,2.2,93.24,71.7,254.0,11.0,7.0,,,,,,,,,,,,,
009450,경동나비엔,2026-07-08 05:27,2025.12,2026.12,2026.03,2026.06,9.01,1.04,6157.0,53311.0,12.24,9.54,5.97,1.35,12.08,97.56,15022.0,1434.0,897.0,5.41,0.99,11851.0,64468.0,20.29,13.83,10.05,,,,17186.0,2376.0,1728.0,8.39,1.11,3940.0,56503.0,14.22,15.0,13.64,1.35,57.97,94.34,4253.0,638.0,580.0,,,2893.0,,,14.11,12.65,,,,4349.0,614.0,550.0
192400,쿠쿠홀딩스,2026-07-08 05:27,2025.12,2026.12,2026.03,2026.06,7.08,0.68,4094.0,42526.0,11.56,12.38,15.77,5.34,33.09,20.53,9209.0,1140.0,1452.0,6.0,0.57,4330.0,45820.0,11.22,11.46,15.38,,,,9950.0,1140.0,1530.0,6.43,0.64,1109.0,42494.0,12.06,9.45,16.95,5.34,88.93,22.46,2327.0,220.0,394.0,,,956.0,,,9.78,,,,,2250.0,220.0,
002700,신일전자,2026-07-08 05:27,2025.12,2026.12,2026.03,2026.06,22.09,1.07,59.0,1221.0,5.14,2.7,2.17,1.53,32.38,66.91,1940.0,52.0,42.0,,,,,,,,,,,,,,23.9,1.16,-13.0,1187.0,5.12,-0.74,-2.84,1.53,390.62,54.35,334.0,-2.0,-9.0,,,,,,,,,,,,,
284740,쿠쿠홈시스,2026-07-08 05:27,2025.12,2026.12,2026.03,2026.06,4.52,0.5,5327.0,48373.0,11.7,15.1,11.98,4.99,22.51,24.78,11213.0,1694.0,1343.0,,,,,,,,,,,,,,4.15,0.47,1506.0,49208.0,12.19,15.11,13.91,4.99,70.98,25.56,2730.0,413.0,380.0,,,,,,,,,,,,,
256150,한독크린텍,2026-07-08 05:27,2025.12,2026.12,2026.03,2026.06,17.01,0.74,325.0,7500.0,4.76,4.06,3.93,4.52,70.68,11.35,694.0,28.0,27.0,,,,,,,,,,,,,,14.52,0.7,127.0,7389.0,5.33,4.72,5.55,4.52,669.11,17.83,193.0,9.0,11.0,,,,,,,,,,,,,
066130,하츠,2026-07-08 05:27,2025.12,2026.12,2026.03,2026.06,6.34,0.46,708.0,9710.0,8.0,5.85,5.12,3.12,18.57,36.37,1769.0,104.0,91.0,,,,,,,,,,,,,,6.43,0.44,68.0,9641.0,7.42,3.0,2.42,3.12,77.95,38.71,362.0,11.0,9.0,,,,,,,,,,,,,
352090,스톰테크,2026-07-08 05:27,2025.12,2026.12,2026.03,2026.06,9.58,1.04,380.0,3491.0,11.13,17.14,14.65,12.36,118.46,41.66,697.0,119.0,102.0,,,,,,,,,,,,,,9.2,1.11,73.0,3218.0,12.01,14.0,12.02,9.62,399.23,56.83,163.0,23.0,20.0,,,,,,,,,,,,,
270660,에브리봇,2026-07-08 05:27,2025.12,2026.12,2026.03,2026.06,-22.79,4.72,-1016.0,4906.0,-19.47,-9.3,-37.1,,,75.54,344.0,-32.0,-127.0,,,,,,,,,,,,,,-15.1,3.21,-84.0,4822.0,-20.12,-22.27,-15.09,,,69.91,80.0,-18.0,-12.0,,,,,,,,,,,,,
317870,엔바이오니아,2026-07-08 05:27,2025.12,2026.12,2026.03,2026.06,-10.44,3.25,-1093.0,3508.0,-27.16,-43.57,-78.8,,,131.17,143.0,-62.0,-113.0,,,,,,,,,,,,,,-8.53,2.27,-20.0,3718.0,-24.02,-13.03,-6.66,,,122.11,51.0,-7.0,-3.0,,,,,,,,,,,,,
037070,파세코,2026-07-08 05:27,2025.12,2026.12,2026.03,2026.06,42.85,1.85,185.0,4285.0,4.39,1.97,2.2,1.89,80.94,29.42,1679.0,33.0,37.0,,,,,,,,,,,,,,57.43,2.09,-144.0,3982.0,3.65,-11.98,-10.23,1.89,-153.37,42.32,281.0,-34.0,-29.0,,,,,,,,,,,,,
065350,신성델타테크,2026-07-08 05:27,2025.12,2026.12,2026.03,2026.06,71.76,6.26,790.0,9059.0,9.51,2.93,2.56,0.21,15.19,161.32,9454.0,277.0,242.0,,,,,,,,,,,,,,65.75,5.9,196.0,9273.0,9.84,2.57,1.96,0.21,35.47,176.25,2766.0,71.0,54.0,,,,,,,,,,,,,
044340,위닉스,2026-07-08 05:27,2025.12,2026.12,2026.03,2026.06,-5.48,0.61,-1026.0,9240.0,-11.63,-16.42,-4.96,1.78,-8.62,233.9,3695.0,-607.0,-183.0,,,,,,,,,,,,,,-0.86,0.64,-1781.0,7392.0,-59.87,-17.63,-25.84,1.78,-3.92,338.43,1232.0,-217.0,-318.0,,,,,,,,,,,,,
014470,부방,2026-07-08 05:27,2025.12,2026.12,2026.03,2026.06,36.53,0.44,39.0,3207.0,1.37,0.55,0.73,,,45.12,3195.0,18.0,23.0,,,,,,,,,,,,,,25.97,0.4,15.0,3225.0,1.74,1.14,1.12,,,42.82,810.0,9.0,9.0,,,,,,,,,,,,,
042600,새로닉스,2026-07-08 05:27,2025.12,2026.12,2026.03,2026.06,-4.65,1.62,-2540.0,7276.0,-29.94,-1.6,-19.44,,,130.28,1649.0,-26.0,-321.0,,,,,,,,,,,,,,-10.91,2.05,-216.0,7368.0,-17.55,-1.29,-4.93,,,129.6,454.0,-6.0,-22.0,,,,,,,,,,,,,
407400,꿈비,2026-07-08 05:27,2025.12,2026.12,2026.03,2026.06,-8.23,1.53,-619.0,3316.0,-21.28,-4.92,-17.45,,,81.24,864.0,-42.0,-151.0,,,,,,,,,,,,,,-7.03,1.21,-28.0,3284.0,-20.23,-0.76,-1.22,,,83.16,316.0,-2.0,-4.0,,,,,,,,,,,,,
021240,코웨이,2026-07-08 05:27,2025.12,2026.12,2026.03,2026.06,10.15,1.7,8558.0,51065.0,18.14,17.7,12.44,2.25,22.22,93.71,49636.0,8787.0,6175.0,9.58,1.61,9921.0,58895.0,18.17,17.93,12.52,,,,55710.0,9987.0,6976.0,7.85,1.37,2553.0,52568.0,19.32,18.87,13.69,0.97,26.97,109.95,13297.0,2509.0,1820.0,,,2724.0,,,18.98,12.53,,,,13972.0,2652.0,1750.0
024940,PN풍년,2026-07-08 05:27,2025.12,2026.12,2026.03,2026.06,19.92,1.04,288.0,5519.0,5.69,2.8,5.13,0.61,11.44,17.63,560.0,16.0,29.0,,,,,,,,,,,,,,13.58,0.69,78.0,5567.0,5.51,5.17,5.37,0.61,135.88,18.52,145.0,7.0,8.0,,,,,,,,,,,,,
067170,오텍,2026-07-08 05:27,2025.12,2026.12,2026.03,2026.06,-4.97,0.41,-377.0,4600.0,-7.3,-0.27,-0.93,2.23,-8.24,275.17,8521.0,-23.0,-80.0,,,,,,,,,,,,,,-2.36,0.44,-419.0,4049.0,-16.78,-2.56,-7.16,,,346.65,1630.0,-42.0,-117.0,,,,,,,,,,,,,
021880,메이슨캐피탈,2026-07-08 05:27,2026.03,2027.03,2026.03,2026.06,-11.71,0.56,-18.0,366.0,-5.46,-10.07,-18.64,,,16.82,220.0,-22.0,-41.0,,,,,,,,,,,,,,-11.71,0.56,-5.0,366.0,-5.46,-20.38,-18.38,,,16.82,66.0,-13.0,-12.0,,,,,,,,,,,,,
007330,푸른저축은행,2026-07-08 05:27,2025.12,2026.12,2026.03,2026.06,7.39,0.36,1318.0,27355.0,6.33,16.66,19.54,7.91,45.41,386.03,1017.0,169.0,199.0,,,,,,,,,,,,,,7.8,0.4,-55.0,27313.0,6.78,-14.49,-3.03,7.91,265.31,382.91,275.0,-40.0,-8.0,,,,,,,,,,,,,
023760,한국캐피탈,2026-07-08 05:27,2025.12,2026.12,2026.03,2026.06,2.52,0.33,318.0,2410.0,14.08,23.76,18.67,4.98,12.45,583.67,5384.0,1279.0,1005.0,,,,,,,,,,,,,,2.84,0.38,74.0,2437.0,14.09,21.65,17.43,4.98,44.92,587.84,1344.0,291.0,234.0,,,,,,,,,,,,,
204620,글로벌텍스프리,2026-07-08 05:27,2025.12,2026.12,2026.03,2026.06,9.07,2.25,494.0,1993.0,27.81,18.82,23.01,,,31.6,1541.0,290.0,354.0,,,,,,19.64,,,,,1716.0,337.0,,9.72,2.2,72.0,2168.0,25.85,16.41,14.08,,,23.61,355.0,58.0,50.0,,,,,,20.54,,,,,443.0,91.0,
038540,상상인,2026-07-08 05:27,2025.12,2026.12,2026.03,2026.06,-0.82,0.25,-2100.0,6994.0,-27.56,-11.52,-29.41,,,867.22,4186.0,-482.0,-1231.0,,,,,,,,,,,,,,-1.07,0.3,147.0,7181.0,-26.17,11.61,9.26,,,989.46,1269.0,147.0,118.0,,,,,,,,,,,,,
003280,흥아해운,2026-07-08 05:27,2025.12,2026.12,2026.03,2026.06,12.45,1.49,127.0,1062.0,12.66,6.24,16.77,,,74.22,1808.0,113.0,303.0,,,,,,,,,,,,,,34.15,3.54,2.0,1123.0,11.19,2.76,1.38,,,73.68,400.0,11.0,6.0,,,,,,,,,,,,,
054300,팬스타엔터프라이즈,2026-07-08 05:27,2025.12,2026.12,2026.03,2026.06,-41.15,0.86,-32.0,1541.0,-2.17,-4.16,-2.34,,,68.61,672.0,-28.0,-16.0,,,,,,,,,,,,,,-52.5,0.66,14.0,1535.0,-1.47,1.73,6.17,,,69.07,135.0,2.0,8.0,,,,,,,,,,,,,
109070,주성코퍼레이션,2026-07-08 05:27,2025.12,2026.12,2026.03,2026.06,20.51,1.44,39.0,548.0,7.31,3.71,2.39,,,45.08,854.0,32.0,20.0,,,,,,,,,,,,,,33.23,2.23,24.0,572.0,6.94,-1.51,7.13,,,40.72,176.0,-3.0,13.0,,,,,,,,,,,,,
129260,인터지스,2026-07-08 05:27,2025.12,2026.12,2026.03,2026.06,7.26,0.23,331.0,10387.0,3.4,2.79,1.48,4.17,28.7,68.47,7090.0,198.0,105.0,,,,,,,,,,,,,,10.22,0.23,95.0,10286.0,2.39,1.79,1.49,4.17,-51.58,76.46,1945.0,35.0,29.0,,,,,,,,,,,,,
124560,태웅로직스,2026-07-08 05:27,2025.12,2026.12,2026.03,2026.06,-21.45,0.41,-124.0,6545.0,-2.13,0.2,-0.45,4.89,-93.89,120.29,11173.0,22.0,-50.0,,,,,,,,,,,,,,-18.05,0.36,34.0,7518.0,-2.5,0.2,0.44,4.89,599.13,119.02,2766.0,5.0,12.0,,,,,,,,,,,,,
044450,KSS해운,2026-07-08 05:27,2025.12,2026.12,2026.03,2026.06,5.67,0.37,1584.0,24109.0,6.81,19.65,6.51,5.01,27.79,255.33,5614.0,1103.0,366.0,,,,,,,,,,,,,,2.84,0.39,2751.0,27890.0,15.25,15.45,45.42,5.01,75.14,236.24,1398.0,216.0,635.0,,,,,,,,,,,,,
067900,와이엔텍,2026-07-08 05:27,2025.12,2026.12,2026.03,2026.06,3.97,0.35,1672.0,19155.0,9.37,22.29,26.01,1.51,5.95,44.29,1170.0,261.0,304.0,,,,,,,,,,,,,,3.87,0.35,244.0,19076.0,9.7,14.56,15.38,1.51,12.69,44.63,289.0,42.0,44.0,,,,,,,,,,,,,
465770,STX그린로지스,2026-07-08 05:27,2025.12,2026.12,2026.03,2026.06,-1.09,1.72,-5201.0,3282.0,-75.41,-6.52,-19.72,,,427.8,1914.0,-125.0,-377.0,,,,,,,,,,,,,,-1.33,1.36,-295.0,5256.0,-69.04,-8.63,-13.27,,,164.69,159.0,-14.0,-21.0,,,,,,,,,,,,,
111710,남화산업,2026-07-08 05:27,2025.12,2026.12,2026.03,2026.06,13.67,0.48,324.0,9175.0,3.56,24.41,39.78,4.51,61.72,7.11,168.0,41.0,67.0,,,,,,,,,,,,,,12.07,0.44,-9.0,8963.0,3.68,-23.1,-8.98,4.51,142.35,9.33,20.0,-5.0,-2.0,,,,,,,,,,,,,
363280,티와이홀딩스,2026-07-08 05:27,2025.12,2026.12,2026.03,2026.06,-1.51,0.12,-1820.0,22503.0,-10.04,-43.63,-117.12,,,76.75,792.0,-346.0,-928.0,,,,,,,,,,,,,,-1.45,0.14,-219.0,19630.0,-10.74,-18.48,-81.53,,,85.2,132.0,-24.0,-108.0,,,,,,,,,,,,,
499790,GS피앤엘,2026-07-08 05:27,2025.12,2026.12,2026.03,2026.06,43.0,0.97,977.0,43209.0,2.29,16.2,6.22,0.83,35.75,95.34,4817.0,780.0,299.0,14.71,0.86,2675.0,45536.0,6.04,20.14,13.4,,,,6036.0,1215.0,809.0,35.75,0.97,476.0,43339.0,2.76,18.53,10.79,0.83,414.52,95.13,1304.0,242.0,141.0,,,454.0,,,15.33,10.49,,,,1525.0,234.0,160.0
475560,더본코리아,2026-07-08 05:27,2025.12,2026.12,2026.03,2026.06,-20.53,1.45,-1179.0,16648.0,-6.77,-6.55,-4.81,2.07,-37.59,23.28,3612.0,-237.0,-174.0,,,,,,,,,,,,,,-12.03,1.32,-152.0,16052.0,-10.22,-5.27,-2.83,2.07,238.25,32.89,796.0,-42.0,-23.0,,,,,,,,,,,,,
215000,골프존,2026-07-08 05:27,2025.12,2026.12,2026.03,2026.06,14.15,0.79,4085.0,73255.0,5.83,14.09,2.66,6.92,93.69,40.69,4833.0,681.0,129.0,4.77,0.53,8366.0,75444.0,11.76,12.37,8.8,,,,5008.0,620.0,441.0,14.52,0.68,2527.0,71930.0,4.85,12.57,12.6,6.92,-108.89,47.78,1118.0,141.0,141.0,,,1689.0,,,13.11,11.36,,,,1228.0,161.0,140.0
025980,아난티,2026-07-08 05:27,2025.12,2026.12,2026.03,2026.06,-17.97,1.02,-434.0,7660.0,-5.62,3.22,-14.74,,,121.7,2581.0,83.0,-380.0,,,,,,,,,,,,,,-12.07,0.89,-186.0,7436.0,-7.21,-20.36,-38.98,,,112.66,467.0,-95.0,-182.0,,,,,,,,,,,,,
070960,모나용평,2026-07-08 05:27,2025.12,2026.12,2026.03,2026.06,-5.21,0.44,-635.0,7586.0,-8.16,9.31,-12.25,,,183.41,2501.0,233.0,-306.0,22.72,0.31,104.0,7631.0,1.39,9.77,2.06,,,,2426.0,237.0,50.0,-4.37,0.38,130.0,7722.0,-8.44,19.64,12.3,,,174.31,477.0,94.0,59.0,,,,,,4.6,-5.16,,,,543.0,25.0,-28.0
032350,롯데관광개발,2026-07-08 05:27,2025.12,2026.12,2026.03,2026.06,65.29,4.97,356.0,4677.0,8.06,21.93,4.22,,,488.68,6534.0,1433.0,276.0,15.89,2.81,965.0,5464.0,19.03,25.36,9.78,,,,7851.0,1991.0,768.0,31.11,3.82,-93.0,4547.0,13.41,18.43,-4.78,,,500.12,1562.0,288.0,-75.0,,,282.0,,,25.97,10.65,,,,1967.0,511.0,210.0
104620,노랑풍선,2026-07-08 05:27,2025.12,2026.12,2026.03,2026.06,-30.01,2.18,-173.0,2380.0,-7.36,1.87,-2.39,,,210.64,1197.0,22.0,-29.0,,,,,,,,,,,,,,-94.58,1.73,119.0,2503.0,-1.92,8.04,7.15,,,191.97,296.0,24.0,21.0,,,,,,,,,,,,,
020710,시공테크,2026-07-08 05:27,2025.12,2026.12,2026.03,2026.06,2.73,0.42,1521.0,9842.0,17.77,8.96,18.11,8.15,20.97,29.02,1684.0,151.0,305.0,,,,,,,,,,,,,,3.01,0.42,-124.0,9378.0,15.82,-9.4,-10.09,8.15,32.64,36.66,246.0,-23.0,-25.0,,,,,,,,,,,,,
019010,베뉴지,2026-07-08 05:27,2025.12,2026.12,2026.03,2026.06,1.38,0.28,1945.0,9718.0,27.16,31.19,209.61,2.61,3.0,63.07,482.0,150.0,1011.0,,,,,,,,,,,,,,1.63,0.43,1140.0,10982.0,37.35,18.55,558.81,2.61,6.42,55.57,104.0,19.0,579.0,,,,,,,,,,,,,
094850,참좋은여행,2026-07-08 05:27,2025.12,2026.12,2026.03,2026.06,7.67,0.81,774.0,7354.0,11.69,10.62,11.77,2.53,18.65,72.45,921.0,98.0,108.0,,,,,,,,,,,,,,5.3,0.66,219.0,7444.0,13.94,5.36,14.53,2.53,112.53,67.32,211.0,11.0,31.0,,,,,,,,,,,,,
006730,서부T&D,2026-07-08 05:27,2025.12,2026.12,2026.03,2026.06,10.87,0.79,1206.0,16666.0,7.68,28.32,46.79,0.76,8.05,134.7,2483.0,703.0,1162.0,15.55,0.6,668.0,17230.0,4.0,29.81,18.51,,,,2932.0,874.0,543.0,9.88,0.79,61.0,16608.0,8.45,26.91,9.03,0.76,11.4,135.0,661.0,178.0,60.0,,,150.0,,,28.38,13.2,,,,758.0,215.0,100.0
080010,이상네트웍스,2026-07-08 05:27,2025.12,2026.12,2026.03,2026.06,4.72,0.46,1484.0,15272.0,10.8,22.08,19.88,2.85,12.65,17.49,1038.0,229.0,206.0,,,,,,,,,,,,,,4.39,0.41,305.0,15399.0,10.47,23.67,19.24,2.85,109.97,26.25,247.0,58.0,47.0,,,,,,,,,,,,,
403550,쏘카,2026-07-08 05:27,2025.12,2026.12,2026.03,2026.06,-20.48,2.28,-560.0,5020.0,-10.56,4.94,-3.91,0.8,-16.43,256.7,4707.0,232.0,-184.0,129.45,2.46,83.0,4379.0,1.82,6.12,0.65,,,,4903.0,300.0,32.0,-16.03,2.47,-268.0,4673.0,-14.14,1.43,-9.05,0.8,-20.57,276.92,971.0,14.0,-88.0,,,,,,3.09,-2.82,,,,1133.0,35.0,-32.0
038390,레드캡투어,2026-07-08 05:27,2025.12,2026.12,2026.03,2026.06,8.11,0.95,1416.0,12037.0,11.36,12.8,6.48,6.97,56.48,252.91,3656.0,468.0,237.0,,,,,,,,,,,,,,7.27,0.86,650.0,12193.0,12.12,19.41,11.77,4.36,1256.51,256.57,924.0,179.0,109.0,,,,,,,,,,,,,
089860,롯데렌탈,2026-07-08 05:27,2025.12,2026.12,2026.03,2026.06,8.96,0.73,3514.0,43125.0,8.39,10.71,4.34,3.81,34.15,372.31,29188.0,3125.0,1267.0,7.6,0.68,4153.0,46608.0,9.26,11.67,4.9,,,,30692.0,3583.0,1505.0,8.61,0.71,857.0,42914.0,8.54,11.44,4.15,3.81,152.27,391.29,7309.0,836.0,303.0,,,1003.0,,,11.33,4.6,,,,7703.0,873.0,355.0
095570,AJ네트웍스,2026-07-08 05:27,2025.12,2026.12,2026.03,2026.06,7.42,0.46,628.0,10216.0,6.31,6.69,2.65,7.08,51.99,289.13,10701.0,715.0,283.0,8.53,0.47,501.0,9050.0,5.25,7.01,1.88,,,,11808.0,828.0,222.0,7.24,0.49,189.0,10256.0,7.07,7.62,2.97,1.58,41.84,291.89,2872.0,219.0,85.0,,,106.0,,,7.4,2.29,,,,2887.0,214.0,66.0
024800,유성티엔에스,2026-07-08 05:27,2025.12,2026.12,2026.03,2026.06,1.67,0.16,1480.0,15883.0,10.9,1.83,85.9,,,17.38,670.0,12.0,576.0,,,,,,,,,,,,,,2.85,0.25,193.0,16116.0,10.03,7.02,56.06,,,16.98,132.0,9.0,74.0,,,,,,,,,,,,,
084670,동양고속,2026-07-08 05:27,2025.12,2026.12,2026.03,2026.06,71.49,3.5,1024.0,20914.0,5.63,4.07,2.36,,,186.43,1252.0,51.0,30.0,,,,,,,,,,,,,,31.72,1.88,-67.0,20807.0,6.86,2.03,-0.65,,,183.03,306.0,6.0,-2.0,,,,,,,,,,,,,
000650,천일고속,2026-07-08 05:27,2025.12,2026.12,2026.03,2026.06,-89.59,52.49,-3935.0,6716.0,-47.52,-13.04,-12.35,,,458.61,456.0,-59.0,-56.0,,,,,,,,,,,,,,-55.39,38.61,-1294.0,5400.0,-54.67,-14.25,-16.57,,,580.25,112.0,-16.0,-18.0,,,,,,,,,,,,,
192080,더블유게임즈,2026-07-08 05:27,2025.12,2026.12,2026.03,2026.06,8.78,0.87,6106.0,61507.0,11.33,32.25,24.98,2.24,17.63,11.83,7199.0,2321.0,1798.0,7.14,0.94,9124.0,69614.0,15.21,33.87,29.9,,,,8385.0,2840.0,2507.0,6.93,0.76,2666.0,65806.0,12.71,33.4,35.88,2.24,71.11,12.67,2050.0,685.0,735.0,,,2077.0,,,33.82,26.94,,,,2071.0,700.0,558.0
094860,네오리진,2026-07-08 05:27,2025.12,2026.12,2026.03,2026.06,-2.04,1.06,-489.0,943.0,-41.8,-14.86,-35.7,,,68.34,310.0,-46.0,-111.0,,,,,,,,,,,,,,-4.52,1.04,149.0,1284.0,-22.46,-15.94,55.7,,,37.6,67.0,-11.0,37.0,,,,,,,,,,,,,
204610,티쓰리,2026-07-08 05:27,2025.12,2026.12,2026.03,2026.06,6.74,1.01,275.0,1837.0,17.72,24.48,29.58,7.57,43.25,12.91,695.0,170.0,206.0,11.65,,259.0,,,24.79,,,,,827.0,205.0,,8.73,1.42,74.0,1830.0,19.22,26.45,28.86,1.54,47.35,16.64,221.0,58.0,64.0,,,,,,,,,,,,,
023770,플레이위드,2026-07-08 05:27,2025.12,2026.12,2026.03,2026.06,-13.17,1.5,-227.0,2003.0,-10.85,-13.51,-5.79,,,68.12,347.0,-47.0,-20.0,,,,,,,,,,,,,,-57.63,1.5,68.0,2071.0,-2.6,-49.04,16.45,,,62.98,37.0,-18.0,6.0,,,,,,,,,,,,,
462870,시프트업,2026-07-08 05:27,2025.12,2026.12,2026.03,2026.06,10.89,2.24,3261.0,15882.0,22.71,61.59,64.99,,,17.6,2945.0,1814.0,1914.0,16.31,1.91,2137.0,18215.0,12.76,52.45,60.9,,,,2044.0,1072.0,1245.0,12.5,1.94,641.0,16507.0,24.74,45.46,79.89,,,14.44,473.0,215.0,378.0,,,451.0,,,54.2,50.57,,,,527.0,286.0,267.0
205500,넥써쓰,2026-07-08 05:27,2025.12,2026.12,2026.03,2026.06,-34.49,3.86,-56.0,504.0,-11.89,3.79,-9.06,,,145.85,367.0,14.0,-33.0,,,,,,,,,,,,,,-13.73,2.96,-49.0,554.0,-21.19,1.13,-26.17,,,127.87,116.0,1.0,-30.0,,,,,,,,,,,,,
047080,한빛소프트,2026-07-08 05:27,2025.12,2026.12,2026.03,2026.06,5.66,1.71,210.0,696.0,35.51,0.75,14.37,,,25.68,379.0,3.0,54.0,,,,,,,,,,,,,,4.25,1.59,113.0,812.0,46.14,25.49,32.25,,,21.85,86.0,22.0,28.0,,,,,,,,,,,,,
030350,드래곤플라이,2026-07-08 05:27,2025.12,2026.12,2026.03,2026.06,-1.53,2.74,-635.0,356.0,-94.25,-12.25,-55.77,,,139.33,159.0,-19.0,-89.0,,,,,,,,,,,,,,-1.62,3.0,-31.0,325.0,-98.07,-18.26,-16.7,,,178.05,29.0,-5.0,-5.0,,,,,,,,,,,,,
331520,밸로프,2026-07-08 05:27,2025.12,2026.12,2026.03,2026.06,16.1,0.87,178.0,3302.0,5.76,7.61,4.78,,,74.09,378.0,29.0,18.0,,,,,,,,,,,,,,7.88,0.74,101.0,3462.0,10.21,9.03,9.49,,,69.03,108.0,10.0,10.0,,,,,,,,,,,,,
042420,네오위즈홀딩스,2026-07-08 05:27,2025.12,2026.12,2026.03,2026.06,6.35,0.44,3946.0,56817.0,10.08,12.65,14.14,1.94,8.85,23.57,4368.0,552.0,618.0,,,,,,,,,,,,,,5.88,0.4,-121.0,56353.0,9.83,5.51,8.71,1.94,219.16,20.47,1016.0,56.0,88.0,,,,,,,,,,,,,
058630,엠게임,2026-07-08 05:27,2025.12,2026.12,2026.03,2026.06,7.75,0.89,820.0,7129.0,12.28,19.13,17.44,3.49,26.6,14.87,917.0,176.0,160.0,,,,,,,,,,,,,,6.54,0.69,236.0,7200.0,11.24,13.11,18.69,3.49,111.9,21.62,242.0,32.0,45.0,,,,,,,,,,,,,
052770,아이톡시,2026-07-08 05:27,2025.12,2026.12,2026.03,2026.06,-1.48,2.53,-521.0,305.0,-146.09,-86.37,-127.69,,,82.24,57.0,-49.0,-73.0,,,,,,,,,,,,,,-0.92,1.12,-27.0,279.0,-76.34,-48.01,-40.66,,,67.43,10.0,-5.0,-4.0,,,,,,,,,,,,,
950190,고스트스튜디오,2026-07-08 05:27,2025.12,2026.12,2026.03,2026.06,13.47,0.72,645.0,11997.0,5.48,13.62,6.99,6.38,85.1,10.01,1125.0,153.0,79.0,,,,,,,,,,,,,,13.33,0.65,333.0,12274.0,5.08,20.77,19.47,6.38,-175.16,13.81,209.0,43.0,41.0,,,,,,,,,,,,,
201490,미투온,2026-07-08 05:27,2025.12,2026.12,2026.03,2026.06,143.28,0.79,25.0,4588.0,0.52,10.43,3.06,,,9.38,1209.0,126.0,37.0,,,,,,,,,,,,,,332.32,0.58,42.0,4874.0,0.17,16.88,13.94,,,10.22,231.0,39.0,32.0,,,,,,,,,,,,,
078340,컴투스,2026-07-08 05:27,2025.12,2026.12,2026.03,2026.06,10.14,0.33,2865.0,86968.0,3.72,0.38,1.34,4.47,40.77,51.12,6964.0,26.0,94.0,11.69,0.3,2238.0,88306.0,2.7,4.36,2.31,,,,7127.0,311.0,165.0,21.28,0.37,-860.0,84820.0,1.91,3.55,-5.38,4.47,46.95,48.68,1447.0,51.0,-78.0,,,769.0,,,5.07,3.84,,,,1772.0,90.0,68.0
293490,카카오게임즈,2026-07-08 05:27,2025.12,2026.12,2026.03,2026.06,-12.57,1.12,-1186.0,13314.0,-7.93,-8.51,-30.77,,,123.44,4650.0,-396.0,-1431.0,-7.08,0.76,-1090.0,10123.0,-9.56,-18.98,-30.54,,,,4044.0,-768.0,-1235.0,-9.74,0.95,-334.0,12719.0,-8.74,-30.7,-47.64,,,134.96,829.0,-255.0,-395.0,,,-297.0,,,-35.63,-50.8,,,,778.0,-277.0,-395.0
225570,넥슨게임즈,2026-07-08 05:27,2025.12,2026.12,2026.03,2026.06,-12.79,2.96,-939.0,4052.0,-21.79,-33.59,-34.48,,,58.7,1793.0,-602.0,-618.0,,,,,,,,,,,,,,-9.16,3.08,-331.0,3757.0,-30.12,-50.84,-52.53,,,63.22,415.0,-211.0,-218.0,,,,,,,,,,,,,
095660,네오위즈,2026-07-08 05:27,2025.12,2026.12,2026.03,2026.06,10.63,0.9,2287.0,26889.0,9.81,13.86,10.42,1.25,11.98,22.23,4327.0,600.0,451.0,9.29,0.64,1982.0,28984.0,7.83,8.83,9.25,,,,4253.0,376.0,394.0,8.98,0.88,742.0,27406.0,11.42,6.85,15.26,1.25,218.4,18.27,1014.0,70.0,155.0,,,370.0,,,8.55,6.85,,,,1040.0,89.0,71.0
194480,데브시스터즈,2026-07-08 05:27,2025.12,2026.12,2026.03,2026.06,35.12,2.0,863.0,15161.0,6.61,2.15,3.65,,,78.65,2956.0,64.0,108.0,,,,,,,,,,,,,,-23.22,2.0,-1235.0,13813.0,-9.26,-29.71,-25.8,,,89.27,585.0,-174.0,-151.0,,,,,,,,,,,,,
123420,위메이드플레이,2026-07-08 05:27,2025.12,2026.12,2026.03,2026.06,4.55,0.3,1667.0,25565.0,7.38,8.58,16.74,,,14.34,1253.0,107.0,210.0,,,,,,,,,,,,,,3.66,0.26,534.0,26102.0,7.92,10.47,18.99,,,18.44,324.0,34.0,61.0,,,,,,,,,,,,,
348030,모비릭스,2026-07-08 05:27,2025.12,2026.12,2026.03,2026.06,-2.71,0.63,-1182.0,5069.0,-21.21,-22.48,-28.61,,,7.07,397.0,-89.0,-114.0,,,,,,,,,,,,,,-3.51,0.51,159.0,5227.0,-13.71,14.01,21.14,,,8.85,72.0,10.0,15.0,,,,,,,,,,,,,
052790,액토즈소프트,2026-07-08 05:27,2025.12,2026.12,2026.03,2026.06,2.19,0.26,2795.0,23519.0,12.77,40.88,45.28,,,47.63,699.0,286.0,317.0,,,,,,,,,,,,,,1.63,0.21,460.0,24765.0,14.77,18.72,51.37,,,47.44,101.0,19.0,52.0,,,,,,,,,,,,,
069080,웹젠,2026-07-08 05:27,2025.12,2026.12,2026.03,2026.06,18.61,0.55,693.0,23519.0,3.55,17.04,13.49,5.43,84.69,12.31,1744.0,297.0,235.0,10.64,0.46,1078.0,25028.0,4.99,18.13,17.07,,,,1989.0,360.0,340.0,13.17,0.52,257.0,23133.0,4.73,13.66,22.42,5.43,291.34,15.69,394.0,54.0,88.0,,,202.0,,,18.41,20.77,,,,467.0,86.0,97.0
217270,넵튠,2026-07-08 05:27,2025.12,2026.12,2026.03,2026.06,-5.96,0.73,-860.0,7036.0,-11.74,2.03,-33.14,,,13.73,1225.0,25.0,-406.0,,,,,,,,,,,,,,-4.62,0.56,131.0,7173.0,-11.67,5.47,18.55,,,17.66,314.0,17.0,58.0,,,,,,,,,,,,,
063080,컴투스홀딩스,2026-07-08 05:27,2025.12,2026.12,2026.03,2026.06,9.59,0.41,1661.0,38461.0,4.44,-6.88,37.55,,,105.51,992.0,-68.0,373.0,,,,,,,,,,,,,,24.55,0.49,-1745.0,34109.0,1.94,-56.72,-66.68,,,120.07,171.0,-97.0,-114.0,,,,,,,,,,,,,
067000,조이시티,2026-07-08 05:27,2025.12,2026.12,2026.03,2026.06,-15.56,1.66,-132.0,1240.0,-10.13,4.04,-7.4,,,144.79,1404.0,57.0,-104.0,,,,,,,,,,,,,,-16.28,1.86,6.0,1247.0,-10.84,0.74,0.11,,,147.14,422.0,3.0,0.0,,,,,,,,,,,,,
227840,현대코퍼레이션홀딩스,2026-07-08 05:27,2025.12,2026.12,2026.03,2026.06,3.02,0.34,4028.0,36290.0,11.89,8.54,14.45,4.11,12.03,24.38,2502.0,214.0,362.0,,,,,,,,,,,,,,3.02,0.32,1017.0,37688.0,11.36,7.72,11.42,4.11,43.59,24.92,806.0,62.0,92.0,,,,,,,,,,,,,
250000,보라티알,2026-07-08 05:27,2025.12,2026.12,2026.03,2026.06,233.47,0.59,34.0,13583.0,0.25,8.94,0.22,5.03,1138.17,154.15,1023.0,91.0,2.0,,,,,,,,,,,,,,157.46,0.61,-60.0,12670.0,0.38,5.84,-1.58,5.03,-288.19,179.57,258.0,15.0,-4.0,,,,,,,,,,,,,
006880,신송홀딩스,2026-07-08 05:27,2025.12,2026.12,2026.03,2026.06,22.4,0.69,308.0,9983.0,3.41,5.49,1.88,1.74,35.58,152.08,1878.0,103.0,35.0,,,,,,,,,,,,,,14.94,0.68,228.0,10132.0,5.1,6.02,5.99,1.74,55.46,137.61,456.0,27.0,27.0,,,,,,,,,,,,,
223310,사토시홀딩스,2026-07-08 05:27,2025.12,2026.12,2026.03,2026.06,-1.78,3.55,-6519.0,3265.0,-165.15,-39.57,-166.83,,,300.8,189.0,-75.0,-315.0,,,,,,,,,,,,,,-0.95,5.78,-1971.0,1281.0,-281.96,-23.02,-166.03,,,791.96,62.0,-14.0,-104.0,,,,,,,,,,,,,
004590,한국가구,2026-07-08 05:27,2025.12,2026.12,2026.03,2026.06,5.04,0.37,952.0,13102.0,7.46,12.38,10.07,4.27,21.54,26.44,1416.0,175.0,143.0,,,,,,,,,,,,,,5.11,0.37,314.0,13260.0,7.42,13.65,10.61,3.54,68.0,31.97,443.0,60.0,47.0,,,,,,,,,,,,,
311390,네오크레마,2026-07-08 05:27,2025.12,2026.12,2026.03,2026.06,24.91,1.0,236.0,5846.0,4.13,6.6,6.31,0.85,21.07,24.26,819.0,54.0,52.0,,,,,,,,,,,,,,27.36,0.72,11.0,5802.0,2.69,3.49,9.88,0.85,-122.58,26.6,191.0,7.0,19.0,,,,,,,,,,,,,
047820,초록뱀미디어,2026-07-08 05:27,2025.12,2026.12,2026.03,2026.06,39.13,0.41,115.0,11069.0,1.05,1.65,1.79,,,29.78,1722.0,28.0,31.0,,,,,,,,,,,,,,409.45,0.4,-76.0,10993.0,0.1,-3.24,-9.42,,,30.08,246.0,-8.0,-23.0,,,,,,,,,,,,,
104200,NHN벅스,2026-07-08 05:27,2025.12,2026.12,2026.03,2026.06,-7.15,0.8,-420.0,3749.0,-11.6,-1.64,-13.86,,,31.8,449.0,-7.0,-62.0,,,,,,,,,,,,,,-10.51,0.98,32.0,3783.0,-9.73,1.64,4.46,,,29.65,107.0,2.0,5.0,,,,,,,,,,,,,
322780,코퍼스코리아,2026-07-08 05:27,2025.12,2026.12,2026.03,2026.06,-2.58,1.47,-1705.0,2990.0,-47.11,-21.56,-41.33,0.51,11.18,163.12,329.0,-71.0,-136.0,,,,,,,,,,,,,,-1.53,0.79,-10.0,2949.0,-43.55,-23.09,-1.39,,,146.4,108.0,-25.0,-2.0,,,,,,,,,,,,,
200350,아티스트스튜디오,2026-07-08 05:27,2025.12,2026.12,2026.03,2026.06,-12.06,1.14,-470.0,4955.0,-9.06,-20.57,-32.14,,,4.63,146.0,-30.0,-47.0,,,,,,,,,,,,,,-9.82,0.9,-19.0,4938.0,-8.81,-33.86,-14.79,,,12.23,13.0,-4.0,-2.0,,,,,,,,,,,,,
310200,애니플러스,2026-07-08 05:27,2025.12,2026.12,2026.03,2026.06,13.71,1.46,246.0,2310.0,10.39,15.09,9.34,2.08,27.61,111.74,1503.0,227.0,140.0,,,,,,,,,,,,,,14.43,1.17,33.0,2355.0,8.11,8.17,7.42,1.54,196.97,87.13,296.0,24.0,22.0,,,,,,,,,,,,,
032800,판타지오,2026-07-08 05:27,2025.06,2026.06,2026.03,2026.06,-3.23,0.59,-1000.0,5473.0,-17.21,-21.03,-24.09,,,80.76,382.0,-80.0,-92.0,,,,,,,,,,,,,,-1.23,0.36,-270.0,4942.0,-26.14,-37.04,-41.61,,,111.69,60.0,-22.0,-25.0,,,,,,,,,,,,,
173940,에프엔씨엔터,2026-07-08 05:27,2025.12,2026.12,2026.03,2026.06,-5.38,3.17,-767.0,1303.0,-47.06,-0.6,-11.54,,,464.42,1024.0,-6.0,-118.0,-8.92,1.12,-240.0,1923.0,-15.37,2.22,-3.04,,,,1215.0,27.0,-37.0,-9.37,2.51,108.0,1489.0,-24.75,2.95,6.08,,,418.15,272.0,8.0,17.0,,,,,,,,,,,,,
078860,스테이지원엔터,2026-07-08 05:27,2025.12,2026.12,2026.03,2026.06,-3.93,1.01,-2959.0,11567.0,-23.34,-65.61,-142.38,,,23.6,122.0,-80.0,-174.0,,,,,,,,,,,,,,-3.71,0.47,857.0,12446.0,-12.16,-140.89,516.46,,,20.66,10.0,-14.0,51.0,,,,,,,,,,,,,
066790,씨씨에스,2026-07-08 05:27,2025.12,2026.12,2026.03,2026.06,-10.72,3.55,-139.0,420.0,-30.3,-27.48,-49.66,,,16.39,183.0,-50.0,-91.0,,,,,,,,,,,,,,-9.35,3.85,-30.0,388.0,-36.3,-50.15,-45.75,,,17.15,42.0,-21.0,-19.0,,,,,,,,,,,,,
058450,한주에이알티,2026-07-08 05:27,2025.12,2026.12,2026.03,2026.06,-1.3,1.35,-2827.0,2713.0,-68.84,-95.32,-166.32,,,153.22,63.0,-60.0,-105.0,,,,,,,,,,,,,,-1.33,0.88,-492.0,3647.0,-53.9,-36.59,-39.56,,,131.6,73.0,-27.0,-29.0,,,,,,,,,,,,,
044480,빌리언스,2026-07-08 05:27,2025.12,2026.12,2026.03,2026.06,-2.26,0.97,-654.0,1520.0,-30.63,-3.3,-29.02,,,98.64,253.0,-8.0,-73.0,,,,,,,,,,,,,,-3.56,1.19,-8.0,1310.0,-26.93,1.89,-1.65,,,105.97,79.0,1.0,-1.0,,,,,,,,,,,,,
040300,YTN,2026-07-08 05:27,2025.12,2026.12,2026.03,2026.06,-12.07,0.77,-309.0,4834.0,-6.26,-10.14,-10.57,,,51.88,1342.0,-136.0,-142.0,,,,,,,,,,,,,,-9.49,0.64,-118.0,4715.0,-6.8,-26.26,-21.0,,,49.1,269.0,-71.0,-56.0,,,,,,,,,,,,,
035620,바른손이앤에이,2026-07-08 05:27,2025.12,2026.12,2026.03,2026.06,-4.36,0.51,-370.0,3187.0,-10.88,-19.62,-59.4,,,76.23,116.0,-23.0,-69.0,,,,,,,,,,,,,,-2.65,0.34,-6.0,3171.0,-11.91,-4.73,-4.71,,,74.62,23.0,-1.0,-1.0,,,,,,,,,,,,,
048910,대원미디어,2026-07-08 05:27,2025.12,2026.12,2026.03,2026.06,18.1,0.94,436.0,8448.0,5.51,2.9,1.58,0.83,19.45,72.2,3428.0,100.0,54.0,5.98,0.53,795.0,9005.0,9.39,3.61,2.5,,,,3600.0,130.0,90.0,13.22,0.85,87.0,8515.0,6.91,1.9,1.24,,,83.34,1025.0,19.0,13.0,,,,,,,,,,,,,
086980,쇼박스,2026-07-08 05:27,2025.12,2026.12,2026.03,2026.06,-10.14,1.41,-240.0,1721.0,-12.56,-18.57,-23.98,4.76,34.15,23.68,627.0,-117.0,-150.0,,,,,,,,,,,,,,38.88,1.33,286.0,2008.0,3.49,27.48,22.7,,,68.23,789.0,217.0,179.0,,,,,,,,,,,,,
037270,YG PLUS,2026-07-08 05:27,2025.12,2026.12,2026.03,2026.06,20.61,2.45,353.0,2963.0,12.69,13.7,10.01,0.41,8.52,40.71,2360.0,323.0,236.0,,,,,,,,,,,,,,14.37,1.69,104.0,3038.0,12.48,9.87,13.04,0.41,115.6,52.34,535.0,53.0,70.0,,,,,,,,,,,,,
037560,LG헬로비전,2026-07-08 05:27,2025.12,2026.12,2026.03,2026.06,102.0,0.4,23.0,5845.0,0.4,1.48,0.14,3.51,-20.49,179.64,12657.0,187.0,18.0,6.4,0.27,256.0,6087.0,4.29,2.58,1.73,,,,11490.0,296.0,198.0,93.99,0.38,39.0,5884.0,0.4,1.99,1.18,,,169.84,2554.0,51.0,30.0,,,96.0,,,3.4,2.51,,,,2962.0,101.0,74.0
079160,CJ CGV,2026-07-08 05:27,2025.12,2026.12,2026.03,2026.06,-6.85,1.73,-868.0,3444.0,-22.79,4.23,-6.3,,,533.92,22754.0,962.0,-1434.0,-14.19,1.59,-319.0,2848.0,-10.15,4.6,-1.45,,,,23925.0,1100.0,-347.0,-5.44,2.03,-243.0,2366.0,-27.9,1.52,-4.44,,,835.23,5734.0,87.0,-254.0,,,-153.0,,,3.7,-3.89,,,,5455.0,202.0,-212.0
058400,KNN,2026-07-08 05:27,2025.12,2026.12,2026.03,2026.06,8.33,0.41,85.0,1720.0,5.02,4.66,16.5,3.54,29.49,7.8,685.0,32.0,113.0,,,,,,,,,,,,,,5.53,0.42,52.0,1746.0,7.78,-0.66,52.34,3.54,57.6,6.77,131.0,-1.0,68.0,,,,,,,,,,,,,
039340,한국경제TV,2026-07-08 05:27,2025.12,2026.12,2026.03,2026.06,45.07,0.62,123.0,9011.0,1.87,-3.13,3.68,2.7,88.16,13.15,759.0,-24.0,28.0,,,,,,,,,,,,,,27.83,0.56,43.0,8888.0,2.75,2.09,3.74,2.7,-507.37,16.74,258.0,5.0,10.0,,,,,,,,,,,,,
043610,KT지니뮤직,2026-07-08 05:27,2025.12,2026.12,2026.03,2026.06,-3.96,0.76,-474.0,2474.0,-17.81,5.34,-6.11,,,55.72,3029.0,162.0,-185.0,,,,,,,,,,,,,,-3.7,0.68,24.0,2499.0,-17.1,6.6,4.85,,,54.76,752.0,50.0,36.0,,,,,,,,,,,,,
419530,SAMG엔터,2026-07-08 05:27,2025.12,2026.12,2026.03,2026.06,12.51,4.68,3306.0,8830.0,54.69,16.02,21.34,,,62.64,1413.0,226.0,301.0,9.0,2.13,2734.0,11561.0,28.85,19.89,16.91,,,,1634.0,325.0,276.0,10.3,3.7,459.0,8590.0,50.06,10.32,12.25,,,40.11,377.0,39.0,46.0,,,426.0,,,14.29,10.2,,,,392.0,56.0,40.0
369370,블리츠웨이엔터테인먼트,2026-07-08 05:27,2025.12,2026.12,2026.03,2026.06,-5.26,3.83,-260.0,357.0,-55.21,-29.96,-44.52,,,124.5,302.0,-90.0,-134.0,,,,,,,,,,,,,,-4.62,3.8,-40.0,334.0,-61.55,-33.43,-30.61,,,135.53,71.0,-24.0,-22.0,,,,,,,,,,,,,
006490,인스코비,2026-07-08 05:27,2025.12,2026.12,2026.03,2026.06,-1.87,5.22,-339.0,121.0,-132.83,3.86,-39.49,,,276.33,1056.0,41.0,-417.0,,,,,,,,,,,,,,-1.56,2.06,9.0,125.0,-92.67,-6.22,4.47,,,261.21,242.0,-15.0,11.0,,,,,,,,,,,,,
065530,와이어블,2026-07-08 05:27,2025.12,2026.12,2026.03,2026.06,15.26,0.83,89.0,1631.0,5.91,7.25,6.02,3.69,52.59,78.87,755.0,55.0,45.0,,,,,,,,,,,,,,16.64,1.15,22.0,1603.0,7.38,11.15,8.79,3.69,75.85,78.3,120.0,13.0,10.0,,,,,,,,,,,,,
356890,싸이버원,2026-07-08 05:27,2025.12,2026.12,2026.03,2026.06,-39.01,1.18,-101.0,3342.0,-2.97,1.23,-3.76,0.89,-34.63,10.3,337.0,4.0,-13.0,,,,,,,,,,,,,,-39.77,0.91,15.0,3323.0,-2.25,-2.74,0.75,0.89,-20.17,10.99,73.0,-2.0,1.0,,,,,,,,,,,,,
372800,아이티아이즈,2026-07-08 05:27,2025.12,2026.12,2026.03,2026.06,-3.05,3.18,-1575.0,1507.0,-70.73,-6.91,-13.25,,,298.95,781.0,-54.0,-103.0,,,,,,,,,,,,,,-2.6,2.17,-407.0,1865.0,-68.17,-14.81,-15.83,,,159.66,187.0,-28.0,-30.0,,,,,,,,,,,,,
294570,쿠콘,2026-07-08 05:27,2025.12,2026.12,2026.03,2026.06,13.49,1.67,2105.0,16970.0,13.54,27.15,30.93,1.06,14.03,83.88,695.0,189.0,215.0,8.85,1.08,2140.0,17577.0,12.43,28.3,29.53,,,,732.0,207.0,216.0,11.36,1.53,736.0,17674.0,14.82,27.92,46.39,1.06,385.7,87.36,160.0,45.0,74.0,,,476.0,,,28.25,27.12,,,,177.0,50.0,48.0
373170,엠아이큐브솔루션,2026-07-08 05:27,2025.12,2026.12,2026.03,2026.06,21.64,1.49,108.0,1570.0,7.11,3.46,6.37,2.85,61.79,35.99,256.0,9.0,16.0,,,,,,,,,,,,,,25.84,1.72,-44.0,1458.0,6.71,-18.88,-14.87,2.85,56.73,37.66,44.0,-8.0,-7.0,,,,,,,,,,,,,
012030,DB,2026-07-08 05:27,2025.12,2026.12,2026.03,2026.06,6.03,0.63,244.0,2351.0,11.67,6.46,7.68,,,119.77,6435.0,416.0,494.0,,,,,,,,,,,,,,5.57,0.62,148.0,2589.0,12.67,11.23,17.81,,,107.72,1668.0,187.0,297.0,,,,,,,,,,,,,
039420,케이엘넷,2026-07-08 05:27,2025.12,2026.12,2026.03,2026.06,7.47,0.89,385.0,3239.0,14.85,22.03,21.14,3.48,21.96,13.58,476.0,105.0,101.0,,,,,,,,,,,,,,7.37,0.84,97.0,3258.0,14.37,20.41,23.09,3.48,121.34,14.69,114.0,23.0,26.0,,,,,,,,,,,,,
163730,핑거,2026-07-08 05:27,2025.12,2026.12,2026.03,2026.06,316.95,2.02,32.0,4960.0,0.64,1.6,0.36,1.0,312.07,41.73,916.0,15.0,3.0,20.49,2.34,481.0,4211.0,11.06,4.87,3.93,,,,1500.0,73.0,59.0,-520.79,1.91,5.0,4852.0,-0.37,-1.59,-0.21,1.0,-41.91,40.37,205.0,-3.0,-0.0,,,,,,,,,,,,,
067730,로지시스,2026-07-08 05:27,2025.12,2026.12,2026.03,2026.06,7.8,1.23,342.0,2173.0,16.63,5.94,6.81,5.63,43.91,42.09,485.0,29.0,33.0,,,,,,,,,,,,,,7.48,1.22,107.0,2141.0,17.25,9.21,9.06,5.63,157.05,51.95,115.0,11.0,10.0,,,,,,,,,,,,,
452450,피아이이,2026-07-08 05:27,2025.12,2026.12,2026.03,2026.06,-11.01,4.4,-626.0,1566.0,-41.21,-32.6,-37.81,,,166.65,651.0,-212.0,-246.0,,,,,,,,,,,,,,-7.82,3.17,-62.0,1497.0,-35.94,-31.54,-31.9,,,164.92,98.0,-31.0,-31.0,,,,,,,,,,,,,
054220,비츠로시스,2026-07-08 05:27,2025.12,2026.12,2026.03,2026.06,15.41,1.23,127.0,1596.0,8.29,0.13,3.39,,,180.68,448.0,1.0,15.0,,,,,,,,,,,,,,15.9,1.6,39.0,1662.0,10.51,0.49,3.06,,,135.12,153.0,1.0,5.0,,,,,,,,,,,,,
443670,에스피소프트,2026-07-08 05:27,2025.12,2026.12,2026.03,2026.06,35.16,1.97,155.0,2772.0,5.85,6.64,7.0,,,17.42,545.0,36.0,38.0,,,,,,,,,,,,,,24.07,1.5,37.0,2760.0,6.48,6.56,7.04,,,24.87,129.0,8.0,9.0,,,,,,,,,,,,,
234340,헥토파이낸셜,2026-07-08 05:27,2025.12,2026.12,2026.03,2026.06,23.22,1.22,664.0,12613.0,5.89,8.31,4.71,1.43,32.19,196.56,1874.0,156.0,88.0,12.14,1.41,1553.0,13331.0,12.23,11.92,9.47,,,,2221.0,265.0,210.0,24.35,1.85,526.0,12723.0,8.42,15.9,11.86,1.43,-670.35,207.05,575.0,91.0,68.0,,,315.0,,,9.95,7.15,,,,518.0,52.0,37.0
336060,웨이버스,2026-07-08 05:27,2025.12,2026.12,2026.03,2026.06,17.71,1.13,57.0,890.0,6.68,2.84,3.91,,,32.75,702.0,20.0,27.0,,,,,,,,,,,,,,26.04,1.14,-40.0,853.0,4.53,-18.95,-17.19,,,40.71,112.0,-21.0,-19.0,,,,,,,,,,,,,
046440,KG파이낸셜,2026-07-08 05:27,2025.12,2026.12,2026.03,2026.06,7.71,0.48,609.0,9858.0,6.66,14.17,9.68,5.32,38.78,54.67,2338.0,331.0,226.0,4.54,0.38,889.0,10566.0,9.18,17.87,12.69,,,,2529.0,452.0,321.0,8.52,0.49,109.0,9724.0,6.17,11.21,6.42,5.32,193.0,66.29,625.0,70.0,40.0,,,,,,,,,,,,,
032680,소프트센,2026-07-08 05:27,2025.12,2026.12,2026.03,2026.06,-15.28,0.64,-101.0,2430.0,-4.15,-0.45,-1.8,,,40.61,548.0,-2.0,-10.0,,,,,,,,,,,,,,-16.16,0.47,-22.0,2535.0,-2.98,1.55,-2.91,,,34.27,105.0,2.0,-3.0,,,,,,,,,,,,,
367000,플래티어,2026-07-08 05:27,2025.12,2026.12,2026.03,2026.06,-7.76,1.05,-540.0,4005.0,-13.06,-11.51,-11.66,,,73.95,389.0,-45.0,-45.0,,,,,,,,,,,,,,-8.36,1.02,-141.0,3860.0,-13.06,-16.1,-13.72,,,45.59,86.0,-14.0,-12.0,,,,,,,,,,,,,
391710,코닉오토메이션,2026-07-08 05:27,2025.12,2026.12,2026.03,2026.06,-33.28,3.97,-69.0,577.0,-11.44,-9.11,-9.64,,,96.36,301.0,-27.0,-29.0,,,,,,,,,,,,,,-50.25,3.03,-2.0,577.0,-5.98,2.32,-1.04,,,81.47,86.0,2.0,-1.0,,,,,,,,,,,,,
462860,더즌,2026-07-08 05:27,2025.12,2026.12,2026.03,2026.06,23.95,3.7,158.0,1022.0,19.29,22.72,17.91,0.79,19.5,162.44,600.0,136.0,107.0,,,,,,,,,,,,,,19.56,3.06,44.0,1046.0,16.64,24.84,19.55,0.53,66.9,165.61,157.0,39.0,31.0,,,,,,,,,,,,,
279600,미디어젠,2026-07-08 05:27,2025.12,2026.12,2026.03,2026.06,-12.2,2.1,-580.0,3363.0,-16.08,-9.8,-11.92,,,153.49,228.0,-22.0,-27.0,,,,,,,,,,,,,,-7.33,2.14,-437.0,2938.0,-25.87,-58.08,-60.88,,,190.29,34.0,-20.0,-20.0,,,,,,,,,,,,,
035510,신세계 I&C,2026-07-08 05:27,2025.12,2026.12,2026.03,2026.06,8.24,0.49,1968.0,32954.0,6.73,7.15,4.12,3.45,25.98,33.05,6872.0,491.0,283.0,,,,,,,,,,,,,,8.84,0.55,734.0,33160.0,6.89,6.97,5.75,3.45,-136.19,34.88,1786.0,124.0,103.0,,,,,,,,,,,,,
033230,인성정보,2026-07-08 05:27,2025.12,2026.12,2026.03,2026.06,-27.0,1.03,-66.0,1738.0,-3.83,-1.25,-1.49,,,157.83,3427.0,-43.0,-51.0,,,,,,,,,,,,,,-55.94,0.92,-28.0,1708.0,-1.67,-2.65,-2.38,,,158.37,746.0,-20.0,-18.0,,,,,,,,,,,,,
093320,케이아이엔엑스,2026-07-08 05:27,2025.12,2026.12,2026.03,2026.06,34.56,2.87,3504.0,42214.0,8.69,15.0,12.29,0.5,16.97,36.25,1592.0,239.0,196.0,,,,,,,,,,,,,,23.0,2.34,1462.0,42737.0,10.68,20.84,18.16,0.5,44.44,38.73,425.0,89.0,77.0,,,,,,,,,,,,,
065440,이루온,2026-07-08 05:27,2025.12,2026.12,2026.03,2026.06,24.44,0.74,59.0,1942.0,3.17,2.49,2.6,,,52.73,616.0,15.0,16.0,,,,,,,,,,,,,,-645.03,1.1,-39.0,1906.0,-0.18,-10.71,-9.23,,,53.28,111.0,-12.0,-10.0,,,,,,,,,,,,,
034310,NICE,2026-07-08 05:27,2025.12,2026.12,2026.03,2026.06,12.8,0.6,1015.0,21761.0,4.98,6.11,2.36,4.31,52.0,162.04,32426.0,1981.0,766.0,,,,,,,,,,,,,,10.97,0.61,390.0,21520.0,5.87,5.38,4.41,4.31,-824.1,172.9,7888.0,424.0,348.0,,,,,,,,,,,,,
286940,롯데이노베이트,2026-07-08 05:27,2025.12,2026.12,2026.03,2026.06,29.47,0.69,657.0,28166.0,2.35,2.68,0.35,3.62,106.55,104.08,11698.0,314.0,41.0,10.8,0.6,1619.0,29347.0,5.63,3.42,1.92,,,,12020.0,410.0,231.0,26.57,0.71,395.0,28022.0,2.71,3.46,1.45,3.62,-335.92,88.4,2812.0,97.0,41.0,,,,,,3.04,1.42,,,,2896.0,88.0,41.0
234300,에스트래픽,2026-07-08 05:27,2025.12,2026.12,2026.03,2026.06,19.89,0.93,176.0,3783.0,4.84,5.32,2.94,4.0,77.86,69.07,1682.0,90.0,49.0,,,,,,,,,,,,,,60.86,0.91,-88.0,3584.0,1.5,-27.44,-15.52,4.0,54.34,65.06,155.0,-43.0,-24.0,,,,,,,,,,,,,
340440,세림B&G,2026-07-08 05:27,2025.12,2026.12,2026.03,2026.06,22.16,1.15,66.0,1267.0,5.34,1.9,3.89,4.41,61.04,42.58,480.0,9.0,19.0,,,,,,,,,,,,,,24.62,1.41,15.0,1282.0,5.91,2.91,3.36,,,47.2,131.0,4.0,4.0,,,,,,,,,,,,,
016100,리더스코스메틱,2026-07-08 05:27,2025.12,2026.12,2026.03,2026.06,-4.44,1.24,-436.0,1557.0,-25.26,-10.38,-12.14,,,142.96,683.0,-71.0,-83.0,,,,,,,,,,,,,,-3.52,0.47,-102.0,3217.0,-17.16,-13.52,-11.37,,,67.08,172.0,-23.0,-20.0,,,,,,,,,,,,,
460870,에스엠씨지,2026-07-08 05:27,2025.12,2026.12,2026.03,2026.06,54.22,1.77,70.0,2138.0,3.83,8.86,2.39,,,70.85,558.0,49.0,13.0,11.75,0.98,194.0,2324.0,8.94,9.49,5.87,,,,664.0,63.0,39.0,20.9,1.91,47.0,2174.0,9.99,9.02,6.23,,,75.67,150.0,14.0,9.0,,,,,,,,,,,,,
002310,아세아제지,2026-07-08 05:27,2025.12,2026.12,2026.03,2026.06,11.24,0.36,709.0,22004.0,3.52,3.18,3.46,3.14,32.5,22.38,8551.0,272.0,296.0,,,,,,,,,,,,,,13.67,0.37,200.0,22885.0,3.06,4.62,3.72,2.51,226.26,26.31,2171.0,100.0,81.0,,,,,,,,,,,,,
023600,삼보판지,2026-07-08 05:27,2025.12,2026.12,2026.03,2026.06,5.78,0.26,1673.0,37462.0,4.6,5.54,5.89,2.17,12.47,28.32,5399.0,299.0,318.0,,,,,,,,,,,,,,5.93,0.25,351.0,37682.0,4.38,4.07,4.99,2.17,60.79,28.18,1311.0,53.0,65.0,,,,,,,,,,,,,
251970,펌텍코리아,2026-07-08 05:27,2025.12,2026.12,2026.03,2026.06,18.76,2.19,2778.0,23753.0,12.3,15.19,10.77,0.86,16.2,28.14,3720.0,565.0,401.0,12.31,1.63,3510.0,26485.0,13.98,15.53,12.73,,,,4163.0,647.0,530.0,15.75,1.91,1021.0,24311.0,12.81,14.13,20.53,0.86,410.77,31.51,918.0,130.0,188.0,,,1024.0,,,17.51,11.86,,,,1101.0,193.0,131.0
004255,NPC우,2026-07-08 05:27,2025.12,2026.12,2026.03,2026.06,12.27,0.32,308.0,11789.0,2.92,5.24,2.87,4.42,31.14,39.15,4503.0,236.0,129.0,,,,,,,,,,,,,,10.48,0.32,109.0,11885.0,3.48,5.66,4.16,4.42,843.69,42.56,1100.0,62.0,46.0,,,,,,,,,,,,,
037230,한국팩키지,2026-07-08 05:27,2025.12,2026.12,2026.03,2026.06,10.24,0.52,191.0,3754.0,5.19,4.44,2.54,2.56,26.18,96.12,2241.0,99.0,57.0,,,,,,,,,,,,,,15.52,0.75,24.0,3711.0,4.89,2.15,1.3,2.56,-5597.24,100.19,550.0,12.0,7.0,,,,,,,,,,,,,
005820,원림,2026-07-08 05:27,2025.12,2026.12,2026.03,2026.06,9.19,0.24,1622.0,61531.0,2.98,4.93,5.78,3.09,25.39,19.33,897.0,44.0,52.0,,,,,,,,,,,,,,9.67,0.24,290.0,61428.0,2.86,5.9,5.88,3.09,77.62,21.9,207.0,12.0,12.0,,,,,,,,,,,,,
004450,삼화왕관,2026-07-08 05:27,2025.12,2026.12,2026.03,2026.06,14.72,0.47,1991.0,61829.0,3.73,4.15,2.63,4.1,52.24,80.87,1629.0,68.0,43.0,,,,,,,,,,,,,,11.7,0.44,1274.0,63004.0,4.37,4.5,6.98,2.39,323.7,82.24,393.0,18.0,27.0,,,,,,,,,,,,,
263920,휴엠앤씨,2026-07-08 05:27,2025.12,2026.12,2026.03,2026.06,24.1,0.83,160.0,4640.0,3.51,4.75,3.0,5.18,124.86,35.78,523.0,25.0,16.0,,,,,,,,,,,,,,18.49,0.9,92.0,4531.0,4.9,5.67,6.23,5.18,306.54,44.59,145.0,8.0,9.0,,,,,,,,,,,,,
014825,동원시스템즈우,2026-07-08 05:27,2025.12,2026.12,2026.03,2026.06,13.65,0.85,1835.0,29468.0,6.33,4.82,3.91,3.62,32.73,77.44,13729.0,662.0,537.0,,,,,,,,,,,,,,12.32,0.83,553.0,30028.0,6.94,3.86,4.79,1.67,73.28,82.05,3378.0,130.0,162.0,,,,,,,,,,,,,
014970,삼륭물산,2026-07-08 05:27,2025.12,2026.12,2026.03,2026.06,18.82,1.95,400.0,3863.0,11.04,6.92,6.41,1.39,25.72,75.7,943.0,65.0,60.0,,,,,,,,,,,,,,23.85,2.33,36.0,3794.0,10.34,2.83,2.27,1.39,72.69,80.58,239.0,7.0,5.0,,,,,,,,,,,,,
011280,태림포장,2026-07-08 05:27,2025.12,2026.12,2026.03,2026.06,-14.78,0.44,-132.0,4398.0,-3.05,-0.66,-1.22,2.07,68.25,112.11,7539.0,-50.0,-92.0,,,,,,,,,,,,,,-14.18,0.48,-75.0,4319.0,-3.46,-1.89,-2.55,,,118.92,1871.0,-35.0,-48.0,,,,,,,,,,,,,
008870,금비,2026-07-08 05:27,2025.09,2026.09,2026.03,2026.06,27.34,0.61,2158.0,96925.0,2.58,1.33,1.52,2.03,45.51,124.54,2524.0,34.0,38.0,,,,,,,,,,,,,,41.62,0.49,349.0,91023.0,1.26,1.09,2.49,1.12,143.18,115.51,585.0,6.0,15.0,,,,,,,,,,,,,
272550,삼양패키징,2026-07-08 05:27,2025.12,2026.12,2026.03,2026.06,11.85,0.53,1149.0,25622.0,4.61,5.87,4.2,3.67,42.67,68.17,4202.0,246.0,177.0,,,,,,,,,,,,,,9.22,0.49,-88.0,25320.0,5.48,0.49,-1.42,3.67,-164.13,79.99,933.0,5.0,-13.0,,,,,,,,,,,,,
049830,승일,2026-07-08 05:27,2025.12,2026.12,2026.03,2026.06,20.97,0.34,410.0,25458.0,1.68,1.61,1.78,1.74,35.23,23.66,1415.0,23.0,25.0,,,,,,,,,,,,,,22.13,0.29,196.0,25512.0,1.37,1.2,3.4,1.74,-162.24,24.77,353.0,4.0,12.0,,,,,,,,,,,,,
016590,신대양제지,2026-07-08 05:27,2025.12,2026.12,2026.03,2026.06,23.18,0.64,566.0,20359.0,3.83,3.48,3.48,1.72,29.17,27.98,6395.0,222.0,223.0,,,,,,,,,,,,,,21.28,0.64,226.0,20442.0,4.2,2.41,5.05,1.72,526.02,29.24,1565.0,38.0,79.0,,,,,,,,,,,,,
004250,NPC,2026-07-08 05:27,2025.12,2026.12,2026.03,2026.06,12.27,0.32,308.0,11789.0,2.92,5.24,2.87,2.78,31.14,39.15,4503.0,236.0,129.0,,,,,,,,,,,,,,10.48,0.32,109.0,11885.0,3.48,5.66,4.16,2.78,843.69,42.56,1100.0,62.0,46.0,,,,,,,,,,,,,
014160,대영포장,2026-07-08 05:27,2025.12,2026.12,2026.03,2026.06,77.69,0.58,14.0,1865.0,0.81,0.31,0.53,,,35.88,2837.0,9.0,15.0,,,,,,,,,,,,,,-237.32,0.63,-20.0,1844.0,-0.28,-3.34,-3.18,,,38.12,674.0,-23.0,-21.0,,,,,,,,,,,,,
014820,동원시스템즈,2026-07-08 05:27,2025.12,2026.12,2026.03,2026.06,13.65,0.85,1835.0,29468.0,6.33,4.82,3.91,2.4,32.73,77.44,13729.0,662.0,537.0,,,,,,,,,,,,,,12.32,0.83,553.0,30028.0,6.94,3.86,4.79,1.2,73.28,82.05,3378.0,130.0,162.0,,,,,,,,,,,,,
002870,신풍,2026-07-08 05:27,2025.12,2026.12,2026.03,2026.06,19.67,0.42,57.0,2658.0,2.75,-9.47,8.26,2.4,-8.53,3.85,242.0,-23.0,20.0,,,,,,,,,,,,,,19.0,0.43,24.0,2688.0,2.92,-9.37,14.03,,,3.56,60.0,-6.0,8.0,,,,,,,,,,,,,
004780,대륙제관,2026-07-08 05:27,2025.12,2026.12,2026.03,2026.06,6.39,0.37,577.0,9988.0,5.93,3.86,3.45,4.07,25.98,32.44,2666.0,103.0,92.0,,,,,,,,,,,,,,5.45,0.38,202.0,10045.0,7.15,5.06,4.64,4.07,85.75,39.54,692.0,35.0,32.0,,,,,,,,,,,,,
017650,대림제지,2026-07-08 05:27,2025.12,2026.12,2026.03,2026.06,11.37,0.25,712.0,32201.0,2.3,3.13,3.79,1.24,13.73,16.04,1688.0,53.0,64.0,,,,,,,,,,,,,,20.5,0.27,99.0,32209.0,1.35,1.34,2.07,1.24,-39.18,16.33,419.0,6.0,9.0,,,,,,,,,,,,,
002200,한국수출포장,2026-07-08 05:27,2025.12,2026.12,2026.03,2026.06,-32.16,0.39,-97.0,8020.0,-1.35,-2.26,-1.34,2.56,-72.4,20.68,2896.0,-66.0,-39.0,,,,,,,,,,,,,,-12.52,0.35,-133.0,8002.0,-3.23,-10.37,-7.68,2.56,-59.59,26.86,691.0,-72.0,-53.0,,,,,,,,,,,,,
009460,한창제지,2026-07-08 05:27,2025.12,2026.12,2026.03,2026.06,-2.42,0.38,-1097.0,6949.0,-14.77,-1.94,-4.9,,,246.65,2670.0,-52.0,-131.0,,,,,,,,,,,,,,-3.67,0.25,57.0,11265.0,-8.22,2.57,1.03,,,151.71,656.0,17.0,7.0,,,,,,,,,,,,,
008730,율촌화학,2026-07-08 05:27,2025.12,2026.12,2026.03,2026.06,153.62,2.19,168.0,11783.0,1.43,1.75,0.86,0.97,148.86,135.29,4854.0,85.0,42.0,29.57,,516.0,,,2.44,,,,,5376.0,131.0,,-195.57,2.01,61.0,11601.0,-1.02,0.44,1.18,0.97,-634.72,136.36,1272.0,6.0,15.0,,,48.0,,,0.99,,,,,1310.0,13.0,
221840,하이즈항공,2026-07-08 05:27,2025.12,2026.12,2026.03,2026.06,19.87,0.99,110.0,2213.0,5.28,5.44,2.79,,,159.03,846.0,46.0,24.0,,,,,,,,,,,,,,20.52,1.08,59.0,2274.0,5.56,5.83,5.67,,,159.59,203.0,12.0,12.0,,,,,,,,,,,,,
289930,웨이비스,2026-07-08 05:27,2025.12,2026.12,2026.03,2026.06,58.54,2.05,143.0,4091.0,4.23,1.54,4.41,,,115.47,407.0,6.0,18.0,,,,,,,,,,,,,,33.43,3.6,139.0,4660.0,13.68,-64.65,33.96,,,84.79,52.0,-34.0,18.0,,,,,,,,,,,,,
451760,컨텍,2026-07-08 05:27,2025.12,2026.12,2026.03,2026.06,-23.16,1.99,-485.0,5646.0,-8.36,-18.61,-11.9,,,53.42,869.0,-162.0,-103.0,19.96,1.69,457.0,5406.0,8.64,4.54,5.96,,,,1057.0,48.0,63.0,-114.16,2.75,47.0,6209.0,-2.5,-13.38,-4.01,,,39.28,182.0,-24.0,-7.0,,,,,,9.21,8.89,,,,315.0,29.0,28.0
067390,아스트,2026-07-08 05:27,2025.12,2026.12,2026.03,2026.06,-26.01,0.77,-23.0,761.0,-2.93,2.89,-3.47,,,82.69,2544.0,74.0,-88.0,,,,,,,,,,,,,,-53.29,0.91,13.0,769.0,-1.68,9.87,7.46,,,78.17,714.0,70.0,53.0,,,,,,,,,,,,,
484870,엠앤씨솔루션,2026-07-08 05:27,2025.12,2026.12,2026.03,2026.06,28.67,6.71,1660.0,7090.0,25.32,13.9,11.3,1.74,50.02,106.95,4033.0,561.0,456.0,19.06,4.38,1868.0,8120.0,24.56,14.54,11.73,,,,4373.0,636.0,513.0,19.95,4.91,223.0,6483.0,25.94,12.06,9.26,1.74,131.97,122.03,661.0,80.0,61.0,,,404.0,,,14.36,11.81,,,,940.0,135.0,111.0
005870,휴니드,2026-07-08 05:27,2025.12,2026.12,2026.03,2026.06,-10.8,0.61,-707.0,12438.0,-5.97,-8.77,-7.28,,,91.48,1372.0,-120.0,-100.0,,,,,,,,,,,,,,-13.97,0.64,-172.0,12257.0,-4.87,-15.12,-11.2,,,113.31,216.0,-33.0,-24.0,,,,,,,,,,,,,
474170,루미르,2026-07-08 05:27,2025.12,2026.12,2026.03,2026.06,3517.35,2.63,3.0,3445.0,0.07,-5.62,0.43,,,12.99,106.0,-6.0,0.0,83.69,2.04,87.0,3564.0,2.48,7.22,11.79,,,,132.0,10.0,16.0,575.86,3.87,-11.0,3438.0,0.67,-13.2,-10.41,,,20.52,19.0,-2.0,-2.0,,,34.0,,,17.65,17.65,,,,34.0,6.0,6.0
361390,제노코,2026-07-08 05:27,2025.12,2026.12,2026.03,2026.06,-68.78,3.04,-260.0,5883.0,-4.93,-3.5,-3.56,0.3,22.66,69.25,596.0,-21.0,-21.0,63.98,2.1,229.0,6974.0,3.68,2.45,2.83,,,,776.0,19.0,22.0,-128.66,4.3,-88.0,6683.0,-3.91,-10.63,-7.05,,,37.77,116.0,-12.0,-8.0,,,-51.0,,,-2.38,-2.98,,,,168.0,-4.0,-5.0
274090,켄코아에어로스페이스,2026-07-08 05:27,2025.12,2026.12,2026.03,2026.06,-15.03,1.45,-1183.0,12229.0,-9.01,-12.08,-20.26,,,45.18,764.0,-92.0,-155.0,,,,,,-8.49,-10.23,,,,860.0,-73.0,-88.0,-18.76,1.61,69.0,12520.0,-7.95,0.74,3.21,,,37.46,292.0,2.0,9.0,,,,,,-7.6,-6.4,,,,250.0,-19.0,-16.0
474610,RF시스템즈,2026-07-08 05:27,2025.12,2026.12,2026.03,2026.06,12.22,1.28,390.0,3732.0,11.29,10.63,13.51,,,67.27,382.0,41.0,52.0,,,,,,12.06,,,,,454.0,55.0,,22.03,2.63,100.0,3815.0,12.64,11.21,13.91,,,54.05,100.0,11.0,14.0,,,,,,,,,,,,,
215090,솔디펜스,2026-07-08 05:27,2025.12,2026.12,2026.03,2026.06,17.31,1.04,135.0,2255.0,6.66,4.95,11.6,,,15.05,268.0,13.0,31.0,,,,,,,,,,,,,,28.85,1.17,-25.0,2230.0,6.66,-8.98,-6.55,,,17.13,87.0,-8.0,-6.0,,,,,,,,,,,,,
478340,나라스페이스테크놀로지,2026-07-08 05:27,2025.12,2026.12,2026.03,2026.06,-36.04,6.83,-783.0,4128.0,-440.58,-41.26,-58.01,,,16.18,132.0,-55.0,-77.0,,,,,,,,,,,,,,,10.84,-253.0,3884.0,,-733.25,-705.97,,,22.17,4.0,-30.0,-29.0,,,,,,,,,,,,,
448710,코츠테크놀로지,2026-07-08 05:27,2025.12,2026.12,2026.03,2026.06,11.93,1.41,1402.0,11871.0,14.8,12.21,10.82,0.9,9.22,124.84,681.0,83.0,74.0,7.25,0.84,1570.0,13494.0,14.4,13.26,11.01,,,,754.0,100.0,83.0,12.52,1.42,289.0,12020.0,14.09,8.07,9.02,0.9,96.05,121.29,169.0,14.0,15.0,,,284.0,,,10.41,8.67,,,,173.0,18.0,15.0
347700,스피어,2026-07-08 05:27,2025.12,2026.12,2026.03,2026.06,3173.58,9.9,5.0,1484.0,0.43,9.46,0.18,,,49.85,956.0,91.0,2.0,26.74,10.41,916.0,2354.0,51.15,7.29,21.92,,,,2400.0,175.0,526.0,49.1,20.05,836.0,2155.0,46.87,1.58,88.28,,,399.35,451.0,7.0,398.0,,,-31.0,,,5.54,2.94,,,,578.0,32.0,17.0
488900,비츠로넥스텍,2026-07-08 05:27,2025.12,2026.12,2026.03,2026.06,-73.07,9.46,-263.0,2035.0,-13.92,-20.02,-17.93,,,93.01,368.0,-74.0,-66.0,,,,,,,,,,,,,,,8.68,-102.0,1932.0,,-47.31,-41.61,,,112.25,71.0,-34.0,-30.0,,,,,,,,,,,,,
065450,빅텍,2026-07-08 05:27,2025.12,2026.12,2026.03,2026.06,22.91,1.66,154.0,2116.0,7.41,5.27,5.31,0.85,19.53,108.24,830.0,44.0,44.0,,,,,,,,,,,,,,29.59,2.21,-15.0,2083.0,7.63,0.93,-2.0,0.85,26.3,109.91,209.0,2.0,-4.0,,,,,,,,,,,,,
462350,이노스페이스,2026-07-08 05:27,2025.12,2026.12,2026.03,2026.06,-2.93,5.32,-3216.0,1772.0,-156.1,-2630.5,-2734.28,,,34.67,27.0,-722.0,-751.0,-6.89,19.29,-1137.0,406.0,-112.26,-104.82,-112.65,,,,332.0,-348.0,-374.0,-3.83,7.97,-425.0,1394.0,-141.7,-885.59,-895.03,,,44.02,14.0,-124.0,-125.0,,,,,,,,,,,,,
214430,아이쓰리시스템,2026-07-08 05:27,2025.12,2026.12,2026.03,2026.06,29.02,4.0,2636.0,19122.0,15.31,13.24,15.11,0.59,17.51,35.65,1243.0,165.0,188.0,24.08,,2600.0,,,13.29,13.29,,,,1430.0,190.0,190.0,35.66,4.64,670.0,19342.0,14.21,13.51,15.11,0.59,63.59,40.61,324.0,44.0,49.0,,,,,,,,,,,,,
010820,퍼스텍,2026-07-08 05:27,2025.12,2026.12,2026.03,2026.06,12.85,2.29,302.0,1691.0,20.16,3.62,5.0,,,388.76,2948.0,107.0,147.0,,,,,,,,,,,,,,22.63,3.89,35.0,1696.0,19.21,2.88,2.12,,,376.98,793.0,23.0,17.0,,,,,,,,,,,,,
023790,동일스틸럭스,2026-07-08 05:27,2025.12,2026.12,2026.03,2026.06,-5.89,1.97,-517.0,1544.0,-33.5,-10.85,-25.88,,,271.04,240.0,-26.0,-62.0,,,,,,,,,,,,,,-4.06,1.37,-92.0,1351.0,-33.97,-5.41,-17.57,,,316.73,69.0,-4.0,-12.0,,,,,,,,,,,,,
026910,광진실업,2026-07-08 05:27,2025.12,2026.12,2026.03,2026.06,-3.62,0.88,-759.0,3131.0,-21.69,-7.47,-8.55,,,363.13,569.0,-43.0,-49.0,,,,,,,,,,,,,,-2.88,0.64,-158.0,2973.0,-20.01,-1.88,-7.01,,,401.27,145.0,-3.0,-10.0,,,,,,,,,,,,,
162300,신스틸,2026-07-08 05:27,2025.12,2026.12,2026.03,2026.06,54.73,0.84,32.0,2089.0,1.61,0.86,0.38,1.19,64.04,135.46,3522.0,30.0,13.0,,,,,,,,,,,,,,-171.58,0.75,11.0,2097.0,-0.46,0.5,0.5,1.19,152.55,177.26,949.0,5.0,5.0,,,,,,,,,,,,,
001230,동국홀딩스,2026-07-08 05:27,2025.12,2026.12,2026.03,2026.06,16.45,0.11,101.0,14474.0,0.94,1.99,1.04,1.2,19.35,37.72,19853.0,395.0,207.0,9.51,0.14,179.0,12298.0,1.54,1.67,1.85,,,,22750.0,380.0,420.0,16.73,0.15,22.0,14614.0,1.18,1.1,0.94,1.14,76.55,41.42,5653.0,62.0,53.0,,,,,,2.95,3.13,,,,5760.0,170.0,180.0
000590,CS홀딩스,2026-07-08 05:27,2025.12,2026.12,2026.03,2026.06,5.18,0.24,14967.0,320744.0,5.36,14.99,15.57,0.65,2.98,8.04,1349.0,202.0,210.0,,,,,,,,,,,,,,4.66,0.23,6029.0,328543.0,5.59,14.5,26.78,0.65,11.77,7.19,317.0,46.0,85.0,,,,,,,,,,,,,
460860,동국제강,2026-07-08 05:27,2025.12,2026.12,2026.03,2026.06,49.66,0.22,166.0,38029.0,0.46,1.85,0.26,4.85,240.77,119.4,32034.0,594.0,82.0,11.48,0.22,742.0,38462.0,1.94,2.64,1.03,,,,35819.0,946.0,368.0,36.87,0.23,125.0,37954.0,0.67,2.5,0.72,2.43,-73.61,124.28,8572.0,214.0,62.0,,,251.0,,,3.17,1.34,,,,9304.0,295.0,124.0
133820,화인베스틸,2026-07-08 05:27,2025.12,2026.12,2026.03,2026.06,-10.43,1.21,-158.0,1356.0,-12.26,-0.9,-3.28,,,231.53,1862.0,-17.0,-61.0,,,,,,,,,,,,,,30.29,0.9,6.0,1347.0,3.56,2.75,0.2,,,242.11,506.0,14.0,1.0,,,,,,,,,,,,,
001940,KISCO홀딩스,2026-07-08 05:27,2025.12,2026.12,2026.03,2026.06,-19.54,0.27,-1287.0,93049.0,-1.57,-8.57,-2.81,7.36,-126.52,10.9,8253.0,-707.0,-232.0,26.28,0.27,988.0,94694.0,1.23,-1.43,1.21,,,,9080.0,-130.0,110.0,-14.79,0.27,-725.0,93294.0,-2.08,-8.51,-7.04,3.38,-155.96,12.63,2030.0,-173.0,-143.0,,,,,,0.42,4.2,,,,2380.0,10.0,100.0
005160,동국산업,2026-07-08 05:27,2025.12,2026.12,2026.03,2026.06,-14.82,0.38,-184.0,7195.0,-2.64,0.97,-1.52,5.31,-74.79,85.13,7278.0,70.0,-111.0,,,,,,,,,,,,,,-7.9,0.46,-153.0,6893.0,-5.85,-2.73,-6.4,5.31,-190.73,96.74,1670.0,-46.0,-107.0,,,,,,,,,,,,,
002240,고려제강,2026-07-08 05:27,2025.12,2026.12,2026.03,2026.06,60.12,0.32,356.0,67342.0,0.53,2.25,0.25,1.64,98.27,35.6,18092.0,407.0,46.0,,,,,,,,,,,,,,22.3,0.3,869.0,69493.0,1.36,1.63,4.84,1.64,-36.44,37.84,4327.0,70.0,210.0,,,,,,,,,,,,,
001770,SHD,2026-07-08 05:27,2025.12,2026.12,2026.03,2026.06,11.2,0.4,1620.0,45604.0,3.61,2.73,1.96,1.1,12.34,45.47,1004.0,27.0,20.0,,,,,,,,,,,,,,16.57,0.37,-62.0,45423.0,2.25,-0.57,-0.27,1.1,54.64,60.31,277.0,-2.0,-1.0,,,,,,,,,,,,,
000970,한국주철관,2026-07-08 05:27,2025.12,2026.12,2026.03,2026.06,9.49,0.42,744.0,16819.0,4.75,3.27,4.21,5.67,50.72,19.26,4066.0,133.0,171.0,,,,,,,,,,,,,,9.69,0.41,115.0,16540.0,4.49,2.73,3.01,5.67,194.07,22.18,921.0,25.0,28.0,,,,,,,,,,,,,
002220,한일철강,2026-07-08 05:27,2025.12,2026.12,2026.03,2026.06,-244.4,0.75,-21.0,6789.0,-0.34,1.62,-0.22,0.59,-128.61,103.58,1964.0,32.0,-4.0,,,,,,,,,,,,,,-55.89,0.57,-55.0,6727.0,-1.13,0.75,-2.57,0.59,-54.11,108.05,619.0,5.0,-16.0,,,,,,,,,,,,,
120030,조선선재,2026-07-08 05:27,2025.12,2026.12,2026.03,2026.06,12.89,0.55,7456.0,176087.0,5.84,15.04,18.12,0.52,4.96,5.96,518.0,78.0,94.0,,,,,,,,,,,,,,11.48,0.53,3129.0,180386.0,6.48,12.06,31.89,0.52,13.46,5.8,123.0,15.0,39.0,,,,,,,,,,,,,
001080,만호제강,2026-07-08 05:27,2025.06,2026.06,2026.03,2026.06,-30.45,0.47,-85.0,5544.0,-1.92,-7.83,-2.31,,,11.98,1530.0,-120.0,-35.0,,,,,,,,,,,,,,69.22,0.42,7.0,12498.0,1.16,3.35,0.81,,,27.06,377.0,13.0,3.0,,,,,,,,,,,,,
058650,세아홀딩스,2026-07-08 05:27,2025.12,2026.12,2026.03,2026.06,8.91,0.25,16154.0,569956.0,2.93,2.65,1.3,2.99,25.49,100.43,66111.0,1755.0,859.0,5.72,0.19,19337.0,568786.0,3.64,2.84,1.41,,,,72240.0,2050.0,1020.0,8.51,0.27,5498.0,557243.0,3.14,3.37,1.69,2.99,238.46,107.61,17113.0,577.0,288.0,,,,,,3.38,1.86,,,,17760.0,600.0,330.0
060380,동양에스텍,2026-07-08 05:27,2025.12,2026.12,2026.03,2026.06,21.93,0.26,69.0,5897.0,1.2,0.92,0.99,3.29,70.75,65.01,1978.0,18.0,20.0,,,,,,,,,,,,,,39.39,0.24,-1.0,5755.0,0.61,0.03,0.26,3.29,-1170.82,64.85,515.0,0.0,1.0,,,,,,,,,,,,,
004890,동일산업,2026-07-08 05:27,2025.12,2026.12,2026.03,2026.06,-7.37,0.21,-5321.0,189781.0,-3.11,-0.79,-3.71,2.55,-16.59,11.98,3479.0,-28.0,-129.0,,,,,,,,,,,,,,-18.81,0.2,3610.0,192870.0,-1.19,3.49,10.56,2.55,-14.4,13.33,829.0,29.0,88.0,,,,,,,,,,,,,
007280,한국특강,2026-07-08 05:27,2025.12,2026.12,2026.03,2026.06,29.99,0.39,98.0,7473.0,1.37,1.53,0.39,13.56,383.18,158.51,7671.0,117.0,30.0,,,,,,,,,,,,,,44.61,0.4,-90.0,7176.0,0.92,-1.72,-1.31,6.78,-392.09,174.78,2101.0,-36.0,-27.0,,,,,,,,,,,,,
140520,대창스틸,2026-07-08 05:27,2025.12,2026.12,2026.03,2026.06,15.93,0.3,135.0,7073.0,1.91,0.84,0.72,6.96,110.84,70.06,3986.0,34.0,29.0,,,,,,,,,,,,,,21.6,0.3,20.0,6945.0,1.39,-0.01,0.4,6.96,162.21,92.25,1030.0,-0.0,4.0,,,,,,,,,,,,,
023440,제이스코홀딩스,2026-07-08 05:27,2025.12,2026.12,2026.03,2026.06,-1.72,1.11,-399.0,616.0,-61.93,-20.65,-78.0,,,111.62,411.0,-85.0,-320.0,,,,,,,,,,,,,,-1.32,0.92,-55.0,569.0,-57.73,-12.14,-32.83,,,115.1,150.0,-18.0,-49.0,,,,,,,,,,,,,
021045,대호특수강우,2026-07-08 05:27,2025.12,2026.12,2026.03,2026.06,-18.19,0.65,-72.0,2023.0,-4.08,0.85,-0.66,,,353.11,2774.0,24.0,-18.0,,,,,,,,,,,,,,-15.92,0.61,-28.0,1987.0,-4.36,-0.03,-0.97,,,353.55,667.0,-0.0,-6.0,,,,,,,,,,,,,
002690,동일제강,2026-07-08 05:27,2025.12,2026.12,2026.03,2026.06,24.5,0.21,67.0,7764.0,0.87,-2.38,0.92,,,11.94,1473.0,-35.0,14.0,,,,,,,,,,,,,,19.3,0.2,33.0,7773.0,1.03,-8.89,1.72,,,13.84,386.0,0.0,7.0,,,,,,,,,,,,,
016380,KG스틸,2026-07-08 05:27,2025.12,2026.12,2026.03,2026.06,3.96,0.25,1350.0,21234.0,6.73,4.72,4.24,5.61,21.5,50.85,31934.0,1507.0,1355.0,3.79,0.24,1383.0,21825.0,6.61,3.49,4.01,,,,32777.0,1144.0,1313.0,3.89,0.24,451.0,21366.0,6.61,2.67,5.6,5.61,90.37,61.24,8053.0,215.0,451.0,,,371.0,,,3.11,2.77,,,,8304.0,258.0,230.0
104700,한국철강,2026-07-08 05:27,2025.12,2026.12,2026.03,2026.06,-40.56,0.42,-245.0,23878.0,-1.13,-7.95,-1.83,7.55,-275.21,12.45,4866.0,-387.0,-89.0,41.87,0.39,219.0,23387.0,1.06,-2.08,1.52,,,,5280.0,-110.0,80.0,-19.91,0.38,-308.0,23534.0,-2.15,-12.79,-10.05,3.52,533.46,15.55,1117.0,-143.0,-112.0,,,165.0,,,0.71,4.25,,,,1410.0,10.0,60.0
460850,동국씨엠,2026-07-08 05:27,2025.12,2026.12,2026.03,2026.06,-3.01,0.16,-1770.0,32899.0,-5.3,-1.4,-2.52,5.64,-16.92,159.06,27687.0,-388.0,-699.0,,,,,,,,,,,,,,-3.41,0.16,76.0,32742.0,-4.71,1.16,-0.31,5.64,-47.03,161.18,6870.0,80.0,-21.0,,,,,,,,,,,,,
037760,쎄니트,2026-07-08 05:27,2025.12,2026.12,2026.03,2026.06,-12.49,0.65,-143.0,2744.0,-5.64,-0.85,-4.66,2.79,-31.36,127.48,1270.0,-11.0,-59.0,,,,,,,,,,,,,,-19.45,0.79,-13.0,2674.0,-4.41,-4.12,-3.04,2.79,-149.07,133.34,311.0,-13.0,-9.0,,,,,,,,,,,,,
069730,DSR제강,2026-07-08 05:27,2025.12,2026.12,2026.03,2026.06,2.24,0.29,1713.0,13053.0,13.97,12.38,10.89,11.2,25.1,37.51,2266.0,280.0,247.0,,,,,,,,,,,,,,2.55,0.37,626.0,13253.0,15.28,11.58,15.89,11.2,93.73,36.54,567.0,66.0,90.0,,,,,,,,,,,,,
475460,미트박스,2026-07-08 05:27,2025.12,2026.12,2026.03,2026.06,27.4,1.29,313.0,6649.0,6.42,2.14,1.28,1.17,32.26,161.87,1356.0,29.0,17.0,,,,,,,,,,,,,,19.19,1.17,149.0,6701.0,6.24,4.63,2.34,1.17,49.49,166.05,343.0,16.0,8.0,,,,,,,,,,,,,
362320,청담글로벌,2026-07-08 05:27,2025.12,2026.12,2026.03,2026.06,67.77,1.42,89.0,4268.0,2.32,2.47,1.42,,,76.98,2174.0,54.0,31.0,,,,,,,,,,,,,,17.52,0.95,298.0,5050.0,6.41,5.28,15.67,,,83.49,483.0,26.0,76.0,,,,,,,,,,,,,
036030,케이티알파,2026-07-08 05:27,2025.12,2026.12,2026.03,2026.06,6.11,0.88,890.0,6183.0,15.47,11.15,11.02,5.15,31.45,63.62,3959.0,442.0,436.0,,,,,,,,,,,,,,5.34,0.79,233.0,6115.0,15.5,14.07,11.88,5.15,202.9,57.85,962.0,135.0,114.0,,,,,,,,,,,,,
069920,엑시온그룹,2026-07-08 05:27,2025.12,2026.12,2026.03,2026.06,-1.77,1.2,-2839.0,4178.0,-53.67,-24.62,-93.34,,,103.79,240.0,-59.0,-224.0,,,,,,,,,,,,,,-1.31,0.77,-22.0,4155.0,-47.68,-2.27,-0.97,,,135.59,211.0,-5.0,-2.0,,,,,,,,,,,,,
053280,예스24,2026-07-08 05:27,2025.12,2026.12,2026.03,2026.06,-8.95,0.54,-413.0,6912.0,-5.84,0.47,-1.71,6.76,-60.43,189.48,6265.0,29.0,-107.0,,,,,,,,,,,,,,-5.62,0.48,59.0,7096.0,-8.25,0.57,0.7,6.76,-64.98,181.16,1681.0,10.0,12.0,,,,,,,,,,,,,
057050,현대홈쇼핑,2026-07-08 05:27,2025.12,2026.12,2026.03,2026.06,6.67,0.26,8251.0,210031.0,4.36,3.45,3.03,5.09,31.69,32.47,37898.0,1308.0,1147.0,,,,,,,,,,,,,,8.93,0.38,3077.0,210003.0,4.61,6.68,5.59,5.09,138.05,32.38,9785.0,653.0,547.0,,,,,,,,,,,,,
257720,실리콘투,2026-07-08 05:27,2025.12,2026.12,2026.03,2026.06,14.82,5.54,2609.0,6976.0,46.89,18.4,15.1,0.79,11.88,55.09,11163.0,2054.0,1686.0,11.19,3.73,3334.0,10011.0,39.3,17.63,14.13,,,,15479.0,2729.0,2187.0,13.59,5.08,829.0,7516.0,44.96,18.62,15.68,0.79,55.95,70.91,3466.0,645.0,543.0,,,842.0,,,19.01,12.96,,,,3719.0,707.0,482.0
035080,그래디언트,2026-07-08 05:27,2025.12,2026.12,2026.03,2026.06,-4.36,0.29,-2617.0,38707.0,-7.61,-0.97,-0.81,1.75,-6.39,141.5,30616.0,-296.0,-247.0,,,,,,,,,,,,,,-5.46,0.29,-81.0,39046.0,-6.15,0.69,0.58,1.75,-13.3,152.57,8433.0,58.0,49.0,,,,,,,,,,,,,
448280,에코아이,2026-07-08 05:27,2025.12,2026.12,2026.03,2026.06,191.75,2.73,60.0,4227.0,1.41,3.08,5.77,0.61,116.21,14.1,309.0,10.0,18.0,,,,,,,,,,,,,,2810.11,2.82,-119.0,4038.0,0.1,-68.95,-65.74,0.61,172.36,21.18,54.0,-37.0,-35.0,,,,,,,,,,,,,
090850,현대이지웰,2026-07-08 05:27,2025.12,2026.12,2026.03,2026.06,5.09,1.06,1011.0,4862.0,23.24,16.96,16.82,4.28,20.61,121.17,1426.0,242.0,240.0,,,,,,,,,,,,,,6.65,1.27,248.0,4965.0,21.15,15.87,12.71,4.28,126.73,131.5,463.0,74.0,59.0,,,,,,,,,,,,,
094280,효성ITX,2026-07-08 05:27,2025.12,2026.12,2026.03,2026.06,10.29,2.03,1243.0,6308.0,21.21,3.65,2.98,5.86,57.82,160.04,5190.0,190.0,155.0,,,,,,,,,,,,,,10.19,1.95,203.0,6219.0,20.45,2.58,1.94,1.24,70.67,166.68,1303.0,34.0,25.0,,,,,,,,,,,,,
060150,인선이엔티,2026-07-08 05:27,2025.12,2026.12,2026.03,2026.06,-19.14,0.64,-235.0,7036.0,-3.46,9.74,-5.84,,,50.34,1872.0,182.0,-109.0,,,,,,,,,,,,,,-26.64,0.57,37.0,7075.0,-2.25,6.56,4.06,,,48.25,425.0,28.0,17.0,,,,,,,,,,,,,
012750,에스원,2026-07-08 05:27,2025.12,2026.12,2026.03,2026.06,15.34,1.39,4699.0,51947.0,10.45,8.12,6.18,4.44,60.59,38.47,28894.0,2346.0,1786.0,17.01,1.33,4175.0,53386.0,8.91,6.61,5.35,,,,29680.0,1961.0,1587.0,20.6,1.73,567.0,49456.0,9.63,3.08,3.2,4.44,299.23,45.81,6737.0,207.0,215.0,,,1255.0,,,7.54,6.0,,,,7465.0,563.0,448.0
119650,KC코트렐,2026-07-08 05:27,2025.12,2026.12,2026.03,2026.06,-7.08,1.97,-130.0,467.0,-19.57,-4.6,-5.39,,,289.64,1929.0,-89.0,-104.0,,,,,,,,,,,,,,42.24,1.71,78.0,538.0,3.18,6.41,34.29,,,250.38,248.0,16.0,85.0,,,,,,,,,,,,,
009440,KC그린홀딩스,2026-07-08 05:27,2025.12,2026.12,2026.03,2026.06,-0.43,0.17,-1741.0,4547.0,-29.91,-1.83,-47.5,1.42,-4.92,51.01,860.0,-16.0,-408.0,,,,,,,,,,,,,,-0.45,0.16,10.0,4589.0,-31.12,-7.19,0.55,,,49.38,149.0,-11.0,1.0,,,,,,,,,,,,,
130580,나이스디앤비,2026-07-08 05:27,2025.12,2026.12,2026.03,2026.06,7.64,0.85,839.0,7506.0,11.69,16.89,14.14,3.53,26.93,19.72,914.0,154.0,129.0,6.19,0.69,909.0,8188.0,11.58,17.04,14.72,,,,951.0,162.0,140.0,6.19,0.75,97.0,7377.0,13.01,6.86,8.15,3.53,432.5,19.67,183.0,13.0,15.0,,,,,,33.01,,,,,312.0,103.0,
068940,셀피글로벌,2026-07-08 05:27,2025.12,2026.12,2026.03,2026.06,-3.12,3.44,-249.0,226.0,-75.41,-9.66,-29.76,,,151.58,355.0,-34.0,-106.0,,,,,,,,,,,,,,-3.3,4.18,-42.0,186.0,-86.46,-20.83,-21.83,,,178.65,88.0,-18.0,-19.0,,,,,,,,,,,,,
043910,자연과환경,2026-07-08 05:27,2025.12,2026.12,2026.03,2026.06,-10.83,0.86,-582.0,7303.0,-7.65,-10.66,-18.66,,,50.74,373.0,-40.0,-70.0,,,,,,,,,,,,,,-8.41,0.64,22.0,7325.0,-7.34,1.99,1.99,,,50.05,81.0,2.0,2.0,,,,,,,,,,,,,
377460,위니아에이드,2026-07-08 05:27,2025.12,2026.12,2026.03,2026.06,17.95,4.46,227.0,915.0,18.78,-2.09,7.82,,,174.28,916.0,-19.0,72.0,,,,,,,,,,,,,,16.29,4.59,-24.0,890.0,32.95,-7.25,-7.82,,,174.95,192.0,-14.0,-15.0,,,,,,,,,,,,,
058850,KTcs,2026-07-08 05:27,2025.12,2026.12,2026.03,2026.06,5.2,0.51,548.0,5605.0,11.55,2.86,2.42,3.51,16.22,109.12,10427.0,298.0,252.0,,,,,,,,,,,,,,4.22,0.44,180.0,5837.0,12.89,4.45,3.45,3.51,191.62,93.09,2358.0,105.0,81.0,,,,,,,,,,,,,
049720,고려신용정보,2026-07-08 05:27,2025.12,2026.12,2026.03,2026.06,11.39,2.4,927.0,4407.0,22.89,9.4,7.45,4.73,53.23,81.46,1780.0,167.0,133.0,,1.99,,4759.0,,9.78,7.61,,,,1840.0,180.0,140.0,11.15,2.39,186.0,4302.0,23.16,8.41,6.07,2.46,109.48,79.77,438.0,37.0,27.0,,,,,,9.74,7.79,,,,462.0,45.0,36.0
036120,서울평가정보,2026-07-08 05:27,2025.12,2026.12,2026.03,2026.06,10.58,2.17,195.0,951.0,23.39,16.38,16.47,3.87,38.94,17.9,413.0,68.0,68.0,,,,,,,,,,,,,,11.89,2.37,-13.0,857.0,22.28,3.03,-6.46,3.87,797.11,23.53,88.0,3.0,-6.0,,,,,,,,,,,,,
122900,아이마켓코리아,2026-07-08 05:27,2025.12,2026.12,2026.03,2026.06,12.58,0.67,627.0,11758.0,5.74,0.66,0.97,5.71,67.6,223.2,30544.0,203.0,296.0,5.75,0.57,1256.0,12713.0,10.91,1.91,1.49,,,,35570.0,680.0,530.0,8.43,0.61,302.0,11997.0,7.82,1.97,1.51,1.37,31.18,239.17,8425.0,166.0,127.0,,,329.0,,,2.04,,,,,8820.0,180.0,
034950,한국기업평가,2026-07-08 05:27,2025.12,2026.12,2026.03,2026.06,17.87,3.35,5556.0,29647.0,20.08,31.28,26.76,8.07,141.61,28.41,1098.0,343.0,294.0,,,,,,,,,,,,,,17.66,4.4,984.0,22639.0,24.78,20.78,20.7,8.07,977.31,69.06,227.0,47.0,47.0,,,,,,,,,,,,,
376980,원티드랩,2026-07-08 05:27,2025.12,2026.12,2026.03,2026.06,26.66,0.82,131.0,4291.0,3.42,2.67,3.36,,,59.77,382.0,10.0,13.0,,,,,,,,,,,,,,34.77,0.8,-155.0,4128.0,2.54,-11.04,-16.97,,,62.26,89.0,-10.0,-15.0,,,,,,,,,,,,,
092130,이크레더블,2026-07-08 05:27,2025.12,2026.12,2026.03,2026.06,15.67,4.72,1069.0,3547.0,28.08,31.15,25.75,5.07,79.49,23.38,500.0,156.0,129.0,12.64,3.77,1146.0,3844.0,31.0,30.3,24.6,,,,561.0,170.0,138.0,13.41,5.26,59.0,2756.0,40.95,7.89,8.09,5.07,781.73,68.72,88.0,7.0,7.0,,,,,,53.44,,,,,247.0,132.0,
058860,KTis,2026-07-08 05:27,2025.12,2026.12,2026.03,2026.06,2.6,0.35,1045.0,7801.0,16.29,4.2,6.18,5.16,11.77,88.62,5888.0,247.0,364.0,,,,,,,,,,,,,,2.62,0.35,137.0,7787.0,16.37,3.37,3.08,5.16,186.15,88.4,1549.0,52.0,48.0,,,,,,,,,,,,,
143240,사람인,2026-07-08 05:27,2025.12,2026.12,2026.03,2026.06,1.72,0.53,7852.0,25433.0,41.2,13.84,75.7,5.19,7.99,22.35,1212.0,168.0,918.0,,,,,,,,,,,,,,2.07,0.67,431.0,25207.0,43.85,15.09,17.75,5.19,9.26,22.02,283.0,43.0,50.0,,,,,,,,,,,,,
105760,포스뱅크,2026-07-08 05:27,2025.12,2026.12,2026.03,2026.06,13.69,0.66,388.0,8078.0,4.96,3.7,4.13,,,24.64,914.0,34.0,38.0,,,,,,,,,,,,,,10.02,0.64,244.0,8363.0,6.81,7.54,9.35,,,33.29,265.0,20.0,25.0,,,,,,,,,,,,,
030960,양지사,2026-07-08 05:27,2025.06,2026.06,2026.03,2026.06,-85.26,0.63,-100.0,13435.0,-0.85,-10.88,-2.85,0.59,-43.91,9.42,559.0,-61.0,-16.0,,,,,,,,,,,,,,137.92,0.48,86.0,13620.0,0.4,10.2,20.0,0.59,-27.76,13.25,69.0,7.0,14.0,,,,,,,,,,,,,
090370,메타랩스,2026-07-08 05:27,2025.12,2026.12,2026.03,2026.06,-4.66,0.59,-353.0,2808.0,-11.87,-8.91,-15.21,,,76.25,813.0,-72.0,-124.0,,,,,,,,,,,,,,-3.61,0.51,-39.0,2769.0,-13.2,1.65,-0.94,,,70.0,304.0,5.0,-3.0,,,,,,,,,,,,,
377450,리파인,2026-07-08 05:27,2025.12,2026.12,2026.03,2026.06,23.58,0.96,523.0,12867.0,4.61,30.76,14.72,2.11,49.72,5.32,616.0,189.0,91.0,,,,,,,,,,,,,,18.64,0.88,329.0,12936.0,5.28,36.94,37.97,2.11,-65.16,6.97,150.0,56.0,57.0,,,,,,,,,,,,,
030190,NICE평가정보,2026-07-08 05:27,2025.12,2026.12,2026.03,2026.06,13.09,2.14,1299.0,7931.0,17.62,17.34,12.97,3.0,38.66,37.69,6021.0,1044.0,781.0,9.02,1.58,1584.0,9051.0,18.82,17.81,14.62,,,,6547.0,1166.0,957.0,11.4,2.04,427.0,7849.0,19.33,18.85,16.55,3.0,220.52,37.81,1560.0,294.0,258.0,,,,,,18.53,,,,,1646.0,305.0,
440320,오픈놀,2026-07-08 05:27,2025.12,2026.12,2026.03,2026.06,-5.72,1.08,-663.0,3524.0,-17.14,-3.13,-7.28,,,89.28,883.0,-28.0,-64.0,,,,,,,,,,,,,,-5.14,0.91,56.0,3580.0,-16.13,4.51,3.56,,,89.99,221.0,10.0,8.0,,,,,,,,,,,,,
036800,나이스정보통신,2026-07-08 05:27,2025.12,2026.12,2026.03,2026.06,5.91,0.56,4287.0,45328.0,11.45,5.05,4.13,4.34,22.41,173.28,10947.0,553.0,452.0,5.96,0.62,5290.0,50996.0,11.93,5.15,4.29,,,,11994.0,618.0,514.0,5.01,0.53,1447.0,45850.0,12.98,5.21,5.29,4.34,110.63,185.74,2857.0,149.0,151.0,,,,,,5.89,,,,,2903.0,171.0,
383310,에코프로에이치엔,2026-07-08 05:27,2025.12,2026.12,2026.03,2026.06,38.16,1.65,630.0,14535.0,4.4,8.3,9.37,0.83,31.71,50.61,1411.0,117.0,132.0,20.97,1.79,1335.0,15646.0,8.85,16.88,14.63,,,,1914.0,323.0,280.0,43.72,2.01,216.0,14554.0,4.69,14.51,13.04,0.83,115.09,47.7,347.0,50.0,45.0,,,343.0,,,16.13,,,,,496.0,80.0,
033050,제이엠아이,2026-07-08 05:27,2025.12,2026.12,2026.03,2026.06,7.8,0.45,105.0,1841.0,5.98,4.53,3.82,,,78.99,898.0,41.0,34.0,,,,,,,,,,,,,,6.31,0.45,46.0,1898.0,7.61,3.32,4.85,,,80.35,311.0,10.0,15.0,,,,,,,,,,,,,
459550,알트,2026-07-08 05:27,2025.12,2026.12,2026.03,2026.06,17.59,1.92,213.0,1958.0,13.12,7.94,4.5,,,29.32,1129.0,90.0,51.0,,,,,,,,,,,,,,-42.31,1.4,-67.0,1890.0,11.8,-4.35,-9.3,,,16.65,181.0,-8.0,-17.0,,,,,,,,,,,,,
357580,아모센스,2026-07-08 05:27,2025.12,2026.12,2026.03,2026.06,150.55,1.74,44.0,3833.0,1.17,4.36,0.41,,,217.07,1221.0,53.0,5.0,,,,,,,,,,,,,,6761.57,4.3,15.0,4018.0,0.07,1.91,0.64,,,188.62,278.0,5.0,2.0,,,,,,,,,,,,,
070300,엑스큐어,2026-07-08 05:27,2025.12,2026.12,2026.03,2026.06,102.1,0.96,13.0,1365.0,0.89,10.26,-2.69,,,59.85,185.0,19.0,-5.0,,,,,,,,,,,,,,-2.0,1.67,-203.0,1162.0,-36.91,-118.95,-297.46,,,95.35,16.0,-19.0,-48.0,,,,,,,,,,,,,
196450,코아시아씨엠,2026-07-08 05:27,2025.12,2026.12,2026.03,2026.06,10.7,0.59,71.0,1300.0,5.53,2.04,1.05,,,98.28,2582.0,53.0,27.0,6.89,0.68,141.0,1441.0,10.3,2.29,2.07,,,,3098.0,71.0,64.0,14.84,0.95,34.0,1431.0,6.73,2.53,1.95,,,121.82,705.0,18.0,14.0,,,,,,,,,,,,,
065680,우주일렉트로,2026-07-08 05:27,2025.12,2026.12,2026.03,2026.06,15.57,1.11,2322.0,32705.0,8.47,11.7,11.54,0.97,13.04,31.5,1864.0,218.0,215.0,,,,,,,,,,,,,,10.7,0.78,737.0,33581.0,8.66,9.38,13.76,0.97,48.76,32.98,493.0,46.0,68.0,,,,,,,,,,,,,
000670,영풍,2026-07-08 05:27,2025.12,2026.12,2026.03,2026.06,-112.47,0.24,-422.0,195371.0,-0.23,-8.93,1.06,0.01,-1.08,49.37,29090.0,-2597.0,309.0,,,,,,,,,,,,,,-3.65,0.28,45.0,199104.0,-7.82,5.09,2.44,0.01,-0.07,58.95,8511.0,433.0,208.0,,,,,,,,,,,,,
332570,PS일렉트로닉스,2026-07-08 05:27,2025.12,2026.12,2026.03,2026.06,18.02,2.38,351.0,2656.0,15.91,3.12,13.06,,,73.92,1255.0,39.0,164.0,,,,,,,,,,,,,,8.1,1.67,312.0,2958.0,23.42,0.16,43.0,,,77.88,357.0,1.0,153.0,,,,,,,,,,,,,
066670,디티씨,2026-07-08 05:27,2025.12,2026.12,2026.03,2026.06,16.85,0.32,202.0,10582.0,2.3,-0.94,-0.75,0.85,21.49,22.61,1886.0,-18.0,-14.0,,,,,,,,,,,,,,8.91,0.24,149.0,10778.0,3.25,4.45,11.02,,,19.58,416.0,19.0,46.0,,,,,,,,,,,,,
373200,엑스플러스,2026-07-08 05:27,2025.12,2026.12,2026.03,2026.06,-25.24,2.78,-103.0,935.0,-13.56,-51.16,-22.72,,,176.67,101.0,-52.0,-23.0,,,,,,,,,,,,,,-16.02,3.83,-153.0,894.0,-26.57,-27.43,-86.36,,,219.73,39.0,-11.0,-34.0,,,,,,,,,,,,,
122990,와이솔,2026-07-08 05:27,2025.12,2026.12,2026.03,2026.06,-3.82,0.52,-1504.0,11034.0,-12.66,-11.29,-13.11,8.71,-32.15,17.49,3212.0,-363.0,-421.0,,,,,,,,,,,,,,-6.07,0.57,236.0,10927.0,-8.91,2.19,6.28,8.71,-69.62,21.56,972.0,21.0,61.0,,,,,,,,,,,,,
060720,KH바텍,2026-07-08 05:27,2025.12,2026.12,2026.03,2026.06,12.98,0.89,861.0,12563.0,7.55,7.47,4.8,3.26,39.45,46.61,4249.0,318.0,204.0,11.25,0.78,914.0,13219.0,7.64,7.17,4.89,,,,4394.0,315.0,215.0,19.23,1.0,12.0,12537.0,5.75,3.05,0.53,2.82,392.82,48.49,551.0,17.0,3.0,,,424.0,,,8.14,6.85,,,,1466.0,119.0,100.0
091700,파트론,2026-07-08 05:27,2025.12,2026.12,2026.03,2026.06,11.77,0.68,592.0,10321.0,6.64,3.32,2.45,4.45,45.52,38.35,13495.0,447.0,331.0,8.85,0.55,678.0,10847.0,6.67,2.9,2.74,,,,14760.0,428.0,404.0,11.65,0.73,183.0,10405.0,7.3,2.71,2.28,4.45,115.65,49.05,4510.0,122.0,103.0,,,100.0,,,2.1,1.99,,,,3189.0,67.0,64.0
115610,이미지스,2026-07-08 05:27,2025.12,2026.12,2026.03,2026.06,-12.88,2.57,-180.0,900.0,-23.73,-15.03,-13.89,,,27.46,132.0,-20.0,-18.0,,,,,,,,,,,,,,-13.28,2.82,-24.0,879.0,-24.81,-13.54,-7.75,,,42.54,36.0,-5.0,-3.0,,,,,,,,,,,,,
106080,케이이엠텍,2026-07-08 05:27,2025.12,2026.12,2026.03,2026.06,-1.86,0.85,-2393.0,5207.0,-38.81,-121.81,-165.85,,,74.21,76.0,-92.0,-126.0,,,,,,,,,,,,,,-0.66,0.36,-705.0,4615.0,-46.63,-397.63,-511.47,,,104.41,8.0,-32.0,-41.0,,,,,,,,,,,,,
096630,에스코넥,2026-07-08 05:27,2025.12,2026.12,2026.03,2026.06,1.33,0.53,2254.0,5660.0,49.77,4.76,12.81,,,92.44,2787.0,133.0,357.0,,,,,,,,,,,,,,3.05,0.65,-133.0,5689.0,24.49,0.58,-3.62,,,77.45,581.0,3.0,-21.0,,,,,,,,,,,,,
079190,케스피온,2026-07-08 05:27,2025.12,2026.12,2026.03,2026.06,-3.83,1.3,-239.0,701.0,-29.44,-6.2,-10.37,,,81.44,441.0,-27.0,-46.0,,,,,,,,,,,,,,-6.25,0.97,45.0,796.0,-15.09,2.16,8.12,,,89.69,106.0,2.0,9.0,,,,,,,,,,,,,
376290,씨유테크,2026-07-08 05:27,2025.12,2026.12,2026.03,2026.06,39.49,0.47,77.0,6479.0,1.18,2.5,0.63,0.79,31.08,12.71,2165.0,54.0,14.0,,,,,,,,,,,,,,9.06,0.4,229.0,6788.0,4.52,3.97,9.32,0.79,35.01,23.14,434.0,17.0,40.0,,,,,,,,,,,,,
076610,해성옵틱스,2026-07-08 05:27,2025.12,2026.12,2026.03,2026.06,-2.75,1.67,-233.0,385.0,-59.71,-4.2,-8.11,,,416.0,1603.0,-67.0,-130.0,,,,,,,,,,,,,,-423.75,3.34,67.0,439.0,-1.01,1.01,4.68,,,403.43,695.0,7.0,33.0,,,,,,,,,,,,,
065130,탑엔지니어링,2026-07-08 05:27,2025.12,2026.12,2026.03,2026.06,-1.46,0.32,-2230.0,10304.0,-21.16,-4.41,-5.72,,,70.73,7985.0,-352.0,-457.0,,,,,,,,,,,,,,-2.35,0.28,347.0,10935.0,-12.07,3.43,4.25,,,75.15,2639.0,90.0,112.0,,,,,,,,,,,,,
049630,재영솔루텍,2026-07-08 05:27,2025.12,2026.12,2026.03,2026.06,51.08,5.16,441.0,4372.0,9.88,6.53,5.14,,,111.48,1645.0,107.0,85.0,,,,,,,,,,,,,,15.56,2.85,397.0,4810.0,19.89,15.72,16.0,,,96.86,581.0,91.0,93.0,,,,,,,,,,,,,
037950,엘컴텍,2026-07-08 05:27,2025.12,2026.12,2026.03,2026.06,29.51,0.88,146.0,4894.0,3.05,4.79,4.24,,,17.06,463.0,22.0,20.0,,,,,,,,,,,,,,19.55,0.78,97.0,4997.0,4.07,8.32,8.53,,,18.54,179.0,15.0,15.0,,,,,,,,,,,,,
097520,엠씨넥스,2026-07-08 05:27,2025.12,2026.12,2026.03,2026.06,10.03,1.21,2877.0,23796.0,13.61,4.07,4.03,3.47,31.43,44.32,12792.0,520.0,516.0,7.69,0.75,2511.0,25736.0,10.95,3.69,3.59,,,,12158.0,449.0,437.0,7.91,0.84,839.0,24264.0,12.14,3.76,4.81,3.47,182.05,53.94,3035.0,114.0,146.0,,,494.0,,,3.19,2.92,,,,2946.0,94.0,86.0
093920,서원인텍,2026-07-08 05:27,2025.12,2026.12,2026.03,2026.06,15.33,0.47,354.0,11528.0,3.06,1.76,2.84,6.45,98.79,15.03,1949.0,34.0,55.0,,,,,,,,,,,,,,12.12,0.44,185.0,11383.0,3.61,2.77,8.7,6.45,-4036.04,16.24,365.0,10.0,32.0,,,,,,,,,,,,,
271830,팸텍,2026-07-08 05:27,2025.12,2026.12,2026.03,2026.06,-8.57,0.85,-209.0,2108.0,-9.72,-10.65,-13.96,0.79,11.47,42.31,387.0,-41.0,-54.0,,,,,,,,,,,,,,-7.5,0.74,-97.0,2011.0,-9.64,-58.59,-53.52,,,59.75,51.0,-30.0,-28.0,,,,,,,,,,,,,
049520,유아이엘,2026-07-08 05:27,2025.12,2026.12,2026.03,2026.06,4.75,0.51,696.0,6453.0,11.23,6.39,5.46,12.08,55.73,42.68,4123.0,264.0,225.0,,,,,,,,,,,,,,5.57,0.58,214.0,6586.0,11.12,5.81,6.54,9.06,120.72,39.7,1055.0,61.0,69.0,,,,,,,,,,,,,
047310,파워로직스,2026-07-08 05:27,2025.12,2026.12,2026.03,2026.06,-12.57,0.79,-337.0,5394.0,-5.93,-0.93,-1.79,,,84.58,6865.0,-64.0,-123.0,,,,,,,,,,,,,,-107.07,0.77,243.0,5780.0,-0.72,3.24,3.68,,,95.39,2413.0,78.0,89.0,,,,,,,,,,,,,
049070,인탑스,2026-07-08 05:27,2025.12,2026.12,2026.03,2026.06,21.28,0.48,942.0,42138.0,2.44,-1.91,1.38,1.0,19.54,15.36,5908.0,-113.0,82.0,10.22,0.38,1664.0,44777.0,4.12,3.03,5.38,,,,6114.0,186.0,329.0,12.57,0.37,585.0,43078.0,3.26,3.91,7.23,0.75,19.12,17.8,1631.0,64.0,118.0,,,314.0,,,2.68,,,,,1510.0,40.0,
126700,하이비젼시스템,2026-07-08 05:27,2025.12,2026.12,2026.03,2026.06,-13.95,0.82,-1142.0,19368.0,-6.7,-19.03,-13.85,0.5,-6.02,15.4,1711.0,-326.0,-237.0,5.65,0.46,1780.0,21837.0,10.05,7.78,10.82,,,,3058.0,238.0,331.0,-9.52,0.81,-190.0,19143.0,-9.5,-26.74,-14.06,0.5,-13.53,22.02,280.0,-75.0,-39.0,,,90.0,,,1.85,5.09,,,,452.0,8.0,23.0
148150,세경하이테크,2026-07-08 05:27,2025.12,2026.12,2026.03,2026.06,5.25,1.04,980.0,4921.0,22.13,0.63,17.2,1.95,12.13,47.62,2779.0,18.0,478.0,10.78,0.59,287.0,5239.0,5.83,2.77,6.86,,,,3016.0,84.0,207.0,4.97,0.85,67.0,4986.0,17.23,-3.55,5.1,1.95,20.64,47.75,610.0,-22.0,31.0,,,83.0,,,4.57,,,,,798.0,36.0,
381970,케이카,2026-07-08 05:27,2025.12,2026.12,2026.03,2026.06,15.27,3.49,1050.0,4587.0,22.63,3.12,2.09,7.49,114.38,138.71,24388.0,760.0,509.0,7.82,1.78,1068.0,4684.0,23.03,3.12,2.07,,,,25170.0,784.0,521.0,14.31,3.04,210.0,4524.0,21.02,2.48,1.79,2.18,143.14,151.06,5721.0,142.0,102.0,,,266.0,,,3.06,2.07,,,,6296.0,193.0,130.0
151860,KG에코솔루션,2026-07-08 05:27,2025.12,2026.12,2026.03,2026.06,3.26,0.16,1717.0,34152.0,5.89,2.52,2.42,2.68,7.64,99.5,75772.0,1913.0,1837.0,,,,,,,,,,,,,,3.01,0.17,712.0,34772.0,6.58,1.67,3.58,2.68,22.55,110.73,19696.0,328.0,704.0,,,,,,,,,,,,,
001390,KG케미칼,2026-07-08 05:27,2025.12,2026.12,2026.03,2026.06,5.16,0.35,1019.0,14858.0,7.14,3.36,2.68,2.85,14.42,111.91,91016.0,3057.0,2440.0,,,,,,,,,,,,,,4.56,0.33,401.0,15230.0,7.45,2.7,3.84,2.85,83.72,121.08,23934.0,646.0,920.0,,,,,,,,,,,,,
067990,도이치모터스,2026-07-08 05:27,2025.12,2026.12,2026.03,2026.06,37.55,0.33,117.0,13187.0,0.9,1.6,0.07,8.87,321.48,336.28,25491.0,408.0,17.0,,,,,,,,,,,,,,34.98,0.34,-0.0,12840.0,0.99,1.64,0.04,8.87,-3518.97,356.32,6374.0,104.0,2.0,,,,,,,,,,,,,
900140,엘브이엠씨홀딩스,2026-07-08 05:27,2025.12,2026.12,2026.03,2026.06,94.4,0.62,17.0,2598.0,0.65,9.81,3.73,,,37.59,3930.0,385.0,147.0,,,,,,,,,,,,,,19.05,0.57,78.0,2801.0,3.2,15.34,13.98,,,34.85,1293.0,198.0,181.0,,,,,,,,,,,,,
005385,현대차우,2026-07-08 05:27,2025.12,2026.12,2026.03,2026.06,8.39,0.67,35331.0,439541.0,8.41,6.16,5.56,4.88,27.72,188.95,1862545.0,114679.0,103648.0,12.74,1.05,39397.0,475851.0,8.71,6.15,5.84,,,,1941669.0,119465.0,113469.0,13.73,0.98,8800.0,456242.0,7.5,5.47,5.63,1.09,28.03,190.28,459389.0,25147.0,25849.0,,,10471.0,,,6.46,6.52,,,,496978.0,32125.0,32417.0
005389,현대차3우B,2026-07-08 05:27,2025.12,2026.12,2026.03,2026.06,8.39,0.67,35331.0,439541.0,8.41,6.16,5.56,4.9,27.72,188.95,1862545.0,114679.0,103648.0,12.74,1.05,39397.0,475851.0,8.71,6.15,5.84,,,,1941669.0,119465.0,113469.0,13.73,0.98,8800.0,456242.0,7.5,5.47,5.63,1.12,28.03,190.28,459389.0,25147.0,25849.0,,,10471.0,,,6.46,6.52,,,,496978.0,32125.0,32417.0
005387,현대차2우B,2026-07-08 05:27,2025.12,2026.12,2026.03,2026.06,8.39,0.67,35331.0,439541.0,8.41,6.16,5.56,4.75,27.72,188.95,1862545.0,114679.0,103648.0,12.74,1.05,39397.0,475851.0,8.71,6.15,5.84,,,,1941669.0,119465.0,113469.0,13.73,0.98,8800.0,456242.0,7.5,5.47,5.63,1.08,28.03,190.28,459389.0,25147.0,25849.0,,,10471.0,,,6.46,6.52,,,,496978.0,32125.0,32417.0
000040,KR모터스,2026-07-08 05:27,2025.12,2026.12,2026.03,2026.06,-16.6,0.89,-27.0,506.0,-4.97,-20.92,-13.72,,,115.69,138.0,-29.0,-19.0,,,,,,,,,,,,,,1.66,0.57,224.0,730.0,40.62,-26.21,758.26,,,156.37,26.0,-7.0,194.0,,,,,,,,,,,,,
003495,대한항공우,2026-07-08 05:27,2025.12,2026.12,2026.03,2026.06,10.68,0.76,2111.0,29659.0,7.28,4.42,2.57,3.35,35.53,339.88,252255.0,11136.0,6473.0,48.97,1.03,587.0,27963.0,1.99,3.16,0.72,,,,274182.0,8666.0,1975.0,14.1,0.8,330.0,29417.0,5.78,7.77,0.51,3.35,214.08,372.81,66581.0,5174.0,337.0,,,-423.0,,,-3.21,-5.63,,,,68843.0,-2207.0,-3873.0
298690,에어부산,2026-07-08 05:27,2025.12,2026.12,2026.03,2026.06,-9.08,1.24,-189.0,1383.0,-14.71,-0.54,-2.65,,,801.0,8326.0,-45.0,-221.0,,,,,,,,,,,,,,-2.99,1.46,-138.0,1234.0,-44.85,11.81,-6.26,,,956.32,2577.0,304.0,-161.0,,,,,,,,,,,,,
020560,아시아나항공,2026-07-08 05:27,2025.12,2026.12,2026.03,2026.06,-5.72,2.17,-1374.0,3623.0,-34.48,-4.75,-4.03,,,1370.19,72668.0,-3452.0,-2925.0,-2.7,,-2859.0,,,-8.16,,,,,69880.0,-5700.0,,-2.2,2.89,-1182.0,2410.0,-86.18,-3.12,-14.98,,,2109.7,16804.0,-524.0,-2517.0,,,-1301.0,,,-20.75,,,,,16820.0,-3490.0,
180640,한진칼,2026-07-08 05:27,2025.12,2026.12,2026.03,2026.06,53.83,2.5,2303.0,49668.0,4.75,-2.52,53.35,0.29,15.64,20.93,2984.0,-75.0,1592.0,,,,,,,,,,,,,,43.33,2.12,1247.0,50835.0,5.03,18.7,122.76,0.29,49.26,19.92,696.0,130.0,854.0,,,,,,,,,,,,,
091810,트리니티항공,2026-07-08 05:27,2025.12,2026.12,2026.03,2026.06,-1.04,9.56,-1326.0,144.0,-503.7,-14.76,-18.81,,,3498.63,17982.0,-2655.0,-3383.0,-2.01,6.6,-348.0,106.0,-294.26,-6.68,-7.12,,,,21405.0,-1430.0,-1524.0,-0.79,3.24,-45.0,261.0,-439.24,3.14,-2.73,,,1947.11,6121.0,192.0,-167.0,,,-291.0,,,-26.09,-22.02,,,,4600.0,-1200.0,-1013.0
036000,예림당,2026-07-08 05:27,2025.12,2026.12,2026.03,2026.06,0.6,0.29,5479.0,11107.0,66.78,-13.84,1230.17,,,17.53,103.0,-14.0,1262.0,,,,,,,,,,,,,,0.52,0.28,-38.0,11069.0,74.13,4.39,-27.68,,,10.21,32.0,1.0,-9.0,,,,,,,,,,,,,
432430,와이랩,2026-07-08 05:27,2025.12,2026.12,2026.03,2026.06,-10.05,2.46,-409.0,1674.0,-21.79,-23.57,-23.28,,,31.64,371.0,-87.0,-86.0,,,,,,,,,,,,,,-7.12,2.05,-150.0,1530.0,-25.09,-31.6,-32.19,,,90.8,128.0,-40.0,-41.0,,,,,,,,,,,,,
418470,KT밀리의서재,2026-07-08 05:27,2025.12,2026.12,2026.03,2026.06,7.44,1.35,1847.0,10150.0,20.03,16.3,17.87,4.0,29.89,26.64,882.0,144.0,158.0,,,,,,,,,,,,,,6.71,1.28,457.0,10057.0,20.52,16.3,16.36,4.0,83.75,35.43,239.0,39.0,39.0,,,,,,,,,,,,,
084180,수성웹툰,2026-07-08 05:27,2025.12,2026.12,2026.03,2026.06,-1.43,0.74,-2226.0,4306.0,-39.04,5.62,-38.89,,,119.38,928.0,52.0,-361.0,,,,,,,,,,,,,,-0.73,0.38,-52.0,4251.0,-43.23,2.25,-3.01,,,122.16,226.0,5.0,-7.0,,,,,,,,,,,,,
263720,디앤씨미디어,2026-07-08 05:27,2025.12,2026.12,2026.03,2026.06,19.31,1.6,637.0,7665.0,8.7,20.28,9.34,,,22.76,855.0,173.0,80.0,,,,,,,,,,,,,,17.45,1.47,172.0,7789.0,8.83,20.11,12.32,,,19.81,174.0,35.0,21.0,,,,,,,,,,,,,
068290,삼성출판사,2026-07-08 05:27,2025.12,2026.12,2026.03,2026.06,27.26,0.67,405.0,16404.0,2.38,-1.97,10.05,1.81,49.39,18.74,403.0,-8.0,40.0,,,,,,,,,,,,,,20.03,0.59,198.0,14928.0,2.71,-1.85,18.49,1.81,5923.57,19.47,107.0,-2.0,20.0,,,,,,,,,,,,,
127710,아시아경제,2026-07-08 05:27,2025.12,2026.12,2026.03,2026.06,11.9,0.39,89.0,2736.0,3.39,7.49,4.25,,,259.16,731.0,55.0,31.0,,,,,,,,,,,,,,62.37,0.68,-33.0,2430.0,1.02,-19.02,-9.36,,,220.2,145.0,-28.0,-14.0,,,,,,,,,,,,,
016880,웅진,2026-07-08 05:27,2025.12,2026.12,2026.03,2026.06,1.55,1.02,1511.0,2289.0,96.89,6.79,9.94,,,1491.13,11507.0,781.0,1144.0,,,,,,,,,,,,,,4.47,1.22,93.0,2182.0,26.18,10.49,1.4,,,1581.64,3026.0,317.0,42.0,,,,,,,,,,,,,
054920,한컴위드,2026-07-08 05:27,2025.12,2026.12,2026.03,2026.06,15.87,0.76,278.0,5802.0,5.53,0.79,1.21,,,67.27,7712.0,61.0,94.0,,,,,,,,,,,,,,24.1,0.85,40.0,5845.0,4.06,0.03,0.59,,,63.1,1660.0,1.0,10.0,,,,,,,,,,,,,
058430,포스코스틸리온,2026-07-08 05:27,2025.12,2026.12,2026.03,2026.06,14.01,0.62,284.0,6401.0,4.45,2.17,1.61,2.73,38.14,30.99,11254.0,245.0,182.0,10.61,0.74,467.0,6660.0,7.16,2.73,2.38,,,,11740.0,320.0,280.0,18.76,0.7,113.0,6412.0,3.77,2.25,2.45,2.73,10436.72,38.84,2793.0,63.0,69.0,,,83.0,,,2.06,1.72,,,,2910.0,60.0,50.0
021050,서원,2026-07-08 05:27,2025.12,2026.12,2026.03,2026.06,-9.27,0.36,-119.0,3073.0,-3.78,3.11,3.29,,,216.02,17136.0,533.0,-0.0,,,,,,,,,,,,,,50.43,0.35,171.0,3410.0,0.7,5.45,3.27,,,225.04,5030.0,274.0,165.0,,,,,,,,,,,,,
001560,제일연마,2026-07-08 05:27,2025.12,2026.12,2026.03,2026.06,7.21,0.61,1385.0,16369.0,13.12,5.38,17.29,7.22,35.12,11.41,789.0,42.0,136.0,,,,,,,,,,,,,,7.34,0.68,191.0,16107.0,14.36,7.87,9.57,7.22,534.38,16.48,195.0,15.0,19.0,,,,,,,,,,,,,
009730,이렘,2026-07-08 05:27,2025.12,2026.12,2026.03,2026.06,-2.43,1.04,-276.0,644.0,-36.39,-15.1,-18.3,,,151.64,920.0,-139.0,-168.0,,,,,,,,,,,,,,-2.08,0.9,-46.0,592.0,-32.93,-13.92,-17.71,,,130.29,170.0,-24.0,-30.0,,,,,,,,,,,,,
128660,피제이메탈,2026-07-08 05:27,2025.12,2026.12,2026.03,2026.06,9.07,0.94,308.0,2977.0,10.63,3.5,2.42,6.09,55.28,113.35,3490.0,122.0,85.0,,,,,,,,,,,,,,13.94,1.26,79.0,2886.0,9.18,7.7,1.45,6.09,155.57,119.88,1031.0,79.0,15.0,,,,,,,,,,,,,
004560,현대비앤지스틸,2026-07-08 05:27,2025.12,2026.12,2026.03,2026.06,11.21,0.32,976.0,34303.0,2.86,3.49,2.0,2.29,25.65,36.89,7413.0,259.0,148.0,,,,,,,,,,,,,,13.39,0.43,287.0,34472.0,3.21,4.2,2.18,2.29,67.25,41.91,1997.0,84.0,44.0,,,,,,,,,,,,,
060480,국일신동,2026-07-08 05:27,2025.12,2026.12,2026.03,2026.06,182.97,0.42,9.0,3816.0,0.23,-0.58,0.27,1.87,341.79,10.21,363.0,-2.0,1.0,,,,,,,,,,,,,,80.89,0.46,23.0,3808.0,0.57,3.86,2.78,1.87,73.6,9.31,91.0,4.0,3.0,,,,,,,,,,,,,
008355,남선알미우,2026-07-08 05:27,2025.12,2026.12,2026.03,2026.06,45.63,0.58,28.0,2196.0,1.25,-1.26,1.4,,,53.87,2589.0,-33.0,36.0,,,,,,,,,,,,,,-58.08,0.81,-8.0,2215.0,-1.36,-2.73,-1.71,,,60.68,631.0,-17.0,-11.0,,,,,,,,,,,,,
024090,디씨엠,2026-07-08 05:27,2025.12,2026.12,2026.03,2026.06,12.08,0.41,1035.0,30618.0,4.55,4.21,5.2,6.56,59.33,12.67,2271.0,96.0,118.0,,,,,,,,,,,,,,14.6,0.4,385.0,30494.0,3.7,4.05,8.95,6.56,213.86,14.48,491.0,20.0,44.0,,,,,,,,,,,,,
081150,티플랙스,2026-07-08 05:27,2025.12,2026.12,2026.03,2026.06,21.59,0.41,132.0,6922.0,2.02,2.5,1.53,1.76,35.56,49.36,2092.0,52.0,32.0,,,,,,,,,,,,,,20.11,0.47,55.0,7052.0,2.57,3.69,2.1,1.76,112.04,61.79,639.0,24.0,13.0,,,,,,,,,,,,,
177830,파버나인,2026-07-08 05:27,2025.12,2026.12,2026.03,2026.06,-10.49,0.44,-274.0,6459.0,-4.83,1.94,-3.16,2.79,-24.64,106.17,1325.0,26.0,-42.0,,,,,,,,,,,,,,-8.15,0.42,-17.0,6629.0,-6.02,0.28,-0.98,2.79,-21.03,121.35,318.0,1.0,-3.0,,,,,,,,,,,,,
069460,대호에이엘,2026-07-08 05:27,2025.12,2026.12,2026.03,2026.06,-3.34,1.46,-2094.0,4792.0,-36.09,1.61,-15.07,,,100.9,2156.0,35.0,-325.0,,,,,,,,,,,,,,-1.09,0.6,-212.0,4432.0,-44.72,2.66,-11.67,,,100.47,654.0,17.0,-76.0,,,,,,,,,,,,,
010040,한국내화,2026-07-08 05:27,2025.12,2026.12,2026.03,2026.06,-3.95,0.49,-531.0,4239.0,-12.26,0.68,-5.36,4.65,64.37,58.06,4063.0,28.0,-218.0,,,,,,,,,,,,,,-3.58,0.43,-14.0,4344.0,-12.09,-0.35,-0.63,,,59.28,884.0,-3.0,-6.0,,,,,,,,,,,,,
012800,대창,2026-07-08 05:27,2025.12,2026.12,2026.03,2026.06,54.75,0.34,23.0,3725.0,0.75,3.5,0.22,,,206.19,14702.0,515.0,33.0,,,,,,,,,,,,,,9.29,0.35,153.0,3658.0,4.29,5.55,3.41,,,198.42,4291.0,238.0,146.0,,,,,,,,,,,,,
000480,CR홀딩스,2026-07-08 05:27,2025.12,2026.12,2026.03,2026.06,-8.27,0.36,-585.0,13605.0,-4.69,3.36,-2.27,8.48,-57.59,93.66,8278.0,278.0,-188.0,,,,,,,,,,,,,,-11.58,0.34,137.0,13848.0,-3.32,4.96,3.9,4.34,-49.1,92.62,2057.0,102.0,80.0,,,,,,,,,,,,,
900250,크리스탈신소재,2026-07-08 05:27,2025.12,2026.12,2026.03,2026.06,-35.15,0.2,-80.0,13919.0,-0.54,15.34,-2.58,,,7.13,699.0,107.0,-18.0,,,,,,,,,,,,,,-18.7,0.15,11.0,14879.0,-0.78,4.74,3.26,,,4.81,116.0,6.0,4.0,,,,,,,,,,,,,
079170,한창산업,2026-07-08 05:27,2025.12,2026.12,2026.03,2026.06,5.13,0.46,1266.0,14025.0,9.41,8.0,6.68,3.23,16.49,19.15,986.0,79.0,66.0,,,,,,,,,,,,,,4.57,0.45,257.0,14073.0,10.4,3.14,6.28,3.23,267.79,19.91,212.0,7.0,13.0,,,,,,,,,,,,,
025820,이구산업,2026-07-08 05:27,2025.12,2026.12,2026.03,2026.06,17.06,1.28,327.0,4355.0,7.74,4.81,2.15,1.62,27.56,158.83,5078.0,244.0,109.0,,,,,,,,,,,,,,7.35,1.0,437.0,4701.0,14.4,14.03,9.63,1.62,177.85,183.29,1516.0,213.0,146.0,,,,,,,,,,,,,
155660,DSR,2026-07-08 05:27,2025.12,2026.12,2026.03,2026.06,4.18,0.26,935.0,15284.0,6.29,6.38,4.92,6.4,26.74,58.32,3024.0,193.0,149.0,,,,,,,,,,,,,,3.2,0.26,612.0,15764.0,8.42,8.74,12.82,6.4,116.83,59.45,763.0,67.0,98.0,,,,,,,,,,,,,
009620,삼보산업,2026-07-08 05:27,2025.12,2026.12,2026.03,2026.06,-5.22,22.75,-320.0,73.0,-215.67,2.76,-1.14,,,1047.39,2857.0,79.0,-33.0,,,,,,,,,,,,,,-4.53,14.47,13.0,98.0,-123.4,6.97,0.44,,,1118.02,773.0,54.0,3.0,,,,,,,,,,,,,
462520,조선내화,2026-07-08 05:27,2025.12,2026.12,2026.03,2026.06,75.19,0.75,188.0,18686.0,1.01,4.49,0.58,7.09,533.02,116.28,5320.0,239.0,31.0,,,,,,,,,,,,,,13.82,0.69,618.0,19853.0,5.21,6.79,5.66,1.42,245.8,109.99,1319.0,90.0,75.0,,,,,,,,,,,,,
032560,황금에스티,2026-07-08 05:27,2025.12,2026.12,2026.03,2026.06,5.62,0.26,1060.0,22693.0,4.77,5.68,6.71,2.52,14.14,26.5,3165.0,180.0,212.0,,,,,,,,,,,,,,4.8,0.25,484.0,23028.0,5.42,10.02,10.81,2.52,67.06,28.96,877.0,88.0,95.0,,,,,,,,,,,,,
009160,SIMPAC,2026-07-08 05:27,2025.12,2026.12,2026.03,2026.06,16.21,0.42,315.0,12180.0,3.79,3.9,1.9,5.88,80.21,98.98,11790.0,460.0,224.0,,,,,,,,,,,,,,17.44,0.42,29.0,11930.0,2.97,6.86,0.55,5.88,424.99,102.84,3153.0,216.0,17.0,,,,,,,,,,,,,
005810,풍산홀딩스,2026-07-08 05:27,2025.12,2026.12,2026.03,2026.06,7.26,0.44,5163.0,84683.0,6.57,15.44,17.19,4.27,29.51,15.48,4325.0,668.0,744.0,4.09,0.38,8601.0,91875.0,10.28,29.13,24.08,,,,5150.0,1500.0,1240.0,5.42,0.4,2311.0,86139.0,8.01,29.15,27.61,4.27,133.95,17.19,1210.0,353.0,334.0,,,2081.0,,,29.46,23.26,,,,1290.0,380.0,300.0
015890,태경산업,2026-07-08 05:27,2025.12,2026.12,2026.03,2026.06,8.63,0.47,574.0,10506.0,5.41,7.13,4.96,5.05,43.57,67.64,7771.0,554.0,385.0,,,,,,,,,,,,,,6.88,0.44,223.0,10782.0,6.69,8.35,6.88,5.05,209.89,69.31,2062.0,172.0,142.0,,,,,,,,,,,,,
054410,케이피티유,2026-07-08 05:27,2025.12,2026.12,2026.03,2026.06,9.6,0.39,386.0,9569.0,4.11,3.48,5.54,,,74.77,399.0,14.0,22.0,,,,,,,,,,,,,,6.89,0.35,512.0,10267.0,5.31,3.6,25.82,,,70.05,114.0,4.0,29.0,,,,,,,,,,,,,
125210,아모그린텍,2026-07-08 05:27,2025.12,2026.12,2026.03,2026.06,16.98,1.23,357.0,4917.0,7.77,7.18,4.51,,,133.86,1306.0,94.0,59.0,9.19,1.13,691.0,5637.0,13.09,9.42,7.46,,,,1529.0,144.0,114.0,20.8,1.52,108.0,5078.0,7.84,5.35,5.79,,,122.31,307.0,16.0,18.0,,,,,,,,,,,,,
456040,OCI,2026-07-08 05:27,2025.12,2026.12,2026.03,2026.06,-8.52,0.47,-6994.0,125846.0,-5.37,0.02,-3.41,3.76,20.51,95.38,20094.0,4.0,-685.0,6.87,0.65,13326.0,140062.0,10.08,7.25,5.3,,,,23424.0,1698.0,1241.0,-38.16,0.73,2770.0,129408.0,-1.9,5.49,4.89,,,95.15,5066.0,278.0,248.0,,,2781.0,,,7.57,3.68,,,,6354.0,481.0,234.0
014830,유니드,2026-07-08 05:27,2025.12,2026.12,2026.03,2026.06,6.97,0.41,9643.0,162961.0,6.23,6.57,4.88,2.98,20.35,40.84,13388.0,879.0,653.0,4.95,0.37,13163.0,174687.0,7.95,7.75,5.75,,,,15494.0,1201.0,891.0,8.02,0.46,3675.0,174442.0,6.22,6.63,6.47,2.98,564.84,47.98,3844.0,255.0,249.0,,,3942.0,,,8.83,6.39,,,,3883.0,343.0,248.0
003720,삼영,2026-07-08 05:27,2025.12,2026.12,2026.03,2026.06,15.9,2.37,387.0,2595.0,16.59,9.74,9.82,0.49,7.5,124.75,1532.0,149.0,150.0,,,,,,12.68,,,,,2074.0,263.0,,14.62,2.55,154.0,2732.0,19.68,12.4,11.69,0.49,20.34,120.99,484.0,60.0,57.0,,,,,,12.48,,,,,513.0,64.0,
024070,WISCOM,2026-07-08 05:27,2025.12,2026.12,2026.03,2026.06,21.45,0.33,88.0,5754.0,1.53,-0.68,1.3,2.66,57.12,15.14,1033.0,-7.0,13.0,,,,,,,,,,,,,,26.22,0.35,-31.0,5729.0,1.35,-4.39,-1.69,2.66,55.44,22.84,280.0,-12.0,-5.0,,,,,,,,,,,,,
017890,한국알콜,2026-07-08 05:27,2025.12,2026.12,2026.03,2026.06,7.39,0.4,1431.0,26443.0,5.86,7.51,8.92,1.04,7.27,18.3,4239.0,318.0,378.0,,,,,,,,,,,,,,6.69,0.39,510.0,27053.0,6.31,9.79,12.19,1.04,76.74,18.37,1090.0,107.0,133.0,,,,,,,,,,,,,
126600,BGF에코머티리얼즈,2026-07-08 05:27,2025.12,2026.12,2026.03,2026.06,16.44,0.55,223.0,6634.0,3.44,4.36,2.52,1.37,22.15,56.45,3979.0,173.0,100.0,,,,,,,,,,,,,,20.74,0.7,63.0,6697.0,3.48,3.48,2.86,1.37,136.36,58.67,928.0,32.0,27.0,,,,,,,,,,,,,
000210,DL,2026-07-08 05:27,2025.12,2026.12,2026.03,2026.06,-9.69,0.21,-3887.0,177828.0,-2.17,5.61,-1.81,3.16,25.4,147.55,53267.0,2985.0,-963.0,4.52,0.24,10121.0,190163.0,5.51,9.62,4.4,,,,55590.0,5348.0,2446.0,-23.87,0.33,319.0,182539.0,-1.39,8.8,0.95,,,148.13,12828.0,1129.0,121.0,,,6620.0,,,10.76,10.93,,,,14439.0,1554.0,1578.0
007690,국도화학,2026-07-08 05:27,2025.12,2026.12,2026.03,2026.06,13.89,0.33,2354.0,100377.0,2.56,3.81,1.57,3.98,51.21,99.64,13956.0,532.0,219.0,8.16,0.36,4568.0,104002.0,4.82,3.94,2.51,,,,16666.0,657.0,419.0,18.66,0.35,161.0,100517.0,2.07,2.49,0.37,3.98,578.15,122.19,4139.0,103.0,15.0,,,1058.0,,,5.09,,,,,4776.0,243.0,
004430,송원산업,2026-07-08 05:27,2025.12,2026.12,2026.03,2026.06,92.94,0.29,97.0,31671.0,0.31,2.1,0.22,3.31,308.09,50.94,10392.0,218.0,23.0,,,,,,,,,,,,,,13.7,0.27,754.0,32546.0,2.03,9.87,6.72,3.31,-263.16,55.42,2692.0,266.0,181.0,,,,,,,,,,,,,
000215,DL우,2026-07-08 05:27,2025.12,2026.12,2026.03,2026.06,-9.69,0.21,-3887.0,177828.0,-2.17,5.61,-1.81,5.28,25.4,147.55,53267.0,2985.0,-963.0,4.52,0.24,10121.0,190163.0,5.51,9.62,4.4,,,,55590.0,5348.0,2446.0,-23.87,0.33,319.0,182539.0,-1.39,8.8,0.95,,,148.13,12828.0,1129.0,121.0,,,6620.0,,,10.76,10.93,,,,14439.0,1554.0,1578.0
002840,미원상사,2026-07-08 05:27,2025.12,2026.12,2026.03,2026.06,16.4,1.64,9162.0,91715.0,10.66,9.88,9.87,1.6,25.16,18.38,4411.0,436.0,435.0,,,,,,,,,,,,,,15.45,1.46,2316.0,92593.0,10.08,8.38,9.38,0.93,49.78,20.87,1173.0,98.0,110.0,,,,,,,,,,,,,
027410,BGF,2026-07-08 05:27,2025.12,2026.12,2026.03,2026.06,6.35,0.21,618.0,18674.0,3.35,13.03,12.02,3.32,21.05,18.55,4695.0,612.0,564.0,6.16,,648.0,,,13.29,12.87,,,,4740.0,630.0,610.0,6.77,0.24,102.0,18664.0,3.63,8.09,8.63,3.32,94.57,19.64,1049.0,85.0,91.0,,,157.0,,,14.4,,,,,1250.0,180.0,
004000,롯데정밀화학,2026-07-08 05:27,2025.12,2026.12,2026.03,2026.06,10.83,0.47,4112.0,95632.0,4.42,4.24,6.05,3.37,36.01,12.75,17527.0,744.0,1061.0,6.36,0.45,7088.0,101275.0,7.29,6.98,9.31,,,,19883.0,1388.0,1851.0,10.3,0.51,1732.0,95896.0,5.1,6.4,8.75,3.37,141.68,13.7,5107.0,327.0,447.0,,,2528.0,,,7.17,14.56,,,,4973.0,357.0,724.0
107590,미원홀딩스,2026-07-08 05:27,2025.12,2026.12,2026.03,2026.06,5.98,0.54,11280.0,125024.0,9.52,4.13,6.18,1.04,6.19,61.58,4927.0,203.0,304.0,,,,,,,,,,,,,,4.89,0.49,5855.0,131569.0,10.57,6.28,10.35,1.04,77.77,65.57,1477.0,93.0,153.0,,,,,,,,,,,,,
025860,남해화학,2026-07-08 05:27,2025.12,2026.12,2026.03,2026.06,11.35,0.58,587.0,11459.0,5.41,2.69,1.68,1.35,14.8,49.21,16044.0,431.0,269.0,,,,,,,,,,,,,,31.02,0.71,-41.0,11326.0,2.36,-0.03,-0.51,1.35,-80.84,65.73,4930.0,-1.0,-25.0,,,,,,,,,,,,,
120110,코오롱인더,2026-07-08 05:27,2025.12,2026.12,2026.03,2026.06,35.48,0.35,1264.0,129708.0,1.01,2.23,1.06,2.9,103.18,88.99,48734.0,1089.0,516.0,9.68,0.47,5939.0,121906.0,4.82,4.28,3.69,,,,52461.0,2245.0,1938.0,22.98,0.53,2451.0,136826.0,2.46,5.0,6.44,1.56,-224.1,87.17,12374.0,619.0,797.0,,,1661.0,,,5.26,4.18,,,,13229.0,696.0,553.0
196700,웹스,2026-07-08 05:27,2025.12,2026.12,2026.03,2026.06,7.47,0.76,286.0,2809.0,10.59,12.85,9.51,,,81.37,432.0,56.0,41.0,,,,,,,,,,,,,,5.97,0.67,61.0,2942.0,12.0,7.52,8.57,,,76.24,102.0,8.0,9.0,,,,,,,,,,,,,
045060,오공,2026-07-08 05:27,2025.12,2026.12,2026.03,2026.06,7.14,0.33,329.0,7198.0,4.67,3.51,3.51,2.13,15.18,20.31,1601.0,56.0,56.0,,,,,,,,,,,,,,6.2,0.31,84.0,7230.0,5.18,3.83,3.37,2.13,47.96,20.97,425.0,16.0,14.0,,,,,,,,,,,,,
083420,그린케미칼,2026-07-08 05:27,2025.12,2026.12,2026.03,2026.06,16.31,1.19,402.0,5499.0,7.7,3.34,3.17,3.66,58.0,60.1,3041.0,101.0,97.0,,,,,,,,,,,,,,12.16,1.05,122.0,5464.0,9.13,3.88,3.75,2.44,121.74,72.0,777.0,30.0,29.0,,,,,,,,,,,,,
097870,효성오앤비,2026-07-08 05:27,2025.06,2026.06,2026.03,2026.06,21.16,0.71,331.0,9928.0,3.61,14.22,11.87,,,14.52,244.0,35.0,29.0,,,,,,,,,,,,,,79.87,0.6,195.0,10107.0,0.81,30.32,16.47,,,15.64,106.0,32.0,18.0,,,,,,,,,,,,,
036640,HRS,2026-07-08 05:27,2025.12,2026.12,2026.03,2026.06,6.25,0.64,827.0,8019.0,10.72,17.0,17.14,5.8,35.45,9.94,789.0,134.0,135.0,,,,,,,,,,,,,,6.17,0.63,183.0,7927.0,10.62,14.7,14.38,5.8,172.89,20.89,209.0,31.0,30.0,,,,,,,,,,,,,
069260,TKG휴켐스,2026-07-08 05:27,2025.12,2026.12,2026.03,2026.06,12.92,0.81,1466.0,23511.0,6.77,5.82,5.25,5.28,64.05,28.61,11277.0,656.0,592.0,8.7,0.64,1799.0,24520.0,7.98,6.62,5.58,,,,13124.0,868.0,732.0,12.37,0.78,340.0,23052.0,6.86,5.15,4.52,5.28,-2887.64,33.02,2949.0,152.0,133.0,,,685.0,,,7.74,,,,,3469.0,268.0,
120115,코오롱인더우,2026-07-08 05:27,2025.12,2026.12,2026.03,2026.06,35.48,0.35,1264.0,129708.0,1.01,2.23,1.06,5.31,103.18,88.99,48734.0,1089.0,516.0,9.68,0.47,5939.0,121906.0,4.82,4.28,3.69,,,,52461.0,2245.0,1938.0,22.98,0.53,2451.0,136826.0,2.46,5.0,6.44,2.95,-224.1,87.17,12374.0,619.0,797.0,,,1661.0,,,5.26,4.18,,,,13229.0,696.0,553.0
268280,미원에스씨,2026-07-08 05:27,2025.12,2026.12,2026.03,2026.06,11.44,1.51,12261.0,92934.0,14.34,12.31,11.52,2.28,25.17,22.46,5321.0,655.0,613.0,,,,,,,,,,,,,,9.25,1.29,4304.0,95345.0,15.27,13.65,15.23,1.57,69.53,28.93,1413.0,193.0,215.0,,,,,,,,,,,,,
005360,모나미,2026-07-08 05:27,2025.12,2026.12,2026.03,2026.06,-3.5,0.46,-559.0,4286.0,-12.24,-4.47,-8.14,1.54,-5.37,117.76,1310.0,-59.0,-107.0,,,,,,,,,,,,,,-2.91,0.41,-149.0,4116.0,-13.12,-8.28,-8.57,1.54,-17.75,139.21,328.0,-27.0,-28.0,,,,,,,,,,,,,
012205,계양전기우,2026-07-08 05:27,2025.12,2026.12,2026.03,2026.06,-5.11,9.03,-1299.0,734.0,-96.61,-6.95,-9.46,0.74,-56.38,959.49,3898.0,-271.0,-369.0,,,,,,,,,,,,,,-4.33,7.03,29.0,787.0,-92.88,-1.96,0.83,,,955.21,989.0,-19.0,8.0,,,,,,,,,,,,,
012200,계양전기,2026-07-08 05:27,2025.12,2026.12,2026.03,2026.06,-5.11,9.03,-1299.0,734.0,-96.61,-6.95,-9.46,1.35,-56.38,959.49,3898.0,-271.0,-369.0,,,,,,,,,,,,,,-4.33,7.03,29.0,787.0,-92.88,-1.96,0.83,,,955.21,989.0,-19.0,8.0,,,,,,,,,,,,,
005725,넥센우,2026-07-08 05:27,2025.12,2026.12,2026.03,2026.06,3.8,0.23,1596.0,26875.0,6.86,5.69,4.96,4.0,9.98,113.35,35865.0,2042.0,1779.0,,,,,,,,,,,,,,3.4,0.23,674.0,27755.0,7.79,7.21,7.8,4.0,38.73,111.46,9375.0,676.0,731.0,,,,,,,,,,,,,
009900,명신산업,2026-07-08 05:27,2025.12,2026.12,2026.03,2026.06,6.89,0.62,1302.0,14406.0,9.4,6.34,4.22,1.11,7.68,84.78,16192.0,1026.0,683.0,5.04,0.49,1534.0,15914.0,10.12,6.93,4.8,,,,16815.0,1165.0,807.0,6.82,0.62,415.0,15334.0,9.71,5.0,5.42,1.11,108.88,86.5,4120.0,206.0,223.0,,,361.0,,,7.08,5.08,,,,4312.0,306.0,219.0
087260,모바일어플라이언스,2026-07-08 05:27,2025.12,2026.12,2026.03,2026.06,-97.71,1.12,-17.0,1509.0,-1.15,-2.56,-1.62,,,24.31,349.0,-9.0,-6.0,,,,,,,,,,,,,,-17.8,1.52,-92.0,1418.0,-8.22,-64.38,-67.02,,,32.46,45.0,-29.0,-30.0,,,,,,,,,,,,,
040610,SG&G,2026-07-08 05:27,2025.12,2026.12,2026.03,2026.06,2.26,0.15,1596.0,24694.0,6.82,7.7,57.02,,,17.31,477.0,37.0,272.0,,,,,,,,,,,,,,2.38,0.16,521.0,25398.0,7.14,15.46,71.19,,,20.92,125.0,19.0,89.0,,,,,,,,,,,,,
123040,엠에스오토텍,2026-07-08 05:27,2025.12,2026.12,2026.03,2026.06,-1.23,0.63,-1710.0,3331.0,-43.22,1.8,-4.3,1.42,28.38,166.22,17406.0,313.0,-749.0,,,,,,,,,,,,,,-1.39,0.66,-77.0,3419.0,-40.49,2.84,2.04,,,165.95,4201.0,119.0,86.0,,,,,,,,,,,,,
064960,SNT모티브,2026-07-08 05:27,2025.12,2026.12,2026.03,2026.06,13.15,0.81,2623.0,42534.0,6.97,10.19,6.91,4.93,58.19,25.5,10064.0,1026.0,695.0,7.16,0.6,3780.0,45083.0,9.61,10.37,9.53,,,,10526.0,1092.0,1003.0,11.6,0.74,936.0,43345.0,7.23,9.99,11.53,1.25,38.36,23.75,2156.0,215.0,249.0,,,942.0,,,10.67,9.12,,,,2760.0,294.0,252.0
088290,이원컴포텍,2026-07-08 05:27,2025.12,2026.12,2026.03,2026.06,-7.16,3.34,-558.0,1194.0,-29.1,2.78,-7.24,,,148.7,566.0,16.0,-41.0,,,,,,,,,,,,,,-1.35,2.37,-193.0,914.0,-87.86,-10.05,-18.02,,,207.43,85.0,-9.0,-15.0,,,,,,,,,,,,,
025540,한국단자,2026-07-08 05:27,2025.12,2026.12,2026.03,2026.06,6.48,0.59,10383.0,114828.0,9.47,9.65,7.36,4.75,30.54,34.11,14428.0,1393.0,1062.0,5.91,0.57,11854.0,123490.0,9.95,9.7,8.23,,,,14554.0,1412.0,1198.0,6.73,0.65,3488.0,117298.0,10.06,7.66,10.45,3.71,110.58,40.06,3374.0,258.0,352.0,,,,,,9.21,,,,,3625.0,334.0,
023000,삼원강재,2026-07-08 05:27,2025.12,2026.12,2026.03,2026.06,8.97,0.37,268.0,6511.0,4.2,2.75,2.98,4.58,40.85,18.9,3593.0,99.0,107.0,,,,,,,,,,,,,,8.15,0.36,75.0,6478.0,4.46,2.87,3.52,4.58,212.01,23.43,848.0,24.0,30.0,,,,,,,,,,,,,
000240,한국앤컴퍼니,2026-07-08 05:27,2025.12,2026.12,2026.03,2026.06,7.15,0.52,3658.0,50477.0,7.52,28.24,23.82,4.21,30.01,10.01,14576.0,4116.0,3472.0,5.89,0.47,4438.0,55301.0,8.41,28.62,26.34,,,,15981.0,4574.0,4210.0,6.39,0.46,1313.0,52442.0,7.54,32.16,32.95,3.06,166.44,11.83,3784.0,1217.0,1247.0,,,1287.0,,,33.03,,,,,4132.0,1365.0,
005720,넥센,2026-07-08 05:27,2025.12,2026.12,2026.03,2026.06,3.8,0.23,1596.0,26875.0,6.86,5.69,4.96,2.89,9.98,113.35,35865.0,2042.0,1779.0,,,,,,,,,,,,,,3.4,0.23,674.0,27755.0,7.79,7.21,7.8,2.89,38.73,111.46,9375.0,676.0,731.0,,,,,,,,,,,,,
038110,에코플라스틱,2026-07-08 05:27,2025.12,2026.12,2026.03,2026.06,63.28,0.35,48.0,8738.0,0.68,1.4,0.08,1.63,103.39,371.73,25620.0,357.0,20.0,,,,,,,,,,,,,,-24.43,0.42,106.0,8871.0,-1.71,1.13,0.73,1.63,-37.22,389.76,6005.0,68.0,44.0,,,,,,,,,,,,,
024120,KB오토시스,2026-07-08 05:27,2025.12,2026.12,2026.03,2026.06,10.74,0.35,339.0,10359.0,3.27,3.97,1.81,6.87,73.75,115.41,2150.0,85.0,39.0,,,,,,,,,,,,,,7.17,0.35,190.0,10581.0,5.02,2.68,3.81,6.87,107.51,124.11,574.0,15.0,22.0,,,,,,,,,,,,,
001420,태원물산,2026-07-08 05:27,2025.12,2026.12,2026.03,2026.06,-11.56,0.63,-308.0,5683.0,-5.38,-6.58,-15.74,5.62,-62.68,8.98,149.0,-10.0,-23.0,,,,,,,,,,,,,,-7.26,0.54,-65.0,5416.0,-7.28,-19.8,-13.25,5.62,-54.06,15.33,37.0,-7.0,-5.0,,,,,,,,,,,,,
043370,피에이치에이,2026-07-08 05:27,2025.12,2026.12,2026.03,2026.06,5.33,0.27,2204.0,43257.0,5.63,4.03,3.85,3.41,16.88,34.72,12007.0,484.0,463.0,,,,,,,,,,,,,,5.15,0.27,870.0,44249.0,5.9,4.35,5.99,3.41,48.83,35.94,3052.0,133.0,183.0,,,,,,,,,,,,,
011320,유니크,2026-07-08 05:27,2025.12,2026.12,2026.03,2026.06,7.7,0.61,559.0,7054.0,8.28,3.35,2.51,1.4,10.74,119.89,4302.0,144.0,108.0,,,,,,,,,,,,,,5.4,0.51,246.0,7299.0,9.99,4.53,4.24,1.4,130.89,126.17,1121.0,51.0,48.0,,,,,,,,,,,,,
033530,SJG세종,2026-07-08 05:27,2025.12,2026.12,2026.03,2026.06,4.07,0.52,2471.0,19312.0,14.05,4.5,3.62,1.99,7.87,150.88,18969.0,854.0,687.0,,,,,,,,,,,,,,2.36,0.34,1380.0,21041.0,16.26,7.48,8.0,1.99,784.7,151.12,4848.0,362.0,388.0,,,,,,,,,,,,,
021820,세원정공,2026-07-08 05:27,2025.06,2026.06,2026.03,2026.06,2.64,0.19,4646.0,63677.0,7.58,9.49,27.18,1.63,4.3,9.49,1794.0,170.0,488.0,,,,,,,,,,,,,,3.35,0.2,176.0,67916.0,6.32,-1.75,5.27,1.63,13.08,12.09,384.0,-7.0,20.0,,,,,,,,,,,,,
018500,동원금속,2026-07-08 05:27,2026.03,2027.03,2026.03,2026.06,1.85,0.4,835.0,3844.0,24.98,5.31,5.92,3.23,5.99,254.93,6595.0,350.0,390.0,,,,,,,,,,,,,,1.85,0.4,281.0,3844.0,24.98,3.39,7.34,3.23,17.81,254.93,1788.0,61.0,131.0,,,,,,,,,,,,,
378850,화승알앤에이,2026-07-08 05:27,2025.12,2026.12,2026.03,2026.06,3.41,0.37,960.0,8788.0,11.49,3.79,2.55,2.29,7.81,187.6,7146.0,271.0,182.0,,,,,,,,,,,,,,2.57,0.35,575.0,9287.0,14.57,4.9,5.91,2.29,23.14,188.54,1847.0,91.0,109.0,,,,,,,,,,,,,
001620,케이비아이동국실업,2026-07-08 05:27,2025.12,2026.12,2026.03,2026.06,1.74,0.21,1417.0,11828.0,13.01,2.3,3.91,,,221.58,8080.0,186.0,316.0,,,,,,,,,,,,,,1.63,0.24,240.0,12637.0,16.62,-0.59,2.54,,,220.81,2047.0,-12.0,52.0,,,,,,,,,,,,,
013570,디와이,2026-07-08 05:27,2025.12,2026.12,2026.03,2026.06,8.74,0.29,534.0,15901.0,3.62,3.86,2.41,3.64,31.83,75.63,12448.0,481.0,300.0,,,,,,,,,,,,,,14.12,0.31,95.0,15413.0,2.23,2.52,2.32,3.64,-242.76,76.65,3315.0,84.0,77.0,,,,,,,,,,,,,
025530,SJM홀딩스,2026-07-08 05:27,2025.12,2026.12,2026.03,2026.06,6.65,0.29,564.0,12785.0,4.96,5.13,7.08,6.67,40.24,19.76,2058.0,106.0,146.0,,,,,,,,,,,,,,5.63,0.28,296.0,12984.0,5.59,5.89,14.49,6.67,255.95,22.73,543.0,32.0,79.0,,,,,,,,,,,,,
038950,파인디지털,2026-07-08 05:27,2025.12,2026.12,2026.03,2026.06,-28.92,0.29,-112.0,11183.0,-1.23,-7.29,-1.93,1.55,-35.95,8.77,629.0,-46.0,-12.0,,,,,,,,,,,,,,-85.46,0.29,-44.0,11220.0,-0.42,-11.03,-3.7,1.55,27.44,9.74,147.0,-16.0,-5.0,,,,,,,,,,,,,
066575,LG전자우,2026-07-08 05:27,2025.12,2026.12,2026.03,2026.06,17.27,0.69,5321.0,132659.0,4.28,2.78,1.37,2.89,25.37,140.33,892009.0,24784.0,12204.0,17.37,1.28,10693.0,144578.0,7.73,4.16,2.43,,,,940613.0,39163.0,22882.0,19.49,0.74,4530.0,142232.0,4.11,7.05,4.24,1.86,-18.56,133.33,237272.0,16737.0,10051.0,,,2883.0,,,4.69,2.8,,,,225443.0,10580.0,6307.0
008700,아남전자,2026-07-08 05:27,2025.12,2026.12,2026.03,2026.06,17.26,0.76,76.0,1735.0,4.45,2.23,2.74,,,54.57,2153.0,48.0,59.0,,,,,,,,,,,,,,-168.48,0.89,-60.0,1768.0,-0.54,-15.23,-16.16,,,63.86,286.0,-44.0,-46.0,,,,,,,,,,,,,
084730,팅크웨어,2026-07-08 05:27,2025.12,2026.12,2026.03,2026.06,-3.88,0.48,-2005.0,16025.0,-12.75,2.96,-3.96,,,70.24,5366.0,159.0,-212.0,,,,,,,,,,,,,,-3.8,0.53,-291.0,15457.0,-13.71,-3.82,-3.36,,,91.76,1197.0,-46.0,-40.0,,,,,,,,,,,,,
032540,TJ미디어,2026-07-08 05:27,2025.12,2026.12,2026.03,2026.06,19.69,0.94,191.0,4008.0,4.71,3.48,4.22,5.68,111.86,51.98,944.0,33.0,40.0,,,,,,,,,,,,,,22.3,1.01,5.0,3812.0,4.47,-3.89,0.64,5.68,254.57,62.02,174.0,-7.0,1.0,,,,,,,,,,,,,
028080,휴맥스홀딩스,2026-07-08 05:27,2025.12,2026.12,2026.03,2026.06,-0.73,0.58,-11260.0,14185.0,-66.7,-7.15,-20.88,,,434.55,4007.0,-287.0,-837.0,,,,,,,,,,,,,,-1.86,0.37,4678.0,19230.0,-21.19,2.5,36.87,,,290.53,939.0,23.0,346.0,,,,,,,,,,,,,
115160,휴맥스,2026-07-08 05:27,2025.12,2026.12,2026.03,2026.06,-0.45,0.38,-17755.0,21031.0,-63.14,-7.41,-20.65,,,410.84,3942.0,-292.0,-814.0,,,,,,,,,,,,,,-1.23,0.24,8000.0,28950.0,-18.63,3.06,38.43,,,275.07,921.0,28.0,354.0,,,,,,,,,,,,,
078890,가온그룹,2026-07-08 05:27,2025.12,2026.12,2026.03,2026.06,15.76,0.82,370.0,7147.0,5.35,2.42,1.12,1.2,18.98,226.68,5175.0,125.0,58.0,5.85,0.61,815.0,7761.0,11.03,3.38,2.49,,,,5620.0,190.0,140.0,14.31,0.8,229.0,7230.0,5.75,9.28,3.24,1.2,17.49,247.58,1218.0,113.0,39.0,,,,,,,,,,,,,
154040,다산솔루에타,2026-07-08 05:27,2025.12,2026.12,2026.03,2026.06,1.73,0.4,678.0,2929.0,26.55,5.45,38.75,,,56.52,314.0,17.0,122.0,,,,,,,,,,,,,,1.81,0.37,37.0,2859.0,22.39,0.06,10.47,,,60.35,63.0,0.0,7.0,,,,,,,,,,,,,
297570,알로이스,2026-07-08 05:27,2025.12,2026.12,2026.03,2026.06,7.82,0.84,143.0,1339.0,11.45,15.24,10.42,,,105.54,429.0,65.0,45.0,,,,,,,,,,,,,,-29.09,1.07,63.0,1404.0,-2.47,16.16,13.75,,,108.26,166.0,27.0,23.0,,,,,,,,,,,,,
089850,유비벨록스,2026-07-08 05:27,2025.12,2026.12,2026.03,2026.06,-10.84,0.59,-491.0,9085.0,-5.39,3.21,-2.91,1.71,10.86,110.44,6679.0,215.0,-194.0,,,,,,,,,,,,,,-12.29,0.54,21.0,9344.0,-4.36,-1.58,-1.32,,,124.54,1534.0,-24.0,-20.0,,,,,,,,,,,,,
009140,경인전자,2026-07-08 05:27,2025.12,2026.12,2026.03,2026.06,8.41,0.33,2437.0,61271.0,4.88,2.84,10.61,2.44,17.14,8.57,361.0,10.0,38.0,,,,,,,,,,,,,,6.23,0.35,760.0,63124.0,7.13,5.59,10.78,2.44,217.92,9.56,111.0,6.0,12.0,,,,,,,,,,,,,
066570,LG전자,2026-07-08 05:27,2025.12,2026.12,2026.03,2026.06,17.27,0.69,5321.0,132659.0,4.28,2.78,1.37,1.47,25.37,140.33,892009.0,24784.0,12204.0,17.37,1.28,10693.0,144578.0,7.73,4.16,2.43,,,,940613.0,39163.0,22882.0,19.49,0.74,4530.0,142232.0,4.11,7.05,4.24,0.92,-18.56,133.33,237272.0,16737.0,10051.0,,,2883.0,,,4.69,2.8,,,,225443.0,10580.0,6307.0
032750,삼진,2026-07-08 05:27,2025.12,2026.12,2026.03,2026.06,8.73,0.31,431.0,12237.0,3.58,3.93,2.62,2.39,20.88,16.12,1483.0,58.0,39.0,,,,,,,,,,,,,,8.36,0.26,245.0,12535.0,3.15,3.84,6.22,2.39,-143.95,14.34,355.0,14.0,22.0,,,,,,,,,,,,,
175140,휴먼테크놀로지,2026-07-08 05:27,2025.12,2026.12,2026.03,2026.06,-5.44,2.51,-756.0,1641.0,-43.7,-20.96,-33.17,,,50.13,555.0,-116.0,-184.0,,,,,,,,,,,,,,-4.82,2.34,-149.0,1688.0,-41.51,-32.29,-40.9,,,42.54,92.0,-30.0,-37.0,,,,,,,,,,,,,
092600,앤씨앤,2026-07-08 05:27,2025.12,2026.12,2026.03,2026.06,1.13,0.35,2486.0,7975.0,43.8,-17.05,2.77,,,55.1,1026.0,-175.0,28.0,,,,,,,,,,,,,,1.62,0.58,-272.0,7696.0,51.73,-2.22,-8.49,,,55.98,162.0,-4.0,-14.0,,,,,,,,,,,,,
082850,우리바이오,2026-07-08 05:27,2025.12,2026.12,2026.03,2026.06,-10.52,0.47,-193.0,4337.0,-4.5,0.09,-0.97,0.98,-10.07,191.54,10440.0,10.0,-102.0,,,,,,,,,,,,,,-13.12,0.4,45.0,4471.0,-3.18,-1.6,0.13,0.98,-96.62,226.52,2692.0,-43.0,4.0,,,,,,,,,,,,,
051360,토비스,2026-07-08 05:27,2025.12,2026.12,2026.03,2026.06,5.82,0.84,2691.0,18607.0,16.58,8.93,6.99,2.24,12.21,82.82,6403.0,572.0,447.0,,,,,,,,,,,,,,4.76,0.78,1066.0,19288.0,18.86,9.14,9.89,2.24,54.64,85.46,1698.0,155.0,168.0,,,,,,,,,,,,,
108320,LX세미콘,2026-07-08 05:27,2025.12,2026.12,2026.03,2026.06,9.67,0.71,5081.0,69207.0,7.49,6.64,5.04,3.05,29.52,24.36,16391.0,1089.0,826.0,9.9,0.55,3935.0,70215.0,5.64,4.87,4.39,,,,14590.0,710.0,640.0,16.23,0.71,690.0,68480.0,4.41,5.3,2.89,3.05,129.31,34.82,3888.0,206.0,112.0,,,,,,4.95,,,,,3840.0,190.0,
137080,나래나노텍,2026-07-08 05:27,2025.12,2026.12,2026.03,2026.06,1.09,0.37,3613.0,10520.0,41.45,-16.22,73.33,,,70.82,545.0,-88.0,400.0,,,,,,,,,,,,,,0.92,0.42,1192.0,11724.0,57.81,3.82,76.29,,,16.22,173.0,7.0,132.0,,,,,,,,,,,,,
110990,디아이티,2026-07-08 05:27,2025.12,2026.12,2026.03,2026.06,9.07,1.14,1607.0,12787.0,13.5,21.37,28.15,2.88,25.64,12.39,1079.0,231.0,304.0,,,,,,,,,,,,,,8.9,1.4,779.0,13152.0,17.11,33.92,30.39,2.88,114.57,18.08,485.0,164.0,147.0,,,,,,,,,,,,,
088130,동아엘텍,2026-07-08 05:27,2025.12,2026.12,2026.03,2026.06,1.36,0.39,2811.0,9726.0,33.57,19.44,16.53,3.92,5.34,107.76,5824.0,1132.0,963.0,,,,,,,,,,,,,,2.66,0.63,-436.0,10805.0,29.19,9.83,-42.14,3.92,14.72,114.69,409.0,40.0,-172.0,,,,,,,,,,,,,
046890,서울반도체,2026-07-08 05:27,2025.12,2026.12,2026.03,2026.06,-7.04,0.56,-882.0,10993.0,-7.95,-3.11,-5.92,1.34,-34.28,76.14,10135.0,-315.0,-600.0,,,,,,,,,,,,,,-18.55,0.77,85.0,11282.0,-4.21,0.75,3.67,,,65.33,2382.0,18.0,88.0,,,,,,,,,,,,,
106240,파인테크닉스,2026-07-08 05:27,2025.12,2026.12,2026.03,2026.06,-1.09,0.41,-1278.0,3362.0,-29.63,-14.96,-51.83,,,68.9,429.0,-64.0,-222.0,,,,,,,,,,,,,,-1.9,0.74,-99.0,3099.0,-30.34,-12.83,-22.47,,,64.6,90.0,-12.0,-20.0,,,,,,,,,,,,,
068790,DMS,2026-07-08 05:27,2025.12,2026.12,2026.03,2026.06,1.65,0.48,5540.0,19235.0,35.52,2.73,91.46,2.74,4.29,32.51,1555.0,42.0,1422.0,,,,,,,,,,,,,,1.43,0.39,146.0,19385.0,32.51,-62.29,22.75,2.74,-8.62,38.02,138.0,-86.0,31.0,,,,,,,,,,,,,
123860,아나패스,2026-07-08 05:27,2025.12,2026.12,2026.03,2026.06,77.49,2.79,224.0,6221.0,3.67,18.63,2.51,1.44,111.65,63.68,1082.0,202.0,27.0,,,,,,,,,,,,,,70.18,2.67,322.0,6337.0,3.83,3.16,25.66,1.44,-37.69,67.83,152.0,5.0,39.0,,,,,,,,,,,,,
052420,오성첨단소재,2026-07-08 05:27,2025.12,2026.12,2026.03,2026.06,4.11,0.47,3562.0,30908.0,12.48,18.18,19.54,,,21.41,1657.0,301.0,324.0,,,,,,,,,,,,,,2.56,0.4,2413.0,32731.0,16.86,29.66,199.24,,,25.42,115.0,34.0,229.0,,,,,,,,,,,,,
256630,포인트엔지니어링,2026-07-08 05:27,2025.12,2026.12,2026.03,2026.06,-10.38,0.91,-511.0,5856.0,-8.53,2.31,-16.47,0.94,-9.6,38.04,360.0,8.0,-59.0,,,,,,,,,,,,,,-7.9,0.88,-107.0,5703.0,-10.71,-35.59,-21.4,0.94,-9.04,40.29,58.0,-21.0,-12.0,,,,,,,,,,,,,
092190,서울바이오시스,2026-07-08 05:27,2025.12,2026.12,2026.03,2026.06,-7.61,1.49,-336.0,1721.0,-26.46,0.03,-1.78,,,322.51,7638.0,2.0,-136.0,,,,,,,,,,,,,,26.25,1.62,173.0,1996.0,9.78,5.52,5.5,,,276.81,1878.0,104.0,103.0,,,,,,,,,,,,,
290690,소룩스,2026-07-08 05:27,2025.12,2026.12,2026.03,2026.06,-28.74,2.45,-159.0,1865.0,-9.12,-17.55,-20.16,,,55.77,383.0,-67.0,-77.0,,,,,,,,,,,,,,-15.62,2.15,-175.0,1723.0,-13.31,-41.57,-115.91,,,82.22,74.0,-31.0,-85.0,,,,,,,,,,,,,
037400,우리엔터프라이즈,2026-07-08 05:27,2025.12,2026.12,2026.03,2026.06,-8.65,0.18,-115.0,5603.0,-2.19,0.11,-0.96,2.02,-16.12,159.25,10652.0,11.0,-102.0,,,,,,,,,,,,,,-9.94,0.17,9.0,5661.0,-1.84,-1.65,-0.04,2.02,-81.23,187.93,2740.0,-45.0,-1.0,,,,,,,,,,,,,
265520,AP시스템,2026-07-08 05:27,2025.12,2026.12,2026.03,2026.06,12.38,0.78,1565.0,24853.0,6.76,7.24,5.17,1.76,21.14,85.26,4601.0,333.0,238.0,,,,,,,,,,,,,,7.62,0.75,1311.0,25322.0,10.62,9.17,10.06,1.76,49.81,84.02,1961.0,180.0,197.0,,,,,,,,,,,,,
009310,참엔지니어링,2026-07-08 05:27,2025.12,2026.12,2026.03,2026.06,-1.31,0.3,-4214.0,18762.0,-22.85,-12.58,-22.66,,,1154.41,598.0,-75.0,-136.0,,,,,,,,,,,,,,-5.01,0.28,960.0,18986.0,-5.51,23.86,18.56,,,877.78,226.0,54.0,42.0,,,,,,,,,,,,,
153490,우리이앤엘,2026-07-08 05:27,2025.12,2026.12,2026.03,2026.06,-55.22,0.39,-12.0,1750.0,-0.71,0.24,-1.15,2.92,-158.72,33.46,1212.0,3.0,-14.0,,,,,,,,,,,,,,-10.34,0.45,-60.0,1690.0,-4.35,-25.07,-14.95,2.92,-53.99,42.92,230.0,-58.0,-34.0,,,,,,,,,,,,,
069330,유아이디,2026-07-08 05:27,2025.12,2026.12,2026.03,2026.06,11.79,0.77,96.0,1475.0,6.78,2.62,2.59,,,120.5,497.0,13.0,13.0,,,,,,,,,,,,,,3.81,0.67,167.0,1546.0,18.74,22.41,23.98,,,94.51,156.0,35.0,37.0,,,,,,,,,,,,,
049120,파인디앤씨,2026-07-08 05:27,2025.12,2026.12,2026.03,2026.06,-1.56,0.67,-2114.0,4907.0,-50.63,-6.2,-33.69,,,108.45,658.0,-41.0,-222.0,,,,,,,,,,,,,,-1.57,0.7,-103.0,4827.0,-53.03,-7.43,-7.97,,,116.96,138.0,-10.0,-11.0,,,,,,,,,,,,,
347770,핌스,2026-07-08 05:27,2025.12,2026.12,2026.03,2026.06,-3.13,0.55,-360.0,2043.0,-16.28,-9.64,-13.14,,,78.26,634.0,-61.0,-83.0,4.44,0.44,228.0,2275.0,10.54,6.93,7.5,,,,707.0,49.0,53.0,-6.43,0.92,7.0,2049.0,-13.35,-0.91,0.21,,,86.09,153.0,-1.0,0.0,,,,,,,,,,,,,
290520,신도기연,2026-07-08 05:27,2025.12,2026.12,2026.03,2026.06,15.95,0.48,114.0,3766.0,3.1,5.66,5.67,,,5.65,319.0,18.0,18.0,,,,,,,,,,,,,,11.02,0.61,34.0,3796.0,5.72,-98.98,40.21,,,6.72,13.0,-13.0,5.0,,,,,,,,,,,,,
083500,에프엔에스테크,2026-07-08 05:27,2025.12,2026.12,2026.03,2026.06,14.28,1.33,1014.0,10847.0,10.83,14.05,12.44,2.35,30.22,39.28,737.0,104.0,92.0,8.81,1.21,1669.0,12166.0,15.8,23.6,20.26,,,,791.0,187.0,160.0,13.74,1.46,311.0,10849.0,12.36,27.03,24.75,2.35,349.02,40.39,129.0,35.0,32.0,,,,,,26.16,23.84,,,,172.0,45.0,41.0
297890,HB솔루션,2026-07-08 05:27,2025.12,2026.12,2026.03,2026.06,5.8,0.62,362.0,3367.0,11.34,7.0,42.12,1.43,8.28,24.9,628.0,44.0,265.0,,,,,,,,,,,,,,3.73,0.54,185.0,3524.0,15.46,-7.7,91.34,1.43,-361.92,27.26,147.0,-11.0,134.0,,,,,,,,,,,,,
073110,엘엠에스,2026-07-08 05:27,2025.12,2026.12,2026.03,2026.06,-3.66,0.5,-1364.0,10013.0,-16.2,-13.83,-17.43,4.41,-13.19,106.34,696.0,-96.0,-121.0,,,,,,,,,,,,,,-6.61,0.5,415.0,10179.0,-9.36,-3.74,16.51,4.41,-37.83,116.0,223.0,-8.0,37.0,,,,,,,,,,,,,
059100,아이컴포넌트,2026-07-08 05:27,2025.12,2026.12,2026.03,2026.06,5.81,0.72,849.0,6864.0,14.37,17.43,17.34,3.04,16.13,34.23,346.0,60.0,60.0,,,,,,,,,,,,,,5.29,0.73,277.0,7168.0,16.17,17.02,20.13,3.04,160.38,33.68,97.0,17.0,20.0,,,,,,,,,,,,,
004365,세방우,2026-07-08 05:27,2025.12,2026.12,2026.03,2026.06,5.03,0.26,2865.0,54806.0,5.61,2.2,5.28,3.29,7.62,23.78,12418.0,273.0,656.0,,,,,,,,,,,,,,5.89,0.26,850.0,55656.0,4.79,2.3,6.47,3.29,,25.18,2998.0,69.0,194.0,,,,,,,,,,,,,
004140,동방,2026-07-08 05:27,2025.12,2026.12,2026.03,2026.06,7.12,0.69,359.0,3677.0,10.36,3.49,1.9,1.17,8.33,272.55,9156.0,320.0,174.0,,,,,,,,,,,,,,10.31,0.77,47.0,3697.0,7.94,2.71,0.88,1.17,-226.8,271.71,2415.0,65.0,21.0,,,,,,,,,,,,,
014130,한익스프레스,2026-07-08 05:27,2025.12,2026.12,2026.03,2026.06,-2.64,0.44,-1154.0,6976.0,-15.35,-0.57,-2.33,3.01,7.05,365.35,6298.0,-36.0,-147.0,,,,,,,,,,,,,,-2.55,0.39,-337.0,6691.0,-14.37,-1.41,-2.76,,,386.27,1545.0,-22.0,-43.0,,,,,,,,,,,,,
004360,세방,2026-07-08 05:27,2025.12,2026.12,2026.03,2026.06,5.03,0.26,2865.0,54806.0,5.61,2.2,5.28,2.08,10.09,23.78,12418.0,273.0,656.0,,,,,,,,,,,,,,5.89,0.26,850.0,55656.0,4.79,2.3,6.47,2.08,76.14,25.18,2998.0,69.0,194.0,,,,,,,,,,,,,
009070,KCTC,2026-07-08 05:27,2025.12,2026.12,2026.03,2026.06,8.89,0.59,705.0,10550.0,6.92,3.93,2.36,1.2,10.63,136.79,9867.0,388.0,233.0,,,,,,,,,,,,,,6.81,0.53,267.0,10762.0,8.11,4.4,3.09,1.2,229.86,135.63,2657.0,117.0,82.0,,,,,,,,,,,,,
000700,유수홀딩스,2026-07-08 05:27,2025.12,2026.12,2026.03,2026.06,33.16,0.45,176.0,12843.0,1.35,5.07,4.0,6.01,199.43,16.38,4185.0,212.0,168.0,,,,,,,,,,,,,,16.57,0.5,297.0,12856.0,3.04,9.36,12.63,6.01,-175.0,21.92,1063.0,100.0,134.0,,,,,,,,,,,,,
032280,삼일,2026-07-08 05:27,2025.12,2026.12,2026.03,2026.06,23.46,0.34,59.0,4143.0,1.5,2.13,0.96,2.88,52.65,60.65,1000.0,21.0,10.0,,,,,,,,,,,,,,20.22,0.33,49.0,4162.0,1.73,1.74,3.25,2.88,-502.61,62.94,244.0,4.0,8.0,,,,,,,,,,,,,
009180,한솔로지스틱스,2026-07-08 05:27,2025.12,2026.12,2026.03,2026.06,4.91,0.54,563.0,5100.0,11.59,3.07,2.35,7.23,35.54,82.02,6746.0,207.0,158.0,3.49,,781.0,,,3.49,2.84,,,,7740.0,270.0,220.0,5.33,0.56,129.0,5161.0,10.98,2.73,2.2,2.09,46.46,99.67,1649.0,45.0,36.0,,,284.0,,,4.08,4.08,,,,1960.0,80.0,80.0
033290,로젠,2026-07-08 05:27,2025.12,2026.12,2026.03,2026.06,5.76,0.28,374.0,7584.0,5.64,2.86,2.61,3.28,23.8,141.37,7932.0,227.0,207.0,,,,,,,,,,,,,,6.2,0.26,7.0,7623.0,4.76,1.57,0.05,,,144.24,1925.0,30.0,1.0,,,,,,,,,,,,,
121440,골프존홀딩스,2026-07-08 05:27,2025.12,2026.12,2026.03,2026.06,8.89,0.26,561.0,19283.0,3.23,7.91,6.79,5.01,40.2,41.27,3543.0,280.0,241.0,,,,,,,,,,,,,,12.0,0.25,38.0,19076.0,2.33,3.75,2.34,5.01,-305.68,47.22,695.0,26.0,16.0,,,,,,,,,,,,,
088390,이녹스,2026-07-08 05:27,2025.12,2026.12,2026.03,2026.06,3.38,0.45,2469.0,18657.0,12.9,11.04,34.98,,,55.84,591.0,65.0,207.0,,,,,,,,,,,,,,5.07,0.6,162.0,18964.0,11.67,5.7,7.07,,,57.63,144.0,8.0,10.0,,,,,,,,,,,,,
050120,ES큐브,2026-07-08 05:27,2025.12,2026.12,2026.03,2026.06,-19.43,0.43,-151.0,6819.0,-2.32,-92.12,-14.73,,,7.8,139.0,-128.0,-21.0,,,,,,,,,,,,,,-51.99,0.34,-8.0,6870.0,-0.69,-0.28,-1.83,,,6.9,58.0,-0.0,-1.0,,,,,,,,,,,,,
002450,삼익악기,2026-07-08 05:27,2025.12,2026.12,2026.03,2026.06,6.37,0.34,195.0,3698.0,6.36,1.02,7.7,4.03,21.58,83.8,2244.0,23.0,173.0,,,,,,,,,,,,,,4.21,0.3,140.0,3925.0,8.93,12.42,18.04,4.03,-112.45,82.15,704.0,87.0,127.0,,,,,,,,,,,,,
011420,갤럭시아에스엠,2026-07-08 05:27,2025.12,2026.12,2026.03,2026.06,14.16,0.73,135.0,2624.0,5.5,9.88,9.22,,,14.62,403.0,40.0,37.0,,,,,,,,,,,,,,14.47,0.71,2.0,2444.0,5.22,1.1,1.06,,,11.3,65.0,1.0,1.0,,,,,,,,,,,,,
900270,헝셩그룹,2026-07-08 05:27,2025.12,2026.12,2026.03,2026.06,-7.98,0.13,-248.0,15772.0,-1.19,-0.2,-4.1,,,15.57,1088.0,-2.0,-45.0,,,,,,,,,,,,,,-10.82,0.06,70.0,16851.0,-0.51,-0.38,7.74,,,14.02,222.0,-1.0,17.0,,,,,,,,,,,,,
365900,브이씨,2026-07-08 05:27,2025.12,2026.12,2026.03,2026.06,-6.55,0.53,-410.0,5105.0,-8.41,-3.16,-6.83,,,123.9,469.0,-15.0,-32.0,,,,,,,,,,,,,,-10.4,0.6,-73.0,5027.0,-6.06,-4.37,-5.26,,,136.99,108.0,-5.0,-6.0,,,,,,,,,,,,,
123750,알톤,2026-07-08 05:27,2025.12,2026.12,2026.03,2026.06,78.16,0.82,17.0,1593.0,1.05,0.71,0.66,,,44.8,322.0,2.0,2.0,,,,,,,,,,,,,,104.41,1.59,-20.0,1590.0,1.5,-6.03,-3.77,,,71.3,71.0,-4.0,-3.0,,,,,,,,,,,,,
066910,손오공,2026-07-08 05:27,2025.12,2026.12,2026.03,2026.06,40.77,0.82,73.0,3639.0,2.15,-6.89,0.83,,,143.04,970.0,-67.0,8.0,,,,,,,,,,,,,,4.62,0.76,256.0,3894.0,19.16,-1.91,8.9,,,115.65,384.0,-7.0,34.0,,,,,,,,,,,,,
039830,오로라,2026-07-08 05:27,2025.12,2026.12,2026.03,2026.06,7.13,0.8,2023.0,18082.0,13.37,13.56,6.41,4.16,26.63,227.55,3281.0,445.0,210.0,6.45,1.15,3396.0,19063.0,20.27,15.48,8.87,,,,4097.0,634.0,363.0,3.92,0.49,763.0,18846.0,15.16,14.56,7.49,3.47,256.54,225.6,975.0,142.0,73.0,,,,,,14.75,6.93,,,,1003.0,148.0,70.0
024950,삼천리자전거,2026-07-08 05:27,2025.12,2026.12,2026.03,2026.06,10.12,0.54,442.0,8210.0,6.14,7.08,6.59,2.24,20.46,72.9,1756.0,124.0,116.0,,,,,,,,,,,,,,8.8,0.53,174.0,8302.0,6.89,5.33,9.25,2.24,-49.42,67.92,425.0,23.0,39.0,,,,,,,,,,,,,
049080,기가레인,2026-07-08 05:27,2025.12,2026.12,2026.03,2026.06,-4.09,1.05,-1249.0,4871.0,-23.44,-30.94,-28.7,,,119.51,403.0,-125.0,-116.0,,,,,,,,,,,,,,-9.2,2.68,-413.0,4516.0,-26.47,-60.37,-50.74,,,129.81,78.0,-47.0,-40.0,,,,,,,,,,,,,
177900,쓰리에이로직스,2026-07-08 05:27,2025.12,2026.12,2026.03,2026.06,-16.81,1.29,-379.0,4924.0,-7.47,-18.53,-24.89,,,44.96,145.0,-27.0,-36.0,10.6,,426.0,,,13.62,13.62,,,,301.0,41.0,41.0,-19.05,1.2,47.0,4973.0,-6.09,4.47,7.33,,,43.95,61.0,3.0,4.0,,,,,,,,,,,,,
317120,라닉스,2026-07-08 05:27,2025.12,2026.12,2026.03,2026.06,-3.6,1.55,-604.0,1399.0,-38.04,-81.04,-104.08,,,103.89,75.0,-61.0,-78.0,,,,,,,,,,,,,,-3.21,1.43,-119.0,1280.0,-41.82,-100.35,-115.97,,,113.68,16.0,-16.0,-18.0,,,,,,,,,,,,,
039010,현대에이치티,2026-07-08 05:27,2025.12,2026.12,2026.03,2026.06,7.45,0.67,1232.0,13750.0,10.29,4.58,6.93,4.9,32.91,32.88,1533.0,70.0,106.0,,,,,,,,,,,,,,5.09,0.6,-180.0,13202.0,13.0,-4.31,-5.01,4.9,177.73,33.44,310.0,-13.0,-16.0,,,,,,,,,,,,,
037460,삼지전자,2026-07-08 05:27,2025.12,2026.12,2026.03,2026.06,3.18,0.45,4636.0,32565.0,16.89,3.79,2.76,3.73,10.81,145.15,42911.0,1624.0,1183.0,,,,,,,,,,,,,,2.02,0.57,7924.0,42471.0,38.27,17.55,13.04,3.73,25.34,176.79,19044.0,3342.0,2484.0,,,,,,,,,,,,,
170790,파이오링크,2026-07-08 05:27,2025.12,2026.12,2026.03,2026.06,7.93,0.65,1109.0,13588.0,8.98,8.23,11.46,4.09,29.85,17.77,656.0,54.0,75.0,4.32,0.52,1798.0,14955.0,12.87,15.17,15.17,,,,758.0,115.0,115.0,8.51,0.67,-205.0,13104.0,8.53,-11.52,-9.79,4.09,37.58,16.03,128.0,-15.0,-13.0,,,,,,,,,,,,,
900260,로스웰,2026-07-08 05:27,2025.12,2026.12,2026.03,2026.06,3.04,0.25,518.0,6175.0,7.29,1.48,2.61,,,239.72,7552.0,112.0,197.0,,,,,,,,,,,,,,2.41,0.24,196.0,6764.0,9.79,2.69,3.45,,,153.31,2623.0,71.0,90.0,,,,,,,,,,,,,
456010,아이씨티케이,2026-07-08 05:27,2025.12,2026.12,2026.03,2026.06,-33.14,5.23,-499.0,3161.0,-15.36,-220.49,-166.16,,,66.63,40.0,-89.0,-67.0,37.99,4.83,441.0,3475.0,13.36,25.0,27.16,,,,232.0,58.0,63.0,-33.04,4.48,-82.0,3085.0,-13.52,-503.02,-189.35,,,67.01,6.0,-30.0,-11.0,,,,,,,,,,,,,
091440,한울소재과학,2026-07-08 05:27,2025.12,2026.12,2026.03,2026.06,-2.36,2.63,-1243.0,1116.0,-89.37,-183.09,-271.92,,,229.17,134.0,-246.0,-365.0,,,,,,,,,,,,,,-2.78,2.88,-148.0,997.0,-76.85,-238.82,-325.53,,,252.35,15.0,-36.0,-50.0,,,,,,,,,,,,,
036690,코맥스,2026-07-08 05:27,2025.12,2026.12,2026.03,2026.06,-3.02,4.56,-955.0,633.0,-85.66,-16.65,-17.76,,,753.18,851.0,-142.0,-151.0,,,,,,,,,,,,,,-5.73,3.81,70.0,758.0,-36.32,16.44,11.63,,,202.09,197.0,32.0,23.0,,,,,,,,,,,,,
043090,더테크놀로지,2026-07-08 05:27,2025.12,2026.12,2026.03,2026.06,-0.33,0.29,-3427.0,3951.0,-61.39,-25.39,-113.78,,,24.61,126.0,-32.0,-143.0,,,,,,,,,,,,,,-0.4,0.29,37.0,3989.0,-53.69,-13.58,7.75,,,35.93,44.0,-6.0,3.0,,,,,,,,,,,,,
321370,센서뷰,2026-07-08 05:27,2025.12,2026.12,2026.03,2026.06,-3.8,4.64,-352.0,289.0,-94.38,-60.78,-79.92,,,180.54,190.0,-116.0,-152.0,,,,,,,,,,,,,,-9.08,10.53,-85.0,307.0,-98.97,-161.09,-203.14,,,128.61,21.0,-34.0,-42.0,,,,,,,,,,,,,
380540,옵티코어,2026-07-08 05:27,2025.12,2026.12,2026.03,2026.06,-3.98,4.34,-1031.0,945.0,-119.16,-27.55,-104.84,,,201.78,215.0,-59.0,-226.0,,,,,,,,,,,,,,-8.51,9.94,-96.0,850.0,-107.37,-5.55,-19.79,,,215.67,119.0,-7.0,-24.0,,,,,,,,,,,,,
019490,엑시큐어하이트론,2026-07-08 05:27,2025.12,2026.12,2026.03,2026.06,-1.47,3.34,-369.0,162.0,-144.87,-112.66,-669.69,,,169.06,53.0,-60.0,-355.0,,,,,,,,,,,,,,-1.65,3.84,-25.0,141.0,-131.71,-127.11,-490.61,,,217.37,7.0,-9.0,-34.0,,,,,,,,,,,,,
099520,DGI,2026-07-08 05:27,2025.12,2026.12,2026.03,2026.06,-17.69,2.52,-73.0,509.0,-13.39,-13.11,-13.11,,,28.29,252.0,-33.0,-33.0,,,,,,,,,,,,,,-25.8,2.55,-5.0,504.0,-9.46,-6.46,-2.86,,,23.31,74.0,-5.0,-2.0,,,,,,,,,,,,,
340360,다보링크,2026-07-08 05:27,2025.12,2026.12,2026.03,2026.06,-12.57,4.76,-113.0,297.0,-38.06,-3.01,-7.93,,,168.37,632.0,-19.0,-50.0,,,,,,,,,,,,,,-16.79,6.86,-82.0,238.0,-38.06,-8.01,-33.42,,,240.03,126.0,-10.0,-42.0,,,,,,,,,,,,,
148250,알엔투테크놀로지,2026-07-08 05:27,2025.12,2026.12,2026.03,2026.06,-7.4,0.76,-429.0,4160.0,-10.31,-18.41,-20.72,0.87,-12.9,60.82,187.0,-34.0,-39.0,,,,,,,,,,,,,,-5.18,0.87,-349.0,3754.0,-14.86,-28.38,-71.62,,,94.83,47.0,-13.0,-34.0,,,,,,,,,,,,,
189300,인텔리안테크,2026-07-08 05:27,2025.12,2026.12,2026.03,2026.06,85.56,2.28,695.0,26101.0,2.81,3.74,2.33,0.34,27.34,86.45,3196.0,120.0,75.0,19.86,2.39,3665.0,30450.0,13.63,9.97,9.98,,,,4004.0,399.0,400.0,33.95,4.05,1255.0,27393.0,13.28,0.92,20.82,0.34,9.15,85.25,647.0,6.0,135.0,,,702.0,,,9.06,9.01,,,,965.0,87.0,87.0
015710,코콤,2026-07-08 05:27,2025.12,2026.12,2026.03,2026.06,10.68,0.46,326.0,7612.0,4.48,3.13,5.96,4.31,45.16,15.25,958.0,30.0,57.0,,,,,,,,,,,,,,18.97,0.5,-7.0,7454.0,2.73,-4.42,-0.7,4.31,146.8,17.31,187.0,-8.0,-1.0,,,,,,,,,,,,,
050890,쏠리드,2026-07-08 05:27,2025.12,2026.12,2026.03,2026.06,12.34,1.25,597.0,5886.0,10.79,11.29,12.36,0.68,8.22,51.89,2948.0,333.0,364.0,14.74,1.57,695.0,6533.0,11.36,11.49,12.57,,,,3364.0,386.0,423.0,13.83,2.02,367.0,6248.0,15.97,-3.34,34.85,0.68,11.05,62.32,637.0,-21.0,222.0,,,43.0,,,5.59,,,,,638.0,36.0,
138080,오이솔루션,2026-07-08 05:27,2025.12,2026.12,2026.03,2026.06,-5.23,2.27,-2504.0,5774.0,-39.08,-27.88,-47.13,0.78,-2.23,86.09,574.0,-160.0,-270.0,46.06,3.33,480.0,6636.0,8.27,6.62,7.37,,,,801.0,53.0,59.0,-18.77,5.11,130.0,6452.0,-27.23,-3.39,8.69,,,57.69,180.0,-6.0,16.0,,,48.0,,,5.26,3.16,,,,190.0,10.0,6.0
056360,코위버,2026-07-08 05:27,2025.12,2026.12,2026.03,2026.06,14.62,0.3,354.0,17332.0,2.43,0.49,5.54,0.97,13.18,16.1,626.0,3.0,35.0,,,,,,,,,,,,,,16.09,0.36,-174.0,17095.0,2.65,-17.64,-13.76,0.97,8.36,15.77,124.0,-22.0,-17.0,,,,,,,,,,,,,
211270,AP위성,2026-07-08 05:27,2025.12,2026.12,2026.03,2026.06,-68.99,1.74,-184.0,7297.0,-2.65,-9.0,-5.79,0.51,9.48,21.58,478.0,-43.0,-28.0,,,,,,,,,,,,,,-60.5,2.17,-86.0,7235.0,-3.76,-62.82,-31.72,,,21.86,41.0,-26.0,-13.0,,,,,,,,,,,,,
031310,아이즈비전,2026-07-08 05:27,2025.12,2026.12,2026.03,2026.06,3.99,0.24,370.0,6097.0,6.29,1.74,4.53,,,38.44,1944.0,34.0,88.0,,,,,,,,,,,,,,4.25,0.26,24.0,6128.0,6.54,-0.04,2.76,,,48.9,467.0,-0.0,13.0,,,,,,,,,,,,,
389020,자람테크놀로지,2026-07-08 05:27,2025.12,2026.12,2026.03,2026.06,-33.96,6.51,-1104.0,5756.0,-17.51,-66.37,-64.31,,,115.84,106.0,-71.0,-68.0,-153.87,4.64,-148.0,4924.0,-2.87,,-3.57,,,,280.0,,-10.0,-55.27,6.76,-39.0,7166.0,-12.47,-29.89,-4.76,,,80.53,52.0,-16.0,-2.0,,,,,,1.72,,,,,58.0,1.0,
052460,아이크래프트,2026-07-08 05:27,2025.12,2026.12,2026.03,2026.06,3.81,0.69,695.0,3826.0,24.65,3.88,4.91,3.78,11.98,104.81,2065.0,80.0,101.0,,,,,,,,,,,,,,5.52,0.99,-133.0,3566.0,23.86,-15.29,-11.88,3.78,14.84,102.93,163.0,-25.0,-19.0,,,,,,,,,,,,,
096690,에이루트,2026-07-08 05:27,2025.12,2026.12,2026.03,2026.06,-2.7,0.46,-4190.0,24807.0,-15.72,-21.6,-36.65,,,82.24,506.0,-109.0,-185.0,,,,,,,,,,,,,,-1.69,0.28,-620.0,24204.0,-15.22,-22.55,-21.78,,,81.68,135.0,-30.0,-29.0,,,,,,,,,,,,,
049550,잉크테크,2026-07-08 05:27,2025.12,2026.12,2026.03,2026.06,25.14,0.81,128.0,3991.0,3.25,1.03,3.23,,,102.01,775.0,8.0,25.0,,,,,,,,,,,,,,14.3,0.77,84.0,4071.0,5.53,9.06,7.55,,,102.68,219.0,20.0,17.0,,,,,,,,,,,,,
332370,아이디피,2026-07-08 05:27,2025.12,2026.12,2026.03,2026.06,6.55,0.88,776.0,5785.0,15.7,22.16,21.02,3.35,19.67,7.42,491.0,109.0,103.0,,,,,,,,,,,,,,5.83,0.84,217.0,5963.0,17.3,20.48,25.98,3.35,106.83,10.66,111.0,23.0,29.0,,,,,,,,,,,,,
032790,엠젠솔루션,2026-07-08 05:27,2025.12,2026.12,2026.03,2026.06,-3.01,1.63,-713.0,1316.0,-41.77,-35.94,-57.12,,,77.66,286.0,-103.0,-163.0,,,,,,,,,,,,,,-2.61,1.7,-139.0,1120.0,-49.27,-94.25,-90.26,,,93.63,40.0,-38.0,-36.0,,,,,,,,,,,,,
224110,에이텍모빌리티,2026-07-08 05:27,2025.12,2026.12,2026.03,2026.06,74.5,0.7,128.0,13687.0,0.99,9.6,1.06,3.14,222.65,37.05,643.0,62.0,7.0,,,,,,,,,,,,,,-107.78,0.64,34.0,13422.0,-0.68,0.58,1.51,3.14,-36.81,27.65,120.0,1.0,2.0,,,,,,,,,,,,,
054800,아이디스홀딩스,2026-07-08 05:27,2025.12,2026.12,2026.03,2026.06,3.15,0.28,3775.0,42672.0,11.11,9.88,8.59,2.52,6.69,36.89,9081.0,897.0,780.0,,,,,,,,,,,,,,3.49,0.35,1405.0,44450.0,12.45,11.31,12.01,2.52,14.93,40.22,2446.0,277.0,294.0,,,,,,,,,,,,,
131180,딜리,2026-07-08 05:27,2025.12,2026.12,2026.03,2026.06,15.99,0.44,315.0,11484.0,2.91,2.49,5.72,8.94,135.3,6.98,323.0,8.0,18.0,,,,,,,,,,,,,,10.01,0.41,201.0,11246.0,4.27,5.32,14.2,8.94,302.65,9.56,83.0,4.0,12.0,,,,,,,,,,,,,
031860,디에이치엑스컴퍼니,2026-07-08 05:27,2025.12,2026.12,2026.03,2026.06,-0.36,0.58,-1884.0,1176.0,-94.22,-53.98,-236.72,,,101.04,145.0,-78.0,-344.0,,,,,,,,,,,,,,-0.33,0.55,-101.0,1075.0,-98.28,-60.78,-59.62,,,135.94,32.0,-19.0,-19.0,,,,,,,,,,,,,
051380,피씨디렉트,2026-07-08 05:27,2025.12,2026.12,2026.03,2026.06,12.32,0.74,164.0,2741.0,6.49,1.14,0.68,3.46,39.98,141.96,3730.0,43.0,25.0,,,,,,,,,,,,,,10.26,0.74,95.0,2772.0,7.9,2.1,1.39,3.46,91.15,196.22,1054.0,22.0,15.0,,,,,,,,,,,,,
004920,씨아이테크,2026-07-08 05:27,2025.12,2026.12,2026.03,2026.06,3.69,0.76,290.0,1403.0,22.84,4.83,35.27,,,73.35,414.0,20.0,146.0,,,,,,,,,,,,,,2.46,0.68,133.0,1512.0,31.75,-23.51,105.09,,,38.38,66.0,-15.0,69.0,,,,,,,,,,,,,
065690,파커스,2026-07-08 05:27,2025.12,2026.12,2026.03,2026.06,2.53,0.27,477.0,4416.0,11.98,-23.8,9.16,,,60.71,535.0,-127.0,49.0,,,,,,,,,,,,,,-22.07,0.27,89.0,4966.0,-1.45,-0.75,8.73,,,56.68,117.0,-1.0,10.0,,,,,,,,,,,,,
093190,빅솔론,2026-07-08 05:27,2025.12,2026.12,2026.03,2026.06,6.29,0.44,952.0,13716.0,9.57,11.92,13.73,5.43,25.53,20.39,1335.0,159.0,183.0,,,,,,,,,,,,,,6.02,0.52,342.0,13961.0,12.17,14.89,17.7,5.43,49.28,20.19,375.0,56.0,66.0,,,,,,,,,,,,,
045660,에이텍,2026-07-08 05:27,2025.12,2026.12,2026.03,2026.06,176.4,0.75,57.0,13373.0,0.47,5.43,0.25,3.5,549.51,74.06,1602.0,87.0,4.0,,,,,,,,,,,,,,-6.08,0.67,479.0,13582.0,-11.61,10.1,9.71,3.5,-17.1,74.11,415.0,42.0,40.0,,,,,,,,,,,,,
043360,디지아이,2026-07-08 05:27,2025.12,2026.12,2026.03,2026.06,-32.8,0.51,-70.0,4519.0,-1.55,-3.6,-2.96,,,8.59,213.0,-8.0,-6.0,,,,,,,,,,,,,,-51.85,0.57,-5.0,4513.0,-1.09,-6.51,-1.04,,,8.35,46.0,-3.0,-0.0,,,,,,,,,,,,,
129890,앱코,2026-07-08 05:27,2025.12,2026.12,2026.03,2026.06,8.31,0.78,129.0,1364.0,10.8,3.81,7.68,16.26,123.64,67.05,834.0,32.0,64.0,,,,,,,,,,,,,,6.31,0.74,62.0,1251.0,10.8,4.1,17.12,16.26,351.44,85.9,164.0,7.0,28.0,,,,,,,,,,,,,
094940,푸른기술,2026-07-08 05:27,2025.12,2026.12,2026.03,2026.06,-116.61,1.79,-72.0,4670.0,-1.6,-4.32,-2.79,0.43,11.51,22.27,235.0,-10.0,-7.0,,,,,,,,,,,,,,-70.4,2.01,-100.0,4543.0,-2.95,-12.37,-19.76,,,27.18,43.0,-5.0,-8.0,,,,,,,,,,,,,
044380,주연테크,2026-07-08 05:27,2025.12,2026.12,2026.03,2026.06,-16.48,0.74,-131.0,2929.0,-4.59,-2.68,-2.79,,,21.66,626.0,-17.0,-18.0,,,,,,,,,,,,,,-34.04,0.61,48.0,2978.0,-1.86,2.41,3.62,,,19.84,171.0,4.0,6.0,,,,,,,,,,,,,
033320,제이씨현시스템,2026-07-08 05:27,2025.12,2026.12,2026.03,2026.06,9.09,0.68,457.0,6135.0,7.83,2.45,2.96,1.2,10.82,34.52,3138.0,77.0,93.0,,,,,,,,,,,,,,11.22,0.74,136.0,6223.0,6.84,4.82,3.79,1.2,36.08,39.63,743.0,36.0,28.0,,,,,,,,,,,,,
065650,하이퍼코퍼레이션,2026-07-08 05:27,2025.12,2026.12,2026.03,2026.06,-84.71,1.74,-47.0,2308.0,-1.92,-5.62,-0.99,,,369.8,762.0,-43.0,-8.0,,,,,,,,,,,,,,-8.21,1.45,-272.0,2440.0,-13.6,-2.01,-10.03,,,226.25,235.0,-5.0,-24.0,,,,,,,,,,,,,
089150,케이씨티,2026-07-08 05:27,2025.12,2026.12,2026.03,2026.06,17.3,1.33,162.0,2095.0,7.95,17.47,12.0,2.86,49.52,55.17,231.0,40.0,28.0,,,,,,,,,,,,,,21.21,1.71,2.0,2017.0,8.27,6.92,1.54,2.86,65.76,59.31,26.0,2.0,0.0,,,,,,,,,,,,,
049480,오픈베이스,2026-07-08 05:27,2025.12,2026.12,2026.03,2026.06,10.09,0.74,231.0,3142.0,8.85,3.4,3.27,1.07,9.41,81.92,2331.0,79.0,76.0,,,,,,,,,,,,,,6.78,0.66,68.0,3195.0,11.87,0.53,3.1,1.07,18.97,97.64,582.0,3.0,18.0,,,,,,,,,,,,,
046970,우리로,2026-07-08 05:27,2025.12,2026.12,2026.03,2026.06,-69.18,1.38,-18.0,903.0,-2.0,-1.59,-1.86,,,44.13,425.0,-7.0,-8.0,,,,,,,,,,,,,,141.82,8.91,35.0,937.0,6.57,10.09,10.51,,,43.15,145.0,15.0,15.0,,,,,,,,,,,,,
336370,솔루스첨단소재,2026-07-08 05:27,2025.12,2026.12,2026.03,2026.06,-9.93,0.96,-736.0,7584.0,-9.15,-11.9,-22.46,0.14,-1.38,128.47,6161.0,-733.0,-1384.0,6.07,0.93,1326.0,8665.0,16.32,-7.58,10.92,,,,6385.0,-484.0,697.0,-18.62,1.13,87.0,7805.0,-5.9,-11.45,-1.51,0.14,-1255.35,157.37,1926.0,-220.0,-29.0,,,,,,-12.98,29.09,,,,1179.0,-153.0,343.0
085670,뉴프렉스,2026-07-08 05:27,2025.12,2026.12,2026.03,2026.06,13.82,1.12,360.0,4434.0,8.38,5.99,5.71,2.01,27.79,51.71,1541.0,92.0,88.0,,,,,,,,,,,,,,13.02,1.14,61.0,4431.0,9.02,0.83,4.25,2.01,62.7,49.93,350.0,3.0,15.0,,,,,,,,,,,,,
066900,디에이피,2026-07-08 05:27,2025.12,2026.12,2026.03,2026.06,-0.85,5.82,-2218.0,324.0,-145.63,-10.64,-11.92,,,-2773.99,5432.0,-578.0,-648.0,,,,,,,,,,,,,,0.31,0.22,4217.0,6360.0,109.25,-1.95,102.28,,,129.47,938.0,-18.0,959.0,,,,,,,,,,,,,
209640,와이제이링크,2026-07-08 05:27,2025.12,2026.12,2026.03,2026.06,-38.11,1.59,-109.0,2619.0,-4.06,-7.54,-6.73,,,65.82,461.0,-35.0,-31.0,,,,,,,,,,,,,,90.85,1.56,93.0,2740.0,1.74,7.79,18.05,,,59.26,147.0,11.0,26.0,,,,,,,,,,,,,
262260,에이프로,2026-07-08 05:27,2025.12,2026.12,2026.03,2026.06,-13.67,1.05,-375.0,4901.0,-7.36,-3.97,-7.31,0.97,-13.26,434.19,1471.0,-58.0,-108.0,,,,,,,,,,,,,,-9.68,0.99,69.0,4929.0,-9.77,-2.22,-1.98,0.97,-51.92,429.43,439.0,-10.0,-9.0,,,,,,,,,,,,,
008060,대덕,2026-07-08 05:27,2025.12,2026.12,2026.03,2026.06,103.77,0.59,101.0,17702.0,0.59,0.82,0.45,11.03,1060.04,26.8,13850.0,113.0,62.0,,,,,,,,,,,,,,20.97,0.66,439.0,18715.0,3.54,12.03,11.5,11.03,-4749.05,27.42,4426.0,533.0,509.0,,,,,,,,,,,,,
084850,아이티엠반도체,2026-07-08 05:27,2025.12,2026.12,2026.03,2026.06,-2.37,2.14,-4125.0,4571.0,-64.76,-1.16,-15.51,,,417.93,6031.0,-70.0,-936.0,51.25,,185.0,,,0.88,,,,,4324.0,38.0,,-2.83,2.38,-158.0,4543.0,-62.96,-3.72,-2.71,,,396.67,1322.0,-49.0,-36.0,,,-44.0,,,-0.53,,,,,951.0,-5.0,
094840,슈프리마에이치큐,2026-07-08 05:27,2025.12,2026.12,2026.03,2026.06,5.33,0.28,1278.0,24654.0,5.78,18.18,63.08,,,3.5,212.0,39.0,134.0,7.65,,1570.0,,,19.58,,,,,240.0,47.0,,7.11,0.3,245.0,24912.0,4.7,13.52,34.53,,,3.03,73.0,10.0,25.0,,,,,,,,,,,,,
417790,트루엔,2026-07-08 05:27,2025.12,2026.12,2026.03,2026.06,7.45,0.79,1104.0,10456.0,11.61,26.99,24.64,2.43,17.3,4.62,491.0,133.0,121.0,,,,,,,,,,,,,,6.92,0.69,157.0,10433.0,10.88,21.47,21.01,2.43,65.42,4.97,78.0,17.0,16.0,,,,,,,,,,,,,
017250,인터엠,2026-07-08 05:27,2025.09,2026.09,2026.03,2026.06,11.57,0.54,97.0,2085.0,4.97,6.64,3.41,,,111.32,601.0,40.0,20.0,,,,,,,,,,,,,,7.89,0.5,-5.0,2104.0,6.9,2.56,-0.55,,,108.84,178.0,5.0,-1.0,,,,,,,,,,,,,
318020,포인트모바일,2026-07-08 05:27,2025.12,2026.12,2026.03,2026.06,16.96,0.89,226.0,4286.0,5.63,3.45,3.27,2.61,42.42,83.16,872.0,30.0,29.0,,,,,,,,,,,,,,6.14,0.77,132.0,4383.0,13.81,2.05,8.95,2.61,29.11,82.36,181.0,4.0,16.0,,,,,,,,,,,,,
020150,롯데에너지머티리얼즈,2026-07-08 05:27,2025.12,2026.12,2026.03,2026.06,-9.97,0.97,-3065.0,31623.0,-10.54,-21.44,-24.67,0.48,-28.34,23.15,6775.0,-1452.0,-1672.0,-79.79,1.21,-471.0,31094.0,-1.5,-4.15,-2.51,,,,8836.0,-366.0,-222.0,-19.85,1.26,30.0,32762.0,-6.32,-3.12,2.42,,,22.21,1598.0,-50.0,39.0,,,-217.0,,,-8.65,-8.66,,,,1983.0,-171.0,-172.0
031330,에스에이엠티,2026-07-08 05:27,2025.12,2026.12,2026.03,2026.06,5.47,0.83,758.0,4983.0,16.55,3.03,2.02,5.54,29.59,183.14,37566.0,1139.0,758.0,,,,,,,,,,,,,,1.61,0.67,2420.0,7406.0,53.44,18.23,13.48,5.54,65.28,213.27,17954.0,3273.0,2420.0,,,,,,,,,,,,,
236200,슈프리마,2026-07-08 05:27,2025.12,2026.12,2026.03,2026.06,8.74,1.0,4474.0,38917.0,12.75,23.85,23.58,,,10.62,1373.0,327.0,324.0,8.27,,5661.0,,,23.91,25.58,,,,1564.0,374.0,400.0,9.62,1.13,1411.0,40357.0,13.04,17.31,32.12,,,7.02,311.0,54.0,100.0,,,1513.0,,,22.11,16.38,,,,366.0,81.0,60.0
331380,포커스에이아이,2026-07-08 05:27,2025.12,2026.12,2026.03,2026.06,-6.39,3.75,-435.0,742.0,-54.55,-22.52,-22.65,1.44,23.16,120.69,453.0,-102.0,-103.0,,,,,,,,,,,,,,-6.39,3.11,-106.0,781.0,-54.55,-32.5,-42.77,,,147.32,81.0,-26.0,-35.0,,,,,,,,,,,,,
493330,지에프아이,2026-07-08 05:27,2025.12,2026.12,2026.03,2026.06,,,-445.0,6902.0,-7.94,15.02,-7.97,,,22.85,450.0,68.0,-36.0,9.12,,1184.0,,,15.75,12.6,,,,730.0,115.0,92.0,-52.97,1.54,396.0,8175.0,-7.94,14.9,15.39,,,20.0,195.0,29.0,30.0,,,,,,,,,,,,,
053450,세코닉스,2026-07-08 05:27,2025.12,2026.12,2026.03,2026.06,16.55,0.55,323.0,9657.0,3.44,0.69,1.15,0.92,7.41,115.09,4349.0,30.0,50.0,23.13,0.35,149.0,9803.0,1.55,1.3,0.56,,,,4081.0,53.0,23.0,-197.39,0.5,-120.0,9899.0,-0.26,1.01,-1.7,,,120.8,1040.0,10.0,-18.0,,,-14.0,,,0.31,,,,,961.0,3.0,
011690,와이투솔루션,2026-07-08 05:27,2025.12,2026.12,2026.03,2026.06,-15.81,1.53,-262.0,2706.0,-9.23,-1.55,-5.81,,,49.94,1651.0,-26.0,-96.0,,,,,,,,,,,,,,-26.97,2.05,-18.0,2701.0,-4.3,1.1,-0.75,,,84.72,867.0,10.0,-6.0,,,,,,,,,,,,,
203450,유니온바이오메트릭스,2026-07-08 05:27,2025.12,2026.12,2026.03,2026.06,21.81,0.9,143.0,3466.0,4.82,1.99,3.92,2.89,53.57,50.79,513.0,10.0,20.0,,,,,,,,,,,,,,30.78,0.9,22.0,3403.0,3.43,-7.51,2.7,2.89,240.89,56.82,114.0,-9.0,3.0,,,,,,,,,,,,,
360350,코셈,2026-07-08 05:27,2025.12,2026.12,2026.03,2026.06,-59.96,1.94,-114.0,3533.0,-3.13,-11.42,-6.5,,,26.06,134.0,-15.0,-9.0,,,,,,,,,,,,,,-71.51,4.94,-146.0,3246.0,-6.45,-42.79,-36.43,,,30.77,25.0,-11.0,-9.0,,,,,,,,,,,,,
092300,현우산업,2026-07-08 05:27,2025.12,2026.12,2026.03,2026.06,7.92,0.52,404.0,6129.0,6.86,4.65,3.19,2.19,17.22,75.81,2374.0,110.0,76.0,,,,,,,,,,,,,,4.99,0.49,210.0,6260.0,10.3,5.54,6.57,2.19,137.95,72.04,607.0,34.0,40.0,,,,,,,,,,,,,
004770,써니전자,2026-07-08 05:27,2025.12,2026.12,2026.03,2026.06,15.6,0.65,100.0,2388.0,4.32,17.81,29.35,2.24,34.26,1.45,124.0,22.0,36.0,,,,,,,,,,,,,,16.74,0.67,33.0,2386.0,4.11,14.55,37.89,2.24,212.44,2.76,31.0,4.0,12.0,,,,,,,,,,,,,
248070,솔루엠,2026-07-08 05:27,2025.12,2026.12,2026.03,2026.06,64.14,1.66,259.0,9997.0,2.74,2.73,0.83,0.45,50.14,126.83,17002.0,465.0,142.0,15.14,1.42,1022.0,10895.0,9.78,4.79,2.91,,,,18831.0,902.0,548.0,62.27,1.62,66.0,10141.0,2.83,4.53,0.99,0.45,-95.38,141.18,4782.0,217.0,47.0,,,500.0,,,5.28,4.05,,,,4811.0,254.0,195.0
140860,파크시스템스,2026-07-08 05:27,2025.12,2026.12,2026.03,2026.06,42.39,6.45,4931.0,32386.0,16.69,20.52,16.77,0.24,10.08,55.44,2056.0,422.0,345.0,36.36,6.24,7481.0,43566.0,19.82,23.22,21.58,,,,2425.0,563.0,523.0,66.54,7.11,733.0,32991.0,11.47,5.33,13.03,0.24,59.95,60.91,394.0,21.0,51.0,,,1006.0,,,18.97,18.48,,,,525.0,100.0,97.0
060230,제이케이시냅스,2026-07-08 05:27,2025.12,2026.12,2026.03,2026.06,-1.09,0.35,-2652.0,8293.0,-29.96,-13.32,-30.03,,,136.21,619.0,-82.0,-186.0,,,,,,,,,,,,,,-1.12,0.36,-142.0,6535.0,-23.67,0.92,-4.61,,,131.16,240.0,2.0,-11.0,,,,,,,,,,,,,
323280,태성,2026-07-08 05:27,2025.12,2026.12,2026.03,2026.06,-523.24,10.6,-85.0,4199.0,-3.0,-6.62,-6.7,,,34.71,379.0,-25.0,-25.0,,,,,,,,,,,,,,-892.55,12.06,-16.0,4195.0,-1.34,-4.45,-2.46,,,51.01,199.0,-9.0,-5.0,,,,,,,,,,,,,
004270,남성,2026-07-08 05:27,2025.12,2026.12,2026.03,2026.06,-8.53,0.26,-1030.0,33718.0,-3.5,0.24,-4.82,2.85,-21.0,163.92,775.0,2.0,-37.0,,,,,,,,,,,,,,44.65,0.22,1211.0,34096.0,0.57,6.21,23.67,2.85,-128.81,160.69,185.0,11.0,44.0,,,,,,,,,,,,,
033790,피노,2026-07-08 05:27,2025.12,2026.12,2026.03,2026.06,-40.89,3.8,-135.0,1447.0,-7.58,3.34,-2.21,,,66.55,2648.0,88.0,-59.0,,,,,,,,,,,,,,81.98,4.93,130.0,1578.0,6.44,8.68,8.13,,,80.31,1091.0,95.0,89.0,,,,,,,,,,,,,
377330,이지트로닉스,2026-07-08 05:27,2025.12,2026.12,2026.03,2026.06,-2.61,0.82,-1524.0,4829.0,-27.51,-140.67,-117.86,3.44,-35.34,46.08,132.0,-186.0,-156.0,,,,,,,,,,,,,,-1.54,0.71,-388.0,4466.0,-38.39,-243.28,-229.85,,,62.91,14.0,-35.0,-33.0,,,,,,,,,,,,,
126730,코칩,2026-07-08 05:27,2025.12,2026.12,2026.03,2026.06,43.66,2.08,335.0,7046.0,5.25,2.98,7.44,2.73,111.9,20.43,383.0,11.0,28.0,,,,,,,,,,,,,,32.02,2.39,247.0,7003.0,8.08,8.87,17.66,2.73,661.13,20.5,121.0,11.0,21.0,,,,,,,,,,,,,
043590,웰킵스하이텍,2026-07-08 05:27,2025.12,2026.12,2026.03,2026.06,-5.11,0.47,-239.0,2610.0,-8.88,-9.84,-15.16,,,61.86,214.0,-21.0,-32.0,,,,,,,,,,,,,,-4.23,0.5,-21.0,2591.0,-11.38,-9.69,-6.43,,,57.49,45.0,-4.0,-3.0,,,,,,,,,,,,,
417200,LS머트리얼즈,2026-07-08 05:27,2025.12,2026.12,2026.03,2026.06,1892.61,4.45,6.0,2736.0,0.24,-0.09,-0.66,0.18,341.85,33.22,1536.0,-1.0,-10.0,,,,,,,,,,,,,,1890.33,6.5,-11.0,2713.0,0.34,-2.67,-4.04,0.18,115.88,37.65,431.0,-11.0,-17.0,,,,,,,,,,,,,
009470,삼화전기,2026-07-08 05:27,2025.12,2026.12,2026.03,2026.06,20.5,2.06,1427.0,14219.0,10.39,5.23,4.84,2.05,42.05,50.0,2301.0,120.0,111.0,,,,,,,,,,,,,,22.87,2.32,209.0,14670.0,10.78,5.89,3.19,2.05,214.66,50.96,574.0,34.0,18.0,,,,,,,,,,,,,
257370,피엔티엠에스,2026-07-08 05:27,2025.12,2026.12,2026.03,2026.06,-4.85,1.65,-586.0,1721.0,-29.52,-19.17,-66.15,,,145.77,111.0,-21.0,-73.0,,,,,,,,,,,,,,-4.92,2.19,-116.0,1605.0,-36.91,-194.89,-190.44,,,155.67,8.0,-15.0,-15.0,,,,,,,,,,,,,
014915,성문전자우,2026-07-08 05:27,2025.12,2026.12,2026.03,2026.06,17.48,0.74,87.0,2047.0,4.73,3.12,3.76,0.16,5.48,89.05,537.0,17.0,20.0,,,,,,,,,,,,,,19.5,0.72,31.0,2191.0,4.15,4.83,5.27,0.16,29.87,87.05,139.0,7.0,7.0,,,,,,,,,,,,,
002230,피에스텍,2026-07-08 05:27,2025.12,2026.12,2026.03,2026.06,20.77,1.22,473.0,8061.0,6.89,5.44,9.4,2.54,45.35,28.14,972.0,53.0,91.0,,,,,,,,,,,,,,11.5,1.09,361.0,8321.0,11.38,2.35,39.53,1.53,100.06,29.51,176.0,4.0,69.0,,,,,,,,,,,,,
083930,아바코,2026-07-08 05:27,2025.12,2026.12,2026.03,2026.06,7.04,0.88,1939.0,15534.0,13.62,8.81,7.29,3.66,24.93,45.83,3929.0,346.0,286.0,,,,,,,,,,,,,,5.91,0.83,103.0,15133.0,15.48,-26.97,9.76,3.66,51.56,79.94,148.0,-40.0,14.0,,,,,,,,,,,,,
079960,동양이엔피,2026-07-08 05:27,2025.12,2026.12,2026.03,2026.06,4.06,0.44,6293.0,58388.0,11.81,8.99,8.29,1.76,6.87,20.49,5965.0,536.0,495.0,,,,,,,,,,,,,,4.41,0.44,1694.0,60044.0,11.08,5.31,10.84,1.76,32.57,18.51,1228.0,65.0,133.0,,,,,,,,,,,,,
012340,뉴인텍,2026-07-08 05:27,2025.12,2026.12,2026.03,2026.06,-2.36,2.05,-989.0,1138.0,-62.04,-8.73,-15.29,,,383.12,828.0,-72.0,-127.0,,,,,,,,,,,,,,-1.57,1.2,-17.0,1204.0,-57.28,0.11,-1.01,,,346.53,231.0,0.0,-2.0,,,,,,,,,,,,,
412540,제일엠앤에스,2026-07-08 05:27,2025.12,2026.12,2026.03,2026.06,-5.16,-7.07,-762.0,-556.0,103.17,-4.79,-10.38,,,-4706.9,1513.0,-72.0,-157.0,,,,,,,,,,,,,,-1.93,-5.61,-44.0,-702.0,1057.05,8.29,-5.91,,,-3723.9,155.0,13.0,-9.0,,,,,,,,,,,,,
393970,대진첨단소재,2026-07-08 05:27,2025.12,2026.12,2026.03,2026.06,-1.63,1.22,-2648.0,3532.0,-67.38,-24.09,-47.4,,,193.38,845.0,-204.0,-401.0,,,,,,,,,,,,,,-1.04,0.8,-238.0,3517.0,-55.99,-18.63,-16.18,,,149.68,263.0,-49.0,-43.0,,,,,,,,,,,,,
313760,캐리,2026-07-08 05:27,2025.12,2026.12,2026.03,2026.06,-1.74,0.72,-791.0,1920.0,-40.65,-65.12,-112.23,,,146.58,75.0,-49.0,-84.0,,,,,,,,,,,,,,-0.6,0.26,-97.0,1822.0,-38.25,-133.52,-208.44,,,183.58,5.0,-7.0,-11.0,,,,,,,,,,,,,
196490,디에이테크놀로지,2026-07-08 05:27,2025.12,2026.12,2026.03,2026.06,-4.19,-3.26,-1454.0,-1870.0,93.93,-19.39,-25.96,,,-460.5,333.0,-65.0,-87.0,,,,,,,,,,,,,,-4.14,-2.79,-312.0,-2183.0,81.7,-131.01,-122.9,,,-361.28,15.0,-20.0,-19.0,,,,,,,,,,,,,
148930,에이치와이티씨,2026-07-08 05:27,2025.12,2026.12,2026.03,2026.06,9.15,0.47,339.0,6659.0,5.47,-10.53,11.46,0.48,4.23,16.65,301.0,-32.0,34.0,,,,,,,,,,,,,,4.51,0.41,311.0,7005.0,9.9,-14.02,37.94,0.48,3.82,17.74,83.0,-12.0,32.0,,,,,,,,,,,,,
005680,삼영전자,2026-07-08 05:27,2025.12,2026.12,2026.03,2026.06,41.17,0.37,256.0,28401.0,0.96,6.17,3.44,2.85,111.33,4.39,1497.0,92.0,52.0,,,,,,,,,,,,,,75.49,0.53,174.0,28709.0,0.75,5.46,8.92,2.85,-77.49,6.41,392.0,21.0,35.0,,,,,,,,,,,,,
042110,에스씨디,2026-07-08 05:27,2025.12,2026.12,2026.03,2026.06,9.6,0.45,132.0,2824.0,4.78,2.92,2.96,3.93,37.78,27.98,2161.0,63.0,64.0,,,,,,,,,,,,,,15.7,0.51,15.0,2830.0,3.28,1.0,1.38,3.93,566.0,30.93,510.0,5.0,7.0,,,,,,,,,,,,,
036010,아비코전자,2026-07-08 05:27,2025.12,2026.12,2026.03,2026.06,9.9,0.81,716.0,8782.0,8.5,6.21,7.11,0.42,4.19,31.06,1339.0,83.0,95.0,9.73,,722.0,,,6.21,,,,,1336.0,83.0,,9.37,0.88,197.0,8998.0,9.85,5.52,7.41,0.42,16.81,29.21,353.0,19.0,26.0,,,158.0,,,6.13,,,,,326.0,20.0,
452200,민테크,2026-07-08 05:27,2025.12,2026.12,2026.03,2026.06,-23.28,1.74,-102.0,1360.0,-7.75,-41.87,-11.96,,,65.2,210.0,-88.0,-25.0,,,,,,,,,,,,,,-54.18,1.8,-117.0,1241.0,-3.54,-165.83,-179.96,,,67.85,16.0,-27.0,-29.0,,,,,,,,,,,,,
042370,비츠로테크,2026-07-08 05:27,2025.12,2026.12,2026.03,2026.06,35.32,0.9,253.0,9877.0,2.68,12.89,9.88,0.67,21.39,32.78,4323.0,557.0,427.0,,,,,,,,,,,,,,55.99,1.13,-1.0,9674.0,2.1,12.6,11.59,0.67,49.72,37.5,1056.0,133.0,122.0,,,,,,,,,,,,,
014910,성문전자,2026-07-08 05:27,2025.12,2026.12,2026.03,2026.06,17.48,0.74,87.0,2047.0,4.73,3.12,3.76,0.33,5.48,89.05,537.0,17.0,20.0,,,,,,,,,,,,,,19.5,0.72,31.0,2191.0,4.15,4.83,5.27,0.33,29.87,87.05,139.0,7.0,7.0,,,,,,,,,,,,,
288620,에스퓨얼셀,2026-07-08 05:27,2025.12,2026.12,2026.03,2026.06,-3.34,1.59,-3124.0,6556.0,-38.44,-95.1,-138.13,0.56,-29.44,98.59,158.0,-150.0,-218.0,,,,,,,,,,,,,,-2.47,1.34,-460.0,6097.0,-42.88,-116.4,-132.31,,,97.4,24.0,-28.0,-32.0,,,,,,,,,,,,,
302430,이노메트리,2026-07-08 05:27,2025.12,2026.12,2026.03,2026.06,-16.18,1.17,-437.0,6059.0,-6.97,-14.79,-11.14,,,29.32,386.0,-57.0,-43.0,17.4,,366.0,,,3.49,,,,,802.0,28.0,,-59.87,1.06,134.0,6206.0,-1.76,1.4,7.5,,,33.87,175.0,2.0,13.0,,,51.0,,,2.78,,,,,180.0,5.0,
020760,일진디스플,2026-07-08 05:27,2025.12,2026.12,2026.03,2026.06,-7.4,1.62,-122.0,555.0,-19.68,-8.44,-10.85,,,135.71,578.0,-49.0,-63.0,,,,,,,,,,,,,,-8.33,1.51,-11.0,599.0,-16.49,-5.18,-4.92,,,86.06,118.0,-6.0,-6.0,,,,,,,,,,,,,
121800,비덴트,2026-07-08 05:27,2025.12,2026.12,2026.03,2026.06,29.25,0.4,114.0,8348.0,1.37,-71.1,85.22,,,9.07,101.0,-72.0,86.0,,,,,,,,,,,,,,-6.22,0.42,-526.0,7822.0,-6.59,-10.67,-1429.9,,,9.24,28.0,-3.0,-406.0,,,,,,,,,,,,,
052330,코텍,2026-07-08 05:27,2025.12,2026.12,2026.03,2026.06,5.45,0.32,1655.0,27942.0,8.0,9.52,7.14,3.33,13.95,18.45,3968.0,378.0,283.0,,,,,,,,,,,,,,4.9,0.33,877.0,29464.0,9.59,13.2,13.46,3.33,32.28,23.63,1168.0,154.0,157.0,,,,,,,,,,,,,
191410,육일씨엔에쓰,2026-07-08 05:27,2025.12,2026.12,2026.03,2026.06,22.8,1.6,132.0,1876.0,7.28,-3.36,3.6,,,135.88,448.0,-15.0,16.0,,,,,,,,,,,,,,13.15,1.19,44.0,1933.0,9.57,4.78,5.37,,,140.51,108.0,5.0,6.0,,,,,,,,,,,,,
057540,옴니시스템,2026-07-08 05:27,2025.12,2026.12,2026.03,2026.06,-234.47,0.42,-3.0,1847.0,-0.18,1.03,-0.16,,,18.29,991.0,10.0,-2.0,,,,,,,,,,,,,,36.04,0.43,17.0,1865.0,1.21,-1.57,5.28,,,18.49,184.0,-3.0,10.0,,,,,,,,,,,,,
022100,포스코DX,2026-07-08 05:27,2025.12,2026.12,2026.03,2026.06,83.93,7.66,343.0,3752.0,9.53,5.62,4.89,0.43,36.44,45.73,10752.0,604.0,526.0,,,,,,,,,,,,,,129.81,8.02,26.0,3671.0,6.32,1.52,1.66,0.43,-1700.23,44.25,2415.0,37.0,40.0,,,,,,,,,,,,,
065770,CS,2026-07-08 05:27,2025.12,2026.12,2026.03,2026.06,-15.09,0.86,-103.0,1797.0,-5.54,-5.0,-4.22,,,9.23,236.0,-12.0,-10.0,,,,,,,,,,,,,,-34.85,1.18,-24.0,1778.0,-3.33,-11.15,-6.89,,,16.73,33.0,-4.0,-2.0,,,,,,,,,,,,,
001820,삼화콘덴서,2026-07-08 05:27,2025.12,2026.12,2026.03,2026.06,24.26,1.1,1206.0,26701.0,4.62,4.37,4.28,1.71,41.47,21.69,2945.0,129.0,126.0,,,,,,,,,,,,,,39.44,1.93,499.0,26851.0,5.01,6.45,7.21,1.71,321.42,24.46,729.0,47.0,52.0,,,,,,,,,,,,,
082920,비츠로셀,2026-07-08 05:27,2025.12,2026.12,2026.03,2026.06,14.03,2.4,1256.0,7355.0,18.56,28.5,23.42,1.48,20.52,12.21,2431.0,693.0,569.0,20.95,4.06,1718.0,8876.0,21.37,30.34,25.39,,,,3055.0,927.0,776.0,25.16,4.71,446.0,7557.0,20.52,29.71,29.63,1.48,65.1,14.68,683.0,203.0,202.0,,,439.0,,,30.66,25.36,,,,741.0,227.0,188.0
348350,위드텍,2026-07-08 05:27,2025.12,2026.12,2026.03,2026.06,13.46,0.66,633.0,12943.0,5.23,8.87,11.15,2.35,30.33,22.61,578.0,51.0,64.0,,,,,,,,,,,,,,9.69,0.74,231.0,12989.0,8.14,-26.17,31.7,2.35,40.84,23.84,73.0,-19.0,23.0,,,,,,,,,,,,,
199430,케이엔알시스템,2026-07-08 05:27,2025.12,2026.12,2026.03,2026.06,-34.84,13.02,-778.0,2081.0,-33.15,-47.37,-53.19,,,105.14,159.0,-75.0,-85.0,,,,,,,,,,,,,,-24.13,9.1,-222.0,2264.0,-35.02,-137.69,-133.41,,,139.91,18.0,-25.0,-25.0,,,,,,,,,,,,,
493280,아이엠바이오로직스,2026-07-08 05:27,2025.12,2026.12,2026.03,2026.06,,,86.0,5770.0,-47.26,2.56,7.55,,,2.46,116.0,3.0,9.0,,,,,,,,,,,,,,,6.39,293.0,8651.0,,37.81,53.06,,,2.59,72.0,27.0,38.0,,,,,,,,,,,,,
408470,한패스,2026-07-08 05:27,2025.12,2026.12,2026.03,2026.06,,,708.0,4459.0,94.2,12.38,9.94,,,189.6,664.0,82.0,66.0,,,,,,,,,,,,,,,2.75,68.0,5940.0,,-4.38,3.82,,,107.45,171.0,-7.0,7.0,,,,,,,,,,,,,
214180,헥토이노베이션,2026-07-08 05:27,2025.12,2026.12,2026.03,2026.06,6.92,0.91,2329.0,17664.0,14.22,13.35,9.79,3.1,20.61,122.33,3758.0,502.0,368.0,4.54,0.7,3075.0,19943.0,16.88,14.32,11.04,,,,4552.0,652.0,502.0,7.8,1.01,486.0,17577.0,14.56,12.96,10.04,3.1,152.7,129.35,1123.0,146.0,113.0,,,897.0,,,14.14,12.91,,,,1092.0,154.0,141.0
046940,우원개발,2026-07-08 05:27,2025.12,2026.12,2026.03,2026.06,1.33,0.41,2654.0,8672.0,36.78,17.85,12.75,3.4,4.52,68.52,3763.0,672.0,480.0,,,,,,,,,,,,,,1.6,0.5,102.0,8703.0,37.24,2.57,3.04,3.4,12.46,64.44,609.0,16.0,19.0,,,,,,,,,,,,,
025550,한국선재,2026-07-08 05:27,2025.12,2026.12,2026.03,2026.06,261.93,0.66,13.0,5127.0,0.27,3.73,1.68,,,124.32,2194.0,82.0,37.0,,,,,,,,,,,,,,-141.13,0.56,-82.0,5579.0,-0.45,12.34,-6.08,,,110.77,661.0,82.0,-40.0,,,,,,,,,,,,,
026150,특수건설,2026-07-08 05:27,2025.12,2026.12,2026.03,2026.06,-5.73,1.3,-1113.0,4922.0,-20.11,-21.23,-12.22,0.45,-2.61,121.8,1490.0,-316.0,-182.0,,,,,,,,,,,,,,-3.47,1.25,97.0,5014.0,-29.91,4.87,3.81,0.45,-1.85,129.29,532.0,26.0,20.0,,,,,,,,,,,,,
032580,피델릭스,2026-07-08 05:27,2025.12,2026.12,2026.03,2026.06,-12.34,0.82,-89.0,1353.0,-6.42,-3.85,-5.53,,,28.17,536.0,-21.0,-30.0,,,,,,,,,,,,,,12.12,0.74,159.0,1512.0,6.32,20.16,24.45,,,42.54,215.0,43.0,53.0,,,,,,,,,,,,,
900070,글로벌에스엠,2026-07-08 05:27,2025.12,2026.12,2026.03,2026.06,3.67,-20.3,230.0,-42.0,5.21,6.42,6.42,,,21.2,1293.0,83.0,83.0,,,,,,,,,,,,,,5.24,-23.87,-11.0,-44.0,4.38,4.21,0.21,,,19.77,341.0,14.0,1.0,,,,,,,,,,,,,
900290,GRT,2026-07-08 05:27,2025.06,2026.06,2026.03,2026.06,3.26,0.28,906.0,10460.0,8.94,14.31,10.03,1.97,0.15,76.55,9593.0,1373.0,962.0,,,,,,,,,,,,,,5.64,0.38,196.0,13517.0,7.43,15.02,10.21,,,83.5,2774.0,417.0,283.0,,,,,,,,,,,,,
008290,원풍물산,2026-07-08 05:27,2025.12,2026.12,2026.03,2026.06,-2.48,1.29,-372.0,715.0,-43.49,-42.51,-44.73,,,38.65,169.0,-72.0,-76.0,,,,,,,,,,,,,,-2.01,0.98,-37.0,732.0,-42.57,-17.46,-17.13,,,30.01,44.0,-8.0,-8.0,,,,,,,,,,,,,
066310,큐에스아이,2026-07-08 05:27,2025.12,2026.12,2026.03,2026.06,27.35,0.77,271.0,9645.0,2.94,1.26,10.8,1.35,36.02,6.42,233.0,3.0,25.0,,,,,,,,,,,,,,21.55,1.08,243.0,9858.0,5.29,8.69,36.65,1.35,58.73,7.22,61.0,5.0,23.0,,,,,,,,,,,,,
143540,영우디에스피,2026-07-08 05:27,2025.12,2026.12,2026.03,2026.06,7.62,1.35,125.0,703.0,19.84,7.34,6.9,,,127.35,805.0,59.0,56.0,,,,,,10.0,,,,,1000.0,100.0,,5.84,1.69,95.0,800.0,34.5,15.18,18.09,,,68.99,233.0,35.0,42.0,,,,,,,,,,,,,
017900,광전자,2026-07-08 05:27,2025.12,2026.12,2026.03,2026.06,24.53,0.38,73.0,4784.0,1.77,0.91,3.19,2.77,59.16,7.12,1327.0,12.0,42.0,,,,,,,,,,,,,,26.22,0.57,72.0,4819.0,2.51,1.96,11.98,2.77,149.43,8.52,345.0,7.0,41.0,,,,,,,,,,,,,
038060,루멘스,2026-07-08 05:27,2025.12,2026.12,2026.03,2026.06,-4.43,0.28,-138.0,2202.0,-6.12,-2.86,-3.79,,,47.36,1755.0,-50.0,-67.0,,,,,,,,,,,,,,-6.97,0.32,48.0,2280.0,-4.53,2.39,6.07,,,39.51,382.0,9.0,23.0,,,,,,,,,,,,,
003650,미창석유,2026-07-08 05:27,2025.12,2026.12,2026.03,2026.06,3.07,0.38,39586.0,316865.0,15.44,8.52,16.98,2.88,7.69,11.38,4055.0,346.0,689.0,,,,,,,,,,,,,,2.35,0.34,9739.0,324840.0,18.32,13.58,16.76,2.88,26.58,14.56,1011.0,137.0,169.0,,,,,,,,,,,,,
002960,한국쉘석유,2026-07-08 05:27,2025.12,2026.12,2026.03,2026.06,12.14,4.17,37098.0,107971.0,36.04,15.3,13.98,7.99,97.04,42.68,3450.0,528.0,482.0,,,,,,,,,,,,,,12.14,5.5,10807.0,84777.0,45.99,17.54,15.39,7.55,364.74,100.76,913.0,160.0,140.0,,,,,,,,,,,,,
377030,비트맥스,2026-07-08 05:27,2025.12,2026.12,2026.03,2026.06,-0.64,6.62,-10522.0,1012.0,-774.04,-39.9,-354.04,,,909.84,272.0,-109.0,-964.0,,,,,,,,,,,,,,-0.25,-6.12,-1568.0,-453.0,-1670.57,-18.02,-270.11,,,-1759.75,61.0,-11.0,-166.0,,,,,,,,,,,,,
054450,텔레칩스,2026-07-08 05:27,2025.12,2026.12,2026.03,2026.06,-3.93,1.65,-4070.0,9686.0,-35.76,-3.21,-31.97,0.47,-2.3,157.06,1928.0,-62.0,-616.0,9.87,1.05,1061.0,9925.0,11.1,6.91,6.79,,,,2452.0,169.0,166.0,-3.09,1.2,62.0,9754.0,-33.52,9.26,1.43,,,162.66,661.0,61.0,9.0,,,139.0,,,3.21,3.75,,,,560.0,18.0,21.0
299900,위지윅스튜디오,2026-07-08 05:27,2025.12,2026.12,2026.03,2026.06,-2.91,0.8,-207.0,749.0,-23.99,-9.37,-40.96,,,83.44,1020.0,-96.0,-418.0,,,,,,,,,,,,,,-3.26,0.56,37.0,787.0,-15.65,-13.34,43.36,,,50.35,137.0,-18.0,59.0,,,,,,,,,,,,,
190510,나무가,2026-07-08 05:27,2025.12,2026.12,2026.03,2026.06,10.26,1.43,1700.0,12226.0,14.84,6.13,5.46,4.17,40.71,49.89,4599.0,282.0,251.0,11.93,,1079.0,,,4.21,,,,,3587.0,151.0,,11.44,1.33,320.0,12107.0,12.03,3.96,4.6,4.17,281.4,55.51,979.0,39.0,45.0,,,121.0,,,2.04,,,,,883.0,18.0,
206560,덱스터,2026-07-08 05:27,2025.12,2026.12,2026.03,2026.06,-16.52,2.71,-241.0,1470.0,-15.29,-11.74,-12.26,,,156.15,554.0,-65.0,-68.0,,,,,,,,,,,,,,-12.69,2.25,-142.0,1327.0,-16.35,-36.47,-41.2,,,158.24,106.0,-39.0,-44.0,,,,,,,,,,,,,
431190,케이쓰리아이,2026-07-08 05:27,2025.12,2026.12,2026.03,2026.06,-9.78,1.11,-515.0,4544.0,-11.96,-21.07,-25.71,,,34.23,166.0,-35.0,-43.0,,,,,,,,,,,,,,-7.76,0.91,-146.0,4464.0,-12.42,-46.44,-41.23,,,33.2,30.0,-14.0,-12.0,,,,,,,,,,,,,
274400,이노시뮬레이션,2026-07-08 05:27,2025.12,2026.12,2026.03,2026.06,-17.21,1.27,-244.0,3320.0,-8.02,-13.96,-14.67,,,90.56,143.0,-20.0,-21.0,,,,,,,,,,,,,,-25.25,1.12,-58.0,3262.0,-5.1,-18.8,-21.43,,,86.96,24.0,-5.0,-5.0,,,,,,,,,,,,,
016670,디모아,2026-07-08 05:27,2025.12,2026.12,2026.03,2026.06,2.23,0.39,1981.0,11343.0,14.99,17.58,48.19,,,50.49,231.0,41.0,111.0,,,,,,,,,,,,,,2.22,0.44,398.0,9204.0,15.09,45.81,39.82,,,59.59,82.0,37.0,33.0,,,,,,,,,,,,,
054210,이랜텍,2026-07-08 05:27,2025.12,2026.12,2026.03,2026.06,9.92,0.84,916.0,10776.0,8.96,5.73,3.54,1.1,10.77,118.6,7532.0,432.0,267.0,,,,,,,,,,,,,,6.04,0.86,511.0,11460.0,15.58,7.45,6.33,1.1,12.54,113.37,2352.0,175.0,149.0,,,,,,,,,,,,,
094170,동운아나텍,2026-07-08 05:27,2025.12,2026.12,2026.03,2026.06,587.76,8.38,49.0,3425.0,1.45,1.9,0.8,0.59,336.57,58.81,1276.0,24.0,10.0,67.85,8.69,478.0,3736.0,13.82,1.17,7.81,,,,1280.0,15.0,100.0,110.17,9.03,49.0,3305.0,8.58,-6.0,3.3,0.59,109.13,70.14,308.0,-18.0,10.0,,,129.0,,,-7.95,10.23,,,,264.0,-21.0,27.0
038680,에스넷,2026-07-08 05:27,2025.12,2026.12,2026.03,2026.06,14.84,0.59,229.0,5721.0,4.4,2.33,1.1,2.94,40.53,116.24,4574.0,107.0,50.0,,,,,,,,,,,,,,10.71,0.62,-16.0,5590.0,6.31,0.07,-0.71,2.94,20.6,109.8,778.0,1.0,-6.0,,,,,,,,,,,,,
365270,큐라클,2026-07-08 05:27,2025.12,2026.12,2026.03,2026.06,-6.95,4.04,-1026.0,1765.0,-54.03,-232409.08,-255074.44,,,43.47,16.0,-165.0,-181.0,-16.52,10.32,-696.0,1115.0,-49.52,-348.72,-392.31,,,,39.0,-136.0,-153.0,-15.5,7.45,-146.0,1898.0,-50.25,-285.92,-299.76,,,32.63,10.0,-30.0,-31.0,,,,,,,,,,,,,
397030,에이프릴바이오,2026-07-08 05:27,2025.12,2026.12,2026.03,2026.06,-127.88,13.23,-429.0,4150.0,-10.39,-334.44,-447.88,,,0.83,22.0,-73.0,-97.0,-96.58,9.52,-317.0,3216.0,-8.65,18.18,-78.79,,,,110.0,20.0,-87.0,-123.17,13.0,9.0,4194.0,-10.64,-302.3,27.71,,,1.01,7.0,-22.0,2.0,,,,,,,,,,,,,
001540,안국약품,2026-07-08 05:27,2025.12,2026.12,2026.03,2026.06,14.75,0.58,574.0,14551.0,4.52,3.2,2.38,7.48,96.17,87.0,3069.0,98.0,73.0,,,,,,,,,,,,,,6.21,0.52,949.0,14946.0,9.78,16.19,12.53,7.48,-278.8,90.95,989.0,160.0,124.0,,,,,,,,,,,,,
323990,박셀바이오,2026-07-08 05:27,2025.12,2026.12,2026.03,2026.06,-17.37,3.79,-575.0,2638.0,-20.04,-219.64,-189.05,,,9.44,71.0,-155.0,-133.0,,,,,,,,,,,,,,-12.08,3.09,-171.0,2469.0,-22.82,-301.18,-258.49,,,11.15,15.0,-46.0,-40.0,,,,,,,,,,,,,
039200,오스코텍,2026-07-08 05:27,2025.12,2026.12,2026.03,2026.06,33.03,9.54,1368.0,4739.0,33.87,52.16,54.48,,,23.02,998.0,521.0,544.0,39.93,6.23,836.0,5358.0,16.57,40.48,40.48,,,,840.0,340.0,340.0,34.84,10.82,-71.0,4676.0,36.95,-273.83,-136.81,,,21.81,36.0,-100.0,-50.0,,,,,,,,,,,,,
950220,네오이뮨텍,2026-07-08 05:27,2025.12,2026.12,2026.03,2026.06,-3.34,2.28,-1228.0,1801.0,-63.04,-26596.51,-33531.39,,,38.57,1.0,-252.0,-318.0,,,,,,,,,,,,,,-2.33,1.61,-225.0,1620.0,-71.81,-1180.48,-1431.91,,,45.45,5.0,-62.0,-75.0,,,,,,,,,,,,,
294870,IPARK현대산업개발,2026-07-08 05:27,2025.12,2026.12,2026.03,2026.06,9.13,0.43,2400.0,50672.0,5.0,6.0,3.81,3.2,27.78,136.53,41470.0,2486.0,1581.0,3.61,0.34,5347.0,55917.0,10.48,12.95,8.98,,,,39241.0,5080.0,3524.0,8.79,0.4,748.0,51075.0,4.84,11.89,7.31,3.2,384.69,129.32,6739.0,801.0,493.0,,,1248.0,,,12.3,8.87,,,,9790.0,1204.0,868.0
013810,스페코,2026-07-08 05:27,2025.12,2026.12,2026.03,2026.06,-368.34,0.78,-6.0,3023.0,-0.21,-1.21,-0.81,,,58.38,380.0,-5.0,-3.0,,,,,,,,,,,,,,77.9,0.88,41.0,3056.0,1.15,-0.93,8.87,,,49.31,63.0,-1.0,6.0,,,,,,,,,,,,,
119500,포메탈,2026-07-08 05:27,2025.12,2026.12,2026.03,2026.06,18.99,0.8,182.0,4336.0,4.26,3.58,3.27,1.73,32.93,21.01,660.0,24.0,22.0,,,,,,,,,,,,,,21.56,0.86,40.0,4316.0,4.04,2.43,3.1,1.73,238.08,23.34,151.0,4.0,5.0,,,,,,,,,,,,,
306200,세아제강,2026-07-08 05:27,2025.12,2026.12,2026.03,2026.06,11.09,0.3,10577.0,395605.0,2.69,3.34,2.02,4.69,52.0,62.94,14848.0,496.0,300.0,6.7,0.31,19039.0,411205.0,4.72,4.67,3.12,,,,17305.0,809.0,540.0,10.94,0.31,7401.0,398951.0,2.87,5.37,4.68,4.69,136.15,69.74,4486.0,241.0,210.0,,,4348.0,,,4.64,2.52,,,,4439.0,206.0,112.0
382900,범한퓨얼셀,2026-07-08 05:27,2025.12,2026.12,2026.03,2026.06,144.35,1.39,182.0,18795.0,0.98,1.98,2.73,,,116.58,434.0,9.0,12.0,,,,,,5.26,1.32,,,,760.0,40.0,10.0,-3718.71,1.38,-188.0,18603.0,-0.04,-42.45,-33.03,,,117.99,51.0,-21.0,-17.0,,,,,,5.88,,,,,170.0,10.0,
059090,미코,2026-07-08 05:27,2025.12,2026.12,2026.03,2026.06,15.16,3.66,883.0,3658.0,27.23,10.34,7.67,,,228.63,9770.0,1010.0,749.0,,,,,,,,,,,,,,63.09,2.47,-344.0,5077.0,4.9,5.86,-0.42,,,248.04,3220.0,189.0,-14.0,,,,,,,,,,,,,
452280,한선엔지니어링,2026-07-08 05:27,2025.12,2026.12,2026.03,2026.06,16.49,2.16,518.0,3957.0,14.04,15.42,14.13,,,105.7,632.0,98.0,89.0,,,,,,,,,,,,,,119.7,2.91,-284.0,4764.0,2.65,27.73,-22.9,,,70.17,224.0,62.0,-51.0,,,,,,,,,,,,,
033500,동성화인텍,2026-07-08 05:27,2025.12,2026.12,2026.03,2026.06,13.6,2.93,1863.0,8649.0,24.23,9.78,7.53,1.58,21.43,93.73,7422.0,726.0,559.0,7.4,1.64,2368.0,10654.0,24.57,11.62,8.64,,,,8220.0,955.0,710.0,10.85,2.62,571.0,8821.0,26.79,11.74,10.12,1.58,78.04,85.15,1691.0,199.0,171.0,,,,,,12.23,8.47,,,,2125.0,260.0,180.0
258610,케일럼,2026-07-08 05:27,2025.12,2026.12,2026.03,2026.06,-18.48,1.11,-74.0,1239.0,-5.5,-1.0,-3.36,,,75.45,817.0,-8.0,-27.0,,,,,,,,,,,,,,-29.68,1.15,42.0,1281.0,-3.75,3.27,5.83,,,71.97,266.0,9.0,16.0,,,,,,,,,,,,,
085310,엔케이,2026-07-08 05:27,2025.12,2026.12,2026.03,2026.06,-22.31,0.5,-523.0,23373.0,-2.46,-0.5,-2.84,0.86,-16.8,38.68,1301.0,-6.0,-37.0,,,,,,,,,,,,,,-57.37,0.46,355.0,23222.0,-0.9,1.67,9.14,0.86,60.19,35.5,319.0,5.0,29.0,,,,,,,,,,,,,
006280,녹십자,2026-07-08 05:27,2025.12,2026.12,2026.03,2026.06,-397.57,1.49,-400.0,106673.0,-0.38,3.47,-1.49,0.94,-366.29,113.09,19913.0,692.0,-297.0,17.93,1.09,6833.0,112371.0,6.39,3.67,6.77,,,,20387.0,747.0,1380.0,-120.18,1.33,1752.0,107655.0,-1.12,2.69,4.63,0.94,-19.39,112.06,4355.0,117.0,201.0,,,864.0,,,4.18,1.8,,,,5028.0,210.0,91.0
217730,강스템바이오텍,2026-07-08 05:27,2025.12,2026.12,2026.03,2026.06,-16.6,3.18,-140.0,730.0,-18.75,-494.56,-293.0,,,18.0,36.0,-177.0,-105.0,,,,,,,,,,,,,,-5.23,4.62,-48.0,662.0,-33.97,-567.65,-566.56,,,19.6,8.0,-46.0,-46.0,,,,,,,,,,,,,
012210,삼미금속,2026-07-08 05:27,2025.12,2026.12,2026.03,2026.06,137.48,2.54,77.0,4178.0,2.03,7.88,2.29,,,103.63,738.0,58.0,17.0,21.58,,353.0,,,9.64,9.64,,,,830.0,80.0,80.0,109.77,3.1,56.0,4239.0,2.03,8.78,6.87,,,115.44,183.0,16.0,13.0,,,89.0,,,10.0,10.0,,,,200.0,20.0,20.0
413630,씨피시스템,2026-07-08 05:27,2025.12,2026.12,2026.03,2026.06,84.98,3.81,53.0,1194.0,4.54,11.09,10.39,1.32,109.2,6.67,193.0,21.0,20.0,18.91,1.87,124.0,1251.0,10.1,17.02,19.15,,,,235.0,40.0,45.0,49.29,2.87,30.0,1168.0,5.89,10.25,21.03,1.32,522.37,13.3,52.0,5.0,11.0,,,27.0,,,14.29,15.87,,,,63.0,9.0,10.0
023160,태광,2026-07-08 05:27,2025.12,2026.12,2026.03,2026.06,9.0,0.9,2410.0,24145.0,10.73,13.04,22.06,2.47,21.67,10.63,2970.0,387.0,655.0,11.66,0.94,2057.0,25658.0,8.32,17.14,15.93,,,,3374.0,578.0,538.0,11.46,1.4,1033.0,24994.0,13.26,11.36,35.03,1.15,64.56,11.54,823.0,94.0,288.0,,,518.0,,,17.13,13.42,,,,820.0,140.0,110.0
355690,에이텀,2026-07-08 05:27,2025.12,2026.12,2026.03,2026.06,-2.85,8.68,-1263.0,415.0,-122.92,-9.29,-12.02,,,415.84,704.0,-65.0,-85.0,,,,,,,,,,,,,,-3.45,-65.37,-449.0,-78.0,-217.83,-5.32,-10.84,,,578.14,261.0,-14.0,-28.0,,,,,,,,,,,,,
199550,레이저옵텍,2026-07-08 05:27,2025.12,2026.12,2026.03,2026.06,-6.33,3.09,-819.0,1675.0,-40.82,-46.88,-41.81,,,64.78,257.0,-120.0,-107.0,,,,,,,,,,,,,,-7.53,3.39,-89.0,1577.0,-36.93,-30.7,-18.52,,,69.08,64.0,-20.0,-12.0,,,,,,,,,,,,,
069620,대웅제약,2026-07-08 05:27,2025.12,2026.12,2026.03,2026.06,10.19,1.97,16904.0,87439.0,21.75,12.53,12.28,0.35,3.52,108.24,15709.0,1968.0,1929.0,8.71,1.29,15302.0,102979.0,16.18,12.49,10.54,,,,16533.0,2065.0,1743.0,9.28,1.79,2235.0,89169.0,21.84,5.88,6.75,0.35,7.68,112.3,3778.0,222.0,255.0,,,3274.0,,,12.95,9.26,,,,4196.0,544.0,388.0
086900,메디톡스,2026-07-08 05:27,2025.12,2026.12,2026.03,2026.06,56.34,1.87,2144.0,64588.0,3.61,6.88,6.33,0.99,53.75,28.06,2473.0,170.0,157.0,21.42,1.04,3553.0,73007.0,5.87,12.59,10.18,,,,2652.0,334.0,270.0,38.08,1.88,1007.0,53877.0,4.92,12.15,12.98,1.0,119.98,48.74,607.0,74.0,79.0,,,1021.0,,,12.16,,,,,658.0,80.0,
216080,제테마,2026-07-08 05:27,2025.12,2026.12,2026.03,2026.06,-33.26,3.37,-184.0,1818.0,-9.59,4.97,-9.68,,,221.74,769.0,38.0,-74.0,,,,,,,,,,,,,,-53.19,3.84,-58.0,1947.0,-7.18,-4.16,-15.01,,,195.74,160.0,-7.0,-24.0,,,,,,,,,,,,,
200670,휴메딕스,2026-07-08 05:27,2025.12,2026.12,2026.03,2026.06,8.75,1.49,4611.0,26994.0,19.61,24.89,30.45,2.28,18.62,8.03,1701.0,423.0,518.0,6.87,0.9,3939.0,30020.0,14.06,23.64,22.85,,,,1936.0,458.0,442.0,7.34,1.2,1158.0,27976.0,18.69,21.98,32.09,0.6,17.08,8.96,405.0,89.0,130.0,,,806.0,,,22.9,19.28,,,,470.0,108.0,90.0
450950,아스테라시스,2026-07-08 05:27,2025.12,2026.12,2026.03,2026.06,49.44,9.92,250.0,1247.0,27.74,27.39,24.27,0.86,43.11,11.65,379.0,104.0,92.0,28.54,5.04,245.0,1385.0,18.61,21.65,19.43,,,,474.0,102.0,92.0,52.66,9.31,-26.0,1174.0,19.29,-23.86,-12.85,0.42,50.78,18.23,75.0,-18.0,-10.0,,,106.0,,,29.41,15.13,,,,119.0,35.0,18.0
145020,휴젤,2026-07-08 05:27,2025.12,2026.12,2026.03,2026.06,20.31,2.62,11348.0,88011.0,16.06,47.25,34.57,,,9.86,4251.0,2009.0,1470.0,17.26,2.36,14224.0,103876.0,16.89,41.58,34.73,,,,5220.0,2170.0,1813.0,19.65,2.59,3190.0,92935.0,16.39,40.83,34.81,,,9.63,1166.0,476.0,406.0,,,3451.0,,,40.34,33.0,,,,1264.0,510.0,417.0
219750,한국비티비,2026-07-08 05:27,2025.12,2026.12,2026.03,2026.06,-14.36,2.32,-300.0,1858.0,-14.97,-8.9,-12.28,,,82.05,320.0,-29.0,-39.0,,,,,,,,,,,,,,-10.58,2.75,-128.0,1730.0,-23.02,-29.27,-28.36,,,88.78,59.0,-17.0,-17.0,,,,,,,,,,,,,
243070,휴온스,2026-07-08 05:27,2025.12,2026.12,2026.03,2026.06,7.69,0.85,3561.0,32090.0,11.85,7.35,6.8,3.36,25.13,63.98,6208.0,456.0,422.0,,,,,,,,,,,,,,9.89,0.8,28.0,31800.0,8.5,-0.46,0.13,0.79,686.75,62.08,1419.0,-6.0,2.0,,,,,,,,,,,,,
206650,유바이오로직스,2026-07-08 05:27,2025.12,2026.12,2026.03,2026.06,10.08,2.38,1127.0,4782.0,26.85,40.66,27.66,,,36.99,1492.0,607.0,413.0,,,,,,33.33,,,,,1350.0,450.0,,16.84,2.74,100.0,4894.0,17.84,14.01,23.42,,,30.85,156.0,22.0,37.0,,,,,,,,,,,,,
061040,알에프텍,2026-07-08 05:27,2025.12,2026.12,2026.03,2026.06,-2.33,0.33,-4285.0,30607.0,-13.41,-9.47,-11.46,,,119.01,2660.0,-252.0,-305.0,,,,,,,,,,,,,,-1.64,0.33,-1914.0,24965.0,-15.7,-10.84,-18.94,,,105.29,675.0,-73.0,-128.0,,,,,,,,,,,,,
109740,디에스케이,2026-07-08 05:27,2025.12,2026.12,2026.03,2026.06,-11.79,1.7,-604.0,4200.0,-13.77,-52.62,-45.86,,,28.42,432.0,-227.0,-198.0,,,,,,,,,,,,,,-9.81,1.31,-92.0,4112.0,-12.9,-116.73,-71.88,,,29.75,49.0,-57.0,-35.0,,,,,,,,,,,,,
298020,효성티앤씨,2026-07-08 05:27,2025.12,2026.12,2026.03,2026.06,89.04,0.61,2499.0,364612.0,0.71,3.27,0.5,4.54,400.83,193.27,76948.0,2515.0,382.0,6.18,0.69,45341.0,406653.0,11.86,5.2,2.96,,,,85441.0,4445.0,2527.0,56.04,1.0,9008.0,378450.0,1.91,4.12,2.43,4.54,-144.55,197.04,20942.0,862.0,509.0,,,13870.0,,,5.84,2.95,,,,21910.0,1280.0,647.0
003070,코오롱글로벌,2026-07-08 05:27,2025.12,2026.12,2026.03,2026.06,-0.96,0.34,-9461.0,26910.0,-29.22,0.14,-7.46,4.41,-5.1,332.25,26844.0,37.0,-2004.0,4.27,0.34,2293.0,28694.0,8.36,3.96,1.69,,,,30206.0,1196.0,510.0,-1.6,0.39,439.0,27252.0,-22.64,3.49,1.73,3.3,-5.2,346.87,6312.0,220.0,109.0,,,650.0,,,4.01,,,,,8044.0,322.0,
079940,가비아,2026-07-08 05:27,2025.12,2026.12,2026.03,2026.06,27.64,2.38,1167.0,13565.0,9.3,12.06,9.27,0.31,8.26,68.0,3357.0,405.0,311.0,,,,,,,,,,,,,,19.53,1.83,282.0,13825.0,10.14,12.62,10.63,0.31,16.2,67.34,850.0,107.0,90.0,,,,,,,,,,,,,
094480,갤럭시아머니트리,2026-07-08 05:27,2025.12,2026.12,2026.03,2026.06,43.16,3.01,212.0,3035.0,7.16,14.18,6.32,0.49,21.27,236.9,1297.0,184.0,82.0,,,,,,,,,,,,,,36.41,2.56,59.0,3049.0,7.22,13.18,6.47,0.49,1302.47,264.59,351.0,46.0,23.0,,,,,,,,,,,,,
039290,인포뱅크,2026-07-08 05:27,2025.12,2026.12,2026.03,2026.06,-12.49,0.76,-476.0,7795.0,-6.18,-3.11,-3.47,0.12,-2.18,43.43,1351.0,-42.0,-47.0,,,,,,,,,,,,,,-10.4,0.61,19.0,7769.0,-5.91,-2.6,0.42,,,42.52,340.0,-9.0,1.0,,,,,,,,,,,,,
072130,유엔젤,2026-07-08 05:27,2025.12,2026.12,2026.03,2026.06,13.55,0.89,336.0,5122.0,7.07,5.56,7.09,2.2,28.34,22.68,616.0,34.0,44.0,,,,,,,,,,,,,,14.28,0.96,133.0,5258.0,7.32,1.14,9.7,2.2,293.9,23.46,177.0,2.0,17.0,,,,,,,,,,,,,
039980,폴라리스AI,2026-07-08 05:27,2025.12,2026.12,2026.03,2026.06,-165.91,1.35,-54.0,6601.0,-0.82,-10.75,-1.79,,,12.61,436.0,-47.0,-8.0,,,,,,,,,,,,,,-131.1,1.17,1.0,6660.0,-0.91,3.33,0.18,,,12.68,103.0,3.0,0.0,,,,,,,,,,,,,
083640,인콘,2026-07-08 05:27,2025.12,2026.12,2026.03,2026.06,-15.71,0.26,-81.0,4834.0,-1.66,3.34,-2.48,,,9.66,508.0,17.0,-13.0,,,,,,,,,,,,,,34.48,0.39,165.0,4996.0,1.13,-9.62,40.28,,,9.41,64.0,-6.0,26.0,,,,,,,,,,,,,
089470,HDC현대EP,2026-07-08 05:27,2025.12,2026.12,2026.03,2026.06,4.13,0.31,1039.0,13772.0,9.61,5.01,3.05,3.73,12.51,87.1,9927.0,497.0,302.0,,,,,,,,,,,,,,4.91,0.34,174.0,13907.0,8.82,3.05,1.79,3.73,69.44,94.23,2549.0,78.0,46.0,,,,,,,,,,,,,
041440,현대에버다임,2026-07-08 05:27,2025.12,2026.12,2026.03,2026.06,31.72,0.77,259.0,10745.0,2.44,1.87,1.6,0.85,26.9,53.94,2896.0,54.0,46.0,,,,,,,,,,,,,,21.4,0.78,77.0,10760.0,3.72,0.7,1.69,0.85,34.5,74.91,820.0,6.0,14.0,,,,,,,,,,,,,
037440,희림,2026-07-08 05:27,2025.12,2026.12,2026.03,2026.06,8.22,0.67,561.0,6930.0,9.22,3.94,3.37,2.17,16.15,142.07,2319.0,91.0,78.0,7.89,0.55,496.0,7146.0,7.67,3.79,2.75,,,,2509.0,95.0,69.0,7.84,0.59,23.0,6811.0,8.49,1.94,0.54,2.17,26.09,137.28,597.0,12.0,3.0,,,72.0,,,2.73,,,,,622.0,17.0,
372910,한컴라이프케어,2026-07-08 05:27,2025.12,2026.12,2026.03,2026.06,-10.8,0.66,-279.0,4590.0,-5.9,-0.79,-8.32,,,59.34,921.0,-7.0,-77.0,15.44,0.37,112.0,4694.0,2.41,2.7,2.4,,,,1333.0,36.0,32.0,-8.88,0.51,-79.0,4508.0,-5.58,-63.69,-37.25,,,61.79,60.0,-38.0,-22.0,,,137.0,,,7.64,5.62,,,,694.0,53.0,39.0
033540,파라텍,2026-07-08 05:27,2025.12,2026.12,2026.03,2026.06,-1.9,0.52,-582.0,2142.0,-24.06,-7.9,-12.63,,,123.85,1739.0,-137.0,-220.0,,,,,,,,,,,,,,-1.86,0.66,-120.0,1780.0,-26.09,-22.64,-20.2,,,89.81,272.0,-62.0,-55.0,,,,,,,,,,,,,
101670,하이드로리튬,2026-07-08 05:27,2025.12,2026.12,2026.03,2026.06,-2.98,1.71,-640.0,1115.0,-47.54,-447.08,-1029.18,,,31.34,34.0,-151.0,-347.0,,,,,,,,,,,,,,-2.0,4.61,-604.0,511.0,-47.94,-353.78,-3593.85,,,177.11,10.0,-34.0,-342.0,,,,,,,,,,,,,
001550,조비,2026-07-08 05:27,2025.12,2026.12,2026.03,2026.06,31.0,1.12,380.0,10535.0,3.67,3.83,1.98,,,125.35,997.0,38.0,20.0,,,,,,,,,,,,,,18.8,1.41,711.0,11245.0,7.79,10.85,8.46,,,142.12,436.0,47.0,37.0,,,,,,,,,,,,,
033250,체시스,2026-07-08 05:27,2025.12,2026.12,2026.03,2026.06,5.11,0.71,985.0,7090.0,15.0,8.02,6.71,,,89.64,938.0,75.0,63.0,,,,,,,,,,,,,,5.04,0.65,341.0,7429.0,13.75,5.86,8.89,,,98.92,246.0,14.0,22.0,,,,,,,,,,,,,
054050,농우바이오,2026-07-08 05:27,2025.12,2026.12,2026.03,2026.06,10.4,0.46,767.0,17324.0,4.48,8.59,7.74,3.14,32.61,26.76,1588.0,136.0,123.0,,,,,,,,,,,,,,10.23,0.44,400.0,17648.0,4.41,14.76,17.61,3.14,-418.16,27.11,364.0,54.0,64.0,,,,,,,,,,,,,
332290,누보,2026-07-08 05:27,2025.12,2026.12,2026.03,2026.06,42.11,1.39,29.0,881.0,3.37,3.95,0.98,,,144.62,1042.0,41.0,10.0,,,,,,,,,,,,,,16.82,1.39,36.0,920.0,9.0,4.38,4.56,,,159.36,316.0,14.0,14.0,,,,,,,,,,,,,
014580,태경비케이,2026-07-08 05:27,2025.12,2026.12,2026.03,2026.06,5.31,0.54,866.0,8538.0,10.6,10.57,8.5,3.26,17.32,49.09,3859.0,408.0,328.0,,,,,,,,,,,,,,4.43,0.5,358.0,8743.0,11.93,10.49,12.38,3.26,105.6,52.79,1033.0,108.0,128.0,,,,,,,,,,,,,
039570,HDC랩스,2026-07-08 05:27,2025.12,2026.12,2026.03,2026.06,17.87,0.73,472.0,11616.0,4.6,1.65,1.9,5.33,84.31,65.41,6457.0,106.0,123.0,5.9,0.59,1271.0,12623.0,11.85,5.49,5.13,,,,6433.0,353.0,330.0,12.78,0.71,261.0,11439.0,6.31,4.85,4.57,5.33,356.93,67.99,1481.0,72.0,68.0,,,,,,5.98,,,,,1555.0,93.0,
389470,인벤티지랩,2026-07-08 05:27,2025.12,2026.12,2026.03,2026.06,-110.2,16.31,-764.0,5163.0,-17.44,-965.74,-541.4,,,36.85,29.0,-284.0,-159.0,,,,,,,,,,,,,,290.95,10.03,223.0,6527.0,4.2,-2135.15,235.13,,,86.69,4.0,-84.0,9.0,,,,,,,,,,,,,
060590,씨티씨바이오,2026-07-08 05:27,2025.12,2026.12,2026.03,2026.06,34.51,1.52,134.0,3042.0,4.55,5.05,2.62,,,96.96,1238.0,62.0,32.0,,,,,,,,,,,,,,15.01,1.19,145.0,3188.0,8.34,13.35,10.16,,,92.4,344.0,46.0,35.0,,,,,,,,,,,,,
285130,SK케미칼,2026-07-08 05:27,2025.12,2026.12,2026.03,2026.06,28.43,0.56,2304.0,117452.0,2.0,-0.01,1.15,1.76,50.12,93.85,23652.0,-2.0,273.0,5.55,0.34,7693.0,124115.0,6.43,0.25,4.74,,,,27797.0,69.0,1318.0,81.47,0.45,-625.0,116972.0,0.56,-2.88,-3.98,1.15,-45.4,95.37,6559.0,-189.0,-261.0,,,82.0,,,-0.21,-0.09,,,,6930.0,-14.0,-6.0
176750,듀켐바이오,2026-07-08 05:27,2025.12,2026.12,2026.03,2026.06,41.81,5.48,228.0,1737.0,14.05,19.3,16.8,,,57.75,386.0,74.0,65.0,,,,,,,,,,,,,,36.31,5.03,31.0,1768.0,14.92,12.94,8.99,,,54.06,97.0,13.0,9.0,,,,,,,,,,,,,
067080,대화제약,2026-07-08 05:27,2025.12,2026.12,2026.03,2026.06,196.24,4.12,89.0,4229.0,2.26,2.21,1.63,0.86,160.06,166.44,1431.0,32.0,23.0,,,,,,,,,,,,,,144.81,3.23,-13.0,4388.0,2.43,1.23,-0.72,0.57,55.71,161.38,370.0,5.0,-3.0,,,,,,,,,,,,,
005500,삼진제약,2026-07-08 05:27,2025.12,2026.12,2026.03,2026.06,11.31,0.86,1746.0,22942.0,8.76,8.66,7.82,4.05,41.9,62.03,3091.0,268.0,242.0,10.72,0.78,1719.0,23630.0,7.77,8.72,7.26,,,,3153.0,275.0,229.0,11.27,0.82,105.0,21931.0,8.25,5.27,2.05,4.05,113.37,63.0,681.0,36.0,14.0,,,323.0,,,7.71,5.72,,,,752.0,58.0,43.0
014570,고려제약,2026-07-08 05:27,2025.12,2026.12,2026.03,2026.06,7.26,0.56,592.0,7678.0,8.08,11.06,10.42,4.19,29.91,13.54,625.0,69.0,65.0,,,,,,,,,,,,,,6.29,0.52,109.0,7604.0,8.67,8.82,9.01,4.19,107.45,17.12,133.0,12.0,12.0,,,,,,,,,,,,,
000220,유유제약,2026-07-08 05:27,2025.12,2026.12,2026.03,2026.06,10.87,0.64,416.0,7069.0,6.4,7.82,6.47,2.55,26.18,47.44,1409.0,110.0,91.0,,,,,,,,,,,,,,8.99,0.58,178.0,7146.0,7.05,12.11,9.43,2.55,154.1,45.4,355.0,43.0,34.0,,,,,,,,,,,,,
302550,리메드,2026-07-08 05:27,2025.12,2026.12,2026.03,2026.06,181.84,2.37,17.0,1296.0,1.31,2.96,-0.14,,,36.6,245.0,7.0,-0.0,,,,,,,,,,,,,,78.0,2.26,36.0,1309.0,2.94,9.53,14.18,,,39.51,72.0,7.0,10.0,,,,,,,,,,,,,
061250,화일약품,2026-07-08 05:27,2025.12,2026.12,2026.03,2026.06,-416.18,0.47,-27.0,24576.0,-0.11,-2.26,-0.23,,,3.04,1008.0,-23.0,-2.0,,,,,,,,,,,,,,83.54,0.4,68.0,24779.0,0.49,-2.41,2.47,,,3.01,234.0,-6.0,6.0,,,,,,,,,,,,,
002800,신신제약,2026-07-08 05:27,2025.12,2026.12,2026.03,2026.06,9.57,1.19,613.0,4933.0,13.21,9.48,8.16,1.37,13.06,84.51,1138.0,108.0,93.0,,,,,,,,,,,,,,7.29,1.05,189.0,5090.0,15.51,10.53,9.48,1.37,34.72,83.98,302.0,32.0,29.0,,,,,,,,,,,,,
003060,에이프로젠바이오로직스,2026-07-08 05:27,2025.12,2026.12,2026.03,2026.06,-0.64,0.49,-12877.0,16765.0,-58.11,-82.42,-229.83,,,111.48,732.0,-604.0,-1683.0,,,,,,,,,,,,,,-0.47,0.29,-294.0,16437.0,-48.81,-62.98,-21.14,,,111.47,216.0,-136.0,-46.0,,,,,,,,,,,,,
006620,동구바이오제약,2026-07-08 05:27,2025.12,2026.12,2026.03,2026.06,3.1,0.98,1766.0,5610.0,39.12,3.81,20.67,2.19,6.45,121.05,2427.0,92.0,502.0,,,,,,,,,,,,,,2.86,0.92,-20.0,5476.0,40.3,3.12,-1.0,2.19,7.86,128.49,581.0,18.0,-6.0,,,,,,,,,,,,,
001720,신영증권,2026-07-08 05:27,2026.03,2027.03,2026.03,2026.06,20.32,0.73,9073.0,253168.0,8.04,6.17,4.92,4.07,40.31,527.21,31714.0,1958.0,1561.0,,,,,,,,,,,,,,20.32,0.73,2242.0,253168.0,8.04,4.25,3.55,4.07,163.1,527.21,11061.0,471.0,393.0,,,,,,,,,,,,,
005940,NH투자증권,2026-07-08 05:27,2025.12,2026.12,2026.03,2026.06,7.31,0.84,2888.0,25187.0,11.76,10.37,7.53,6.16,47.29,783.5,136989.0,14206.0,10315.0,7.9,1.2,4188.0,27509.0,15.92,8.98,6.54,,,,238824.0,21436.0,15606.0,7.26,1.11,1268.0,26593.0,8.61,7.79,5.82,6.16,172.06,894.23,81720.0,6367.0,4757.0,,,1139.0,,,,,,,,,5741.0,4254.0
101240,씨큐브,2026-07-08 05:27,2025.12,2026.12,2026.03,2026.06,4.71,0.4,895.0,10637.0,9.27,18.0,16.72,,2.96,22.56,565.0,102.0,95.0,,,,,,,,,,,,,,4.14,0.37,222.0,10316.0,9.81,19.16,15.28,,,23.9,158.0,30.0,24.0,,,,,,,,,,,,,
011230,삼화전자,2026-07-08 05:27,2025.12,2026.12,2026.03,2026.06,-5.73,2.55,-476.0,1069.0,-45.33,-26.24,-29.46,,,206.88,296.0,-78.0,-87.0,,,,,,,,,,,,,,-5.71,2.69,-105.0,957.0,-50.34,-36.09,-35.45,,,244.35,59.0,-21.0,-21.0,,,,,,,,,,,,,
007770,한일화학,2026-07-08 05:27,2025.12,2026.12,2026.03,2026.06,-1.52,0.31,-5223.0,25319.0,-18.62,-9.64,-16.31,0.45,3.52,46.87,1244.0,-120.0,-203.0,,,,,,,,,,,,,,-1.6,0.31,-68.0,25096.0,-17.65,-2.32,-1.53,,,52.67,352.0,-8.0,-5.0,,,,,,,,,,,,,
004710,한솔테크닉스,2026-07-08 05:27,2025.12,2026.12,2026.03,2026.06,-13.01,0.53,-427.0,10514.0,-4.1,1.63,0.04,1.8,-22.93,102.16,12524.0,204.0,6.0,,,,,,6.5,,,,,13637.0,886.0,,-8.67,0.4,254.0,10878.0,-4.67,4.46,3.71,1.8,-8.6,109.9,3160.0,141.0,117.0,,,,,,,,,,,,,
047400,유니온머티리얼,2026-07-08 05:27,2025.12,2026.12,2026.03,2026.06,22.81,2.86,59.0,467.0,14.04,5.33,2.41,,,594.95,1019.0,54.0,25.0,,,,,,,,,,,,,,26.17,3.64,11.0,445.0,15.16,4.25,1.86,,,652.83,248.0,11.0,5.0,,,,,,,,,,,,,
263810,상신전자,2026-07-08 05:27,2025.12,2026.12,2026.03,2026.06,27.13,0.93,114.0,3315.0,3.49,1.98,1.34,,,64.21,1291.0,26.0,17.0,,,,,,,,,,,,,,34.01,0.85,14.0,3376.0,2.62,-1.74,0.65,,,72.81,355.0,-6.0,2.0,,,,,,,,,,,,,
095500,미래나노텍,2026-07-08 05:27,2025.12,2026.12,2026.03,2026.06,22.73,0.96,446.0,10551.0,4.77,3.89,2.53,0.69,14.37,95.51,5385.0,209.0,136.0,,,,,,,,,,,,,,20.38,0.87,316.0,11094.0,4.69,6.81,8.3,0.69,38.57,84.08,1243.0,85.0,103.0,,,,,,,,,,,,,
037370,EG,2026-07-08 05:27,2025.12,2026.12,2026.03,2026.06,-39.49,0.78,-138.0,6992.0,-2.02,-3.45,-12.23,,,554.39,628.0,-22.0,-77.0,,,,,,,,,,,,,,-40.68,0.71,-130.0,6863.0,-1.79,-4.61,-14.58,,,634.14,156.0,-7.0,-23.0,,,,,,,,,,,,,
102940,코오롱생명과학,2026-07-08 05:27,2025.12,2026.12,2026.03,2026.06,25.83,1.14,2001.0,45249.0,6.81,8.41,11.94,,,56.57,2090.0,176.0,250.0,,,,,,,,,,,,,,20.22,0.94,1600.0,59900.0,6.51,5.88,41.98,,,46.46,497.0,29.0,208.0,,,,,,,,,,,,,
028050,삼성E&A,2026-07-08 05:27,2025.12,2026.12,2026.03,2026.06,7.63,0.99,3150.0,24187.0,13.76,8.77,7.18,3.28,25.08,125.8,90288.0,7921.0,6483.0,13.2,1.78,3658.0,27134.0,14.26,8.67,7.08,,,,102230.0,8859.0,7238.0,11.24,1.46,794.0,24509.0,13.69,8.3,7.2,3.28,84.0,126.53,22674.0,1882.0,1633.0,,,918.0,,,8.69,7.09,,,,25187.0,2188.0,1785.0
083660,CSA 코스믹,2026-07-08 05:27,2025.12,2026.12,2026.03,2026.06,-4.45,2.1,-108.0,229.0,-41.2,-20.17,-23.9,,,82.25,279.0,-56.0,-67.0,,,,,,,,,,,,,,-2.4,1.3,-23.0,220.0,-40.48,-22.33,-29.43,,,95.49,71.0,-16.0,-21.0,,,,,,,,,,,,,
009410,태영건설,2026-07-08 05:27,2025.12,2026.12,2026.03,2026.06,8.14,0.86,216.0,2037.0,11.28,2.43,4.41,,,541.95,21745.0,528.0,958.0,,,,,,,,,,,,,,5.05,0.85,7.0,2059.0,18.73,5.0,-0.84,,,488.87,3549.0,177.0,-30.0,,,,,,,,,,,,,
008970,KBI동양철관,2026-07-08 05:27,2025.12,2026.12,2026.03,2026.06,-49.75,1.26,-35.0,1362.0,-2.48,-0.69,-1.32,,,69.38,2348.0,-16.0,-31.0,,,,,,,,,,,,,,-849.42,1.21,16.0,1382.0,-0.15,6.24,2.55,,,75.7,670.0,42.0,17.0,,,,,,,,,,,,,
002150,도화엔지니어링,2026-07-08 05:27,2025.12,2026.12,2026.03,2026.06,29.36,0.84,217.0,7625.0,2.88,4.31,0.91,4.7,136.31,187.78,6985.0,301.0,63.0,,,,,,,,,,,,,,186.66,0.84,-54.0,7351.0,0.45,-1.54,-1.88,4.7,834.23,201.61,1555.0,-24.0,-29.0,,,,,,,,,,,,,
076080,웰크론한텍,2026-07-08 05:27,2025.12,2026.12,2026.03,2026.06,-0.61,1.91,-1923.0,619.0,-122.42,-10.88,-26.06,,,741.04,1667.0,-181.0,-434.0,,,,,,,,,,,,,,-0.6,2.68,-157.0,465.0,-139.15,5.08,-11.34,,,936.65,313.0,16.0,-36.0,,,,,,,,,,,,,
071090,하이스틸,2026-07-08 05:27,2025.12,2026.12,2026.03,2026.06,-15.28,0.49,-227.0,7121.0,-3.14,-1.3,-1.78,0.37,-18.27,81.8,2566.0,-33.0,-46.0,,,,,,,,,,,,,,-23.28,0.47,110.0,7263.0,-1.99,3.22,4.05,,,87.8,549.0,18.0,22.0,,,,,,,,,,,,,
025320,시노펙스,2026-07-08 05:27,2025.12,2026.12,2026.03,2026.06,75.9,3.25,80.0,1867.0,4.34,2.58,2.74,,,51.12,2615.0,68.0,72.0,42.66,2.28,105.0,1971.0,5.49,3.24,3.66,,,,2623.0,85.0,96.0,114.1,2.97,33.0,1944.0,2.64,2.31,5.17,,,50.55,572.0,13.0,30.0,,,,,,3.99,3.68,,,,652.0,26.0,24.0
003240,태광산업,2026-07-08 05:27,2025.12,2026.12,2026.03,2026.06,10.5,0.16,72592.0,4669556.0,2.06,-1.97,4.55,0.23,1.82,13.47,18274.0,-360.0,831.0,,,,,,,,,,,,,,35.41,0.23,25409.0,4756788.0,0.86,-2.14,5.32,0.23,4.18,13.51,5333.0,-114.0,284.0,,,,,,,,,,,,,
003830,대한화섬,2026-07-08 05:27,2025.12,2026.12,2026.03,2026.06,16.2,0.18,7234.0,657488.0,1.37,-6.7,8.88,0.64,8.44,17.76,1082.0,-73.0,96.0,,,,,,,,,,,,,,12.26,0.18,8319.0,660907.0,1.81,-2.42,41.66,0.64,-294.24,17.85,265.0,-6.0,110.0,,,,,,,,,,,,,
142760,모아라이프플러스,2026-07-08 05:27,2025.12,2026.12,2026.03,2026.06,-5.23,2.32,-340.0,766.0,-38.46,-58.23,-116.36,,,39.4,112.0,-65.0,-131.0,,,,,,,,,,,,,,-2.8,1.21,-27.0,759.0,-37.66,-58.24,-47.53,,,35.62,23.0,-14.0,-11.0,,,,,,,,,,,,,
412350,레이저쎌,2026-07-08 05:27,2025.12,2026.12,2026.03,2026.06,-1.2,1.31,-1598.0,1467.0,-65.99,-289.19,-345.98,,,131.14,47.0,-135.0,-162.0,,,,,,,,,,,,,,-5.51,5.82,-128.0,1308.0,-67.57,-142.83,-142.4,,,127.63,12.0,-17.0,-17.0,,,,,,,,,,,,,
039030,이오테크닉스,2026-07-08 05:27,2025.12,2026.12,2026.03,2026.06,58.57,4.87,4644.0,55838.0,8.9,21.2,15.11,0.44,25.84,13.06,3809.0,808.0,576.0,38.52,6.14,10320.0,64779.0,17.11,27.6,25.06,,,,5080.0,1402.0,1273.0,64.0,6.7,2534.0,57377.0,11.28,25.89,27.12,0.44,86.26,13.66,1151.0,298.0,312.0,,,2021.0,,,27.52,22.42,,,,1111.0,306.0,249.0
053610,프로텍,2026-07-08 05:27,2025.12,2026.12,2026.03,2026.06,7.89,0.88,4331.0,38739.0,14.59,20.09,15.35,1.17,7.56,25.06,2305.0,463.0,354.0,10.39,1.51,6572.0,45378.0,16.75,24.93,22.06,,,,2856.0,712.0,630.0,9.29,1.28,1654.0,40306.0,18.29,24.7,30.41,1.17,17.84,24.24,624.0,154.0,190.0,,,,,,23.57,,,,,751.0,177.0,
122640,예스티,2026-07-08 05:27,2025.12,2026.12,2026.03,2026.06,-656.93,2.79,-27.0,6379.0,-0.45,4.36,0.77,,,66.45,871.0,38.0,7.0,30.31,4.1,998.0,7376.0,15.06,18.46,15.23,,,,1470.0,272.0,224.0,433.17,2.91,133.0,6517.0,0.72,11.14,11.52,,,75.51,275.0,31.0,32.0,,,,,,13.17,,,,,308.0,40.0,
306620,지아이에스,2026-07-08 05:27,2025.12,2026.12,2026.03,2026.06,-24.46,2.18,-91.0,1025.0,-9.24,2.15,-4.81,,,233.21,758.0,16.0,-36.0,,,,,,,,,,,,,,-38.64,2.67,-41.0,1044.0,-7.37,-10.17,-12.91,,,276.16,139.0,-14.0,-18.0,,,,,,,,,,,,,
049950,미래컴퍼니,2026-07-08 05:27,2025.12,2026.12,2026.03,2026.06,-6.1,1.35,-2835.0,12792.0,-21.99,-60.38,-61.13,0.29,22.4,20.18,409.0,-247.0,-250.0,,,,,,,,,,,,,,-7.13,0.98,431.0,13270.0,-14.28,5.93,17.97,,,16.89,212.0,13.0,38.0,,,,,,,,,,,,,
131290,티에스이,2026-07-08 05:27,2025.12,2026.12,2026.03,2026.06,16.67,1.63,3456.0,35375.0,10.42,11.46,9.34,0.78,13.02,30.88,4289.0,492.0,400.0,20.23,5.22,12087.0,46850.0,29.4,27.24,23.81,,,,6172.0,1681.0,1469.0,16.23,2.75,3338.0,38496.0,18.82,27.87,26.56,0.78,25.56,30.96,1507.0,420.0,400.0,,,3074.0,,,29.17,,,,,1472.0,429.0,
011370,서한,2026-07-08 05:27,2025.12,2026.12,2026.03,2026.06,3.15,0.17,287.0,5428.0,5.54,9.7,4.49,5.54,17.09,129.05,6451.0,626.0,289.0,,,,,,,,,,,,,,5.14,0.19,-8.0,5370.0,3.75,5.92,-0.81,5.54,-98.81,136.64,1053.0,62.0,-9.0,,,,,,,,,,,,,
017480,삼현철강,2026-07-08 05:27,2025.12,2026.12,2026.03,2026.06,11.2,0.35,404.0,12759.0,3.24,2.34,2.91,6.63,73.01,10.36,2180.0,51.0,63.0,,,,,,,,,,,,,,9.56,0.36,118.0,12579.0,3.88,2.69,3.23,6.63,186.43,11.24,574.0,15.0,19.0,,,,,,,,,,,,,
045390,대아티아이,2026-07-08 05:27,2025.12,2026.12,2026.03,2026.06,14.14,1.87,290.0,2189.0,14.2,4.93,13.32,,,118.39,1532.0,76.0,204.0,,,,,,,,,,,,,,15.09,1.74,29.0,2219.0,12.25,2.16,7.54,,,92.9,286.0,6.0,22.0,,,,,,,,,,,,,
001260,남광토건,2026-07-08 05:27,2025.12,2026.12,2026.03,2026.06,15.4,0.65,538.0,12722.0,4.33,3.2,1.48,,,228.13,3574.0,114.0,53.0,,,,,,,,,,,,,,12.17,0.65,363.0,13085.0,5.49,2.74,4.35,,,233.68,821.0,22.0,36.0,,,,,,,,,,,,,
058610,에스피지,2026-07-08 05:27,2025.12,2026.12,2026.03,2026.06,197.41,6.99,412.0,11633.0,3.57,5.25,2.67,0.31,60.7,66.09,3417.0,179.0,91.0,94.57,6.17,803.0,12310.0,6.71,6.44,4.88,,,,3690.0,238.0,180.0,244.71,8.69,156.0,12038.0,3.64,5.55,4.29,0.18,-8619.68,67.76,808.0,45.0,35.0,,,149.0,,,5.62,,,,,907.0,51.0,
058470,리노공업,2026-07-08 05:27,2025.12,2026.12,2026.03,2026.06,30.24,6.26,1994.0,9635.0,22.45,47.51,40.79,1.33,39.96,8.3,3725.0,1770.0,1520.0,30.48,6.76,2457.0,11084.0,23.82,48.52,41.64,,,,4497.0,2182.0,1873.0,44.13,10.08,530.0,9366.0,24.75,47.41,40.49,1.33,153.36,17.04,998.0,473.0,404.0,,,680.0,,,49.31,39.46,,,,1313.0,647.0,518.0
348210,넥스틴,2026-07-08 05:27,2025.12,2026.12,2026.03,2026.06,-305.95,4.88,-235.0,14724.0,-1.6,-1.74,-3.95,0.71,-211.26,48.45,669.0,-12.0,-26.0,23.22,2.67,1887.0,16402.0,12.44,19.25,17.81,,,,1112.0,214.0,198.0,-87.97,4.41,-201.0,14178.0,-4.94,-69.92,-31.24,0.71,-249.3,68.54,79.0,-55.0,-25.0,,,-124.0,,,-3.28,3.28,,,,152.0,-5.0,5.0
225220,제놀루션,2026-07-08 05:27,2025.12,2026.12,2026.03,2026.06,-3.13,0.5,-607.0,3786.0,-15.66,-91.89,-133.87,,,38.17,94.0,-86.0,-126.0,,,,,,,,,,,,,,-3.9,0.48,31.0,3817.0,-12.19,-55.6,17.7,,,38.09,25.0,-14.0,4.0,,,,,,,,,,,,,
137310,에스디바이오센서,2026-07-08 05:27,2025.12,2026.12,2026.03,2026.06,-2.12,0.46,-4193.0,19476.0,-19.5,-11.39,-72.25,2.25,-4.67,38.76,7106.0,-809.0,-5134.0,,,,,,,,,,,,,,-1.98,0.39,187.0,19793.0,-17.97,-5.97,11.54,2.25,-3.15,24.06,1935.0,-116.0,223.0,,,,,,,,,,,,,
228760,지노믹트리,2026-07-08 05:27,2025.12,2026.12,2026.03,2026.06,-74.46,5.73,-369.0,4790.0,-7.52,-300.47,-242.68,,,4.73,38.0,-113.0,-91.0,,,,,,,,,,,,,,-52.39,3.43,-79.0,5022.0,-6.57,-793.93,-522.68,,,2.02,4.0,-30.0,-20.0,,,,,,,,,,,,,
066700,테라젠이텍스,2026-07-08 05:27,2025.12,2026.12,2026.03,2026.06,10.8,0.83,293.0,3789.0,8.44,3.76,4.32,,,61.86,2716.0,102.0,117.0,,,,,,,,,,,,,,10.65,0.78,-101.0,3590.0,7.66,2.84,-4.99,,,66.63,685.0,19.0,-34.0,,,,,,,,,,,,,
389030,지니너스,2026-07-08 05:27,2025.12,2026.12,2026.03,2026.06,-6.72,12.83,-521.0,273.0,-110.87,-111.33,-165.72,,,332.33,105.0,-117.0,-174.0,,,,,,,,,,,,,,-10.75,7.84,-60.0,698.0,-71.93,-85.83,-84.97,,,109.73,24.0,-20.0,-20.0,,,,,,,,,,,,,
314130,지놈앤컴퍼니,2026-07-08 05:27,2025.12,2026.12,2026.03,2026.06,-40.02,2.86,-172.0,2402.0,-8.34,-118.9,-31.26,,,26.56,246.0,-292.0,-77.0,,,,,,,,,,,,,,-55.53,3.34,-144.0,2364.0,-7.74,-105.42,-117.79,,,52.63,58.0,-61.0,-68.0,,,,,,,,,,,,,
229000,젠큐릭스,2026-07-08 05:27,2025.12,2026.12,2026.03,2026.06,-3.35,1.65,-462.0,939.0,-47.25,-87.01,-97.85,,,96.15,75.0,-66.0,-74.0,,,,,,,,,,,,,,-5.85,4.26,-101.0,597.0,-58.32,-48.04,-112.85,,,122.16,21.0,-10.0,-24.0,,,,,,,,,,,,,
363250,진시스템,2026-07-08 05:27,2025.12,2026.12,2026.03,2026.06,-2.41,3.56,-1699.0,1151.0,-88.15,-2541.03,-3846.55,,,85.81,4.0,-97.0,-147.0,,,,,,,,,,,,,,-4.11,5.36,-207.0,1262.0,-86.39,-490.0,-474.68,,,66.46,3.0,-16.0,-16.0,,,,,,,,,,,,,
118990,모트렉스,2026-07-08 05:27,2025.12,2026.12,2026.03,2026.06,31.94,0.93,298.0,10261.0,3.06,5.95,1.79,1.71,22.15,218.62,7023.0,418.0,125.0,,,,,,,,,,,,,,53.45,0.73,243.0,11073.0,1.46,6.51,4.26,,,194.81,1798.0,117.0,77.0,,,,,,,,,,,,,
063570,NICE인프라,2026-07-08 05:27,2025.12,2026.12,2026.03,2026.06,19.97,0.69,208.0,6019.0,3.92,8.0,1.87,3.37,59.85,244.77,3840.0,307.0,72.0,7.47,0.49,419.0,6350.0,7.62,8.26,3.2,,,,4598.0,380.0,147.0,15.65,0.68,51.0,5926.0,4.92,7.23,1.7,3.37,-743.01,266.68,1032.0,75.0,18.0,,,,,,8.8,,,,,1079.0,95.0,
459100,위츠,2026-07-08 05:27,2025.12,2026.12,2026.03,2026.06,44.75,2.02,152.0,3373.0,4.5,1.54,1.69,4.4,207.36,245.04,1687.0,26.0,28.0,10.67,1.24,402.0,3453.0,11.79,3.56,2.56,,,,2427.0,86.0,62.0,14.96,1.66,222.0,3336.0,11.64,2.73,4.56,4.4,1733.73,248.83,549.0,15.0,25.0,,,,,,,,,,,,,
273640,와이엠텍,2026-07-08 05:27,2025.12,2026.12,2026.03,2026.06,28.62,1.48,289.0,5590.0,5.65,5.99,10.9,1.21,32.18,5.19,291.0,17.0,32.0,,,,,,,,,,,,,,28.62,1.19,24.0,6067.0,5.65,3.38,1.92,1.21,-270.78,75.29,140.0,5.0,3.0,,,,,,,,,,,,,
217820,원익피앤이,2026-07-08 05:27,2025.12,2026.12,2026.03,2026.06,179.1,1.58,20.0,2304.0,1.06,0.36,0.23,,,208.83,3907.0,14.0,9.0,,,,,,,,,,,,,,-9.91,1.36,-123.0,2181.0,-15.2,-22.28,-21.36,,,230.32,273.0,-61.0,-58.0,,,,,,,,,,,,,
307180,아이엘,2026-07-08 05:27,2025.12,2026.12,2026.03,2026.06,-8.07,4.94,-395.0,645.0,-78.52,-8.27,-10.53,,,567.13,1029.0,-85.0,-108.0,,,,,,,,,,,,,,-12.99,5.5,-18.0,932.0,-50.91,0.61,-1.74,,,350.97,252.0,2.0,-4.0,,,,,,,,,,,,,
464500,아이언디바이스,2026-07-08 05:27,2025.12,2026.12,2026.03,2026.06,-10.03,1.71,-325.0,1908.0,-15.71,-55.04,-44.83,,,28.38,101.0,-56.0,-45.0,,,,,,,,,,,,,,-10.59,1.71,-44.0,1868.0,-14.93,-21.3,-12.93,,,25.9,47.0,-10.0,-6.0,,,,,,,,,,,,,
033170,시그네틱스,2026-07-08 05:27,2025.12,2026.12,2026.03,2026.06,-3.66,1.28,-214.0,609.0,-30.16,-23.13,-17.77,,,105.19,1030.0,-238.0,-183.0,,,,,,,,,,,,,,-5.68,1.18,-37.0,587.0,-19.79,-7.45,-12.05,,,127.1,265.0,-20.0,-32.0,,,,,,,,,,,,,
101490,에스앤에스텍,2026-07-08 05:27,2025.12,2026.12,2026.03,2026.06,17.77,3.32,2718.0,14549.0,21.24,20.67,23.84,0.41,7.15,29.18,2437.0,504.0,581.0,,,,,,,,,,,,,,27.02,4.97,648.0,15260.0,20.9,18.44,22.36,0.41,17.73,25.96,617.0,114.0,138.0,,,,,,,,,,,,,
396270,넥스트칩,2026-07-08 05:27,2025.12,2026.12,2026.03,2026.06,-6.16,7.36,-660.0,552.0,-118.34,-32.62,-40.24,,,221.05,397.0,-129.0,-160.0,,,,,,,,,,,,,,-6.72,7.97,-112.0,439.0,-158.21,-20.78,-31.5,,,141.53,117.0,-24.0,-37.0,,,,,,,,,,,,,
131970,두산테스나,2026-07-08 05:27,2025.12,2026.12,2026.03,2026.06,680.91,2.34,78.0,22719.0,0.34,-0.31,0.5,0.3,203.85,61.02,3039.0,-9.0,15.0,48.26,4.31,2213.0,24763.0,9.36,13.85,12.26,,,,3493.0,484.0,428.0,74.31,4.4,437.0,23011.0,6.11,7.14,11.0,0.3,19.4,53.86,768.0,55.0,84.0,,,448.0,,,12.17,10.49,,,,826.0,101.0,87.0
399720,가온칩스,2026-07-08 05:27,2025.12,2026.12,2026.03,2026.06,-41.73,10.97,-1239.0,4714.0,-23.17,-24.41,-20.97,,,191.31,685.0,-167.0,-144.0,,,,,,,,,,,,,,-63.97,12.25,-133.0,4630.0,-17.49,-18.99,-7.49,,,201.2,206.0,-39.0,-15.0,,,,,,,,,,,,,
394280,오픈엣지테크놀로지,2026-07-08 05:27,2025.12,2026.12,2026.03,2026.06,-11.88,21.03,-1208.0,683.0,-77.48,-180.01,-187.64,,,178.54,161.0,-289.0,-301.0,-1024.04,11.6,-11.0,977.0,-1.37,-3.16,-0.98,,,,306.0,-10.0,-3.0,-11.09,39.32,-351.0,368.0,-107.75,-337.26,-341.65,,,310.94,27.0,-90.0,-91.0,,,,,,,,,,,,,
093640,케이알엠,2026-07-08 05:27,2025.12,2026.12,2026.03,2026.06,-8.84,1.76,-431.0,2159.0,-18.49,-113.05,-155.63,,,49.75,90.0,-102.0,-141.0,,,,,,,,,,,,,,-11.6,2.23,-49.0,2119.0,-17.77,-114.42,-101.76,,,47.47,16.0,-18.0,-16.0,,,,,,,,,,,,,
303030,지니틱스,2026-07-08 05:27,2025.12,2026.12,2026.03,2026.06,-2.69,2.93,-1314.0,1206.0,-74.01,-23.51,-26.33,,,145.39,364.0,-86.0,-96.0,,,,,,,,,,,,,,-2.92,2.54,-99.0,1585.0,-65.02,-10.13,-8.73,,,81.09,85.0,-9.0,-7.0,,,,,,,,,,,,,
038880,아이에이,2026-07-08 05:27,2025.12,2026.12,2026.03,2026.06,-1.64,1.06,-4610.0,7111.0,-56.09,-17.77,-108.15,,,79.65,412.0,-73.0,-445.0,,,,,,,,,,,,,,-1.73,0.85,21.0,7792.0,-43.09,0.67,-3.08,,,167.03,276.0,2.0,-9.0,,,,,,,,,,,,,
219130,타이거일렉,2026-07-08 05:27,2025.12,2026.12,2026.03,2026.06,26.59,2.41,835.0,9226.0,9.48,8.95,6.53,,,54.93,807.0,72.0,53.0,21.33,,2930.0,,,16.6,15.35,,,,1205.0,200.0,185.0,23.52,2.81,450.0,9694.0,12.73,13.1,10.59,,,54.14,268.0,35.0,28.0,,,760.0,,,16.67,16.0,,,,300.0,50.0,48.0
272110,케이엔제이,2026-07-08 05:27,2025.12,2026.12,2026.03,2026.06,6.78,1.75,3185.0,12376.0,30.79,26.34,30.27,,,137.16,844.0,222.0,256.0,,,,,,,,,,,,,,9.48,2.44,790.0,13213.0,30.63,21.52,18.18,,,142.43,349.0,75.0,63.0,,,,,,,,,,,,,
098120,마이크로컨텍솔,2026-07-08 05:27,2025.12,2026.12,2026.03,2026.06,8.31,1.73,2031.0,9781.0,23.08,17.69,16.92,0.59,4.92,19.0,1003.0,177.0,170.0,,,,,,,,,,,,,,12.55,2.61,653.0,10334.0,23.12,19.52,19.75,0.59,13.16,21.0,276.0,54.0,54.0,,,,,,,,,,,,,
142210,유니트론텍,2026-07-08 05:27,2025.12,2026.12,2026.03,2026.06,9.61,0.91,636.0,6717.0,9.58,4.2,1.54,2.7,26.92,134.25,7690.0,323.0,118.0,2.26,0.62,2496.0,9055.0,31.72,7.04,5.49,,,,9459.0,666.0,519.0,4.58,0.7,754.0,7311.0,16.2,8.37,7.48,2.7,56.58,168.08,2203.0,184.0,165.0,,,,,,,,,,,,,
489500,엘케이켐,2026-07-08 05:27,2025.12,2026.12,2026.03,2026.06,51.22,3.82,709.0,9491.0,9.26,22.65,21.43,,8.71,10.96,202.0,46.0,43.0,13.93,1.91,1479.0,10765.0,14.64,33.13,28.09,,,,328.0,108.0,92.0,38.26,3.29,214.0,9716.0,9.02,18.26,22.0,,,10.83,61.0,11.0,13.0,,,,,,,,,,,,,
101160,월덱스,2026-07-08 05:27,2025.12,2026.12,2026.03,2026.06,8.68,1.03,2482.0,20992.0,12.53,20.07,14.04,0.46,4.03,23.97,2918.0,585.0,410.0,,,,,,,,,,,,,,10.4,1.34,1087.0,22051.0,13.69,20.68,25.97,0.46,5.53,25.34,691.0,143.0,179.0,,,,,,,,,,,,,
024850,HLB이노베이션,2026-07-08 05:27,2025.12,2026.12,2026.03,2026.06,-8.63,1.37,-1156.0,7282.0,-14.64,-116.39,-104.31,,,21.43,323.0,-376.0,-337.0,-9.26,2.21,-1279.0,5354.0,-21.02,-100.0,-117.14,,,,350.0,-350.0,-410.0,-18.28,3.05,-345.0,7051.0,-15.01,-109.89,-110.25,,,16.12,94.0,-104.0,-104.0,,,,,,,,,,,,,
112290,와이씨켐,2026-07-08 05:27,2025.12,2026.12,2026.03,2026.06,44.13,4.15,229.0,2431.0,9.88,-2.13,5.57,,,252.44,831.0,-18.0,46.0,,,,,,,,,,,,,,31.16,4.37,27.0,2458.0,14.37,6.13,2.08,,,224.69,260.0,16.0,5.0,,,,,,,,,,,,,
281820,케이씨텍,2026-07-08 05:27,2025.12,2026.12,2026.03,2026.06,15.38,1.48,2578.0,26877.0,10.55,15.66,13.95,1.13,16.63,13.25,3829.0,600.0,534.0,15.28,3.04,6467.0,32533.0,22.11,22.4,19.91,,,,6528.0,1462.0,1300.0,11.77,1.57,1528.0,28032.0,10.55,22.3,20.25,1.13,45.39,16.09,1561.0,348.0,316.0,,,1569.0,,,22.51,,,,,1626.0,366.0,
101170,우림피티에스,2026-07-08 05:27,2025.12,2026.12,2026.03,2026.06,97.89,2.77,177.0,6273.0,2.93,2.08,4.19,0.29,27.6,12.32,571.0,12.0,24.0,,,,,,,,,,,,,,77.8,1.98,29.0,6274.0,2.63,-3.57,3.81,0.29,-2763.45,14.99,103.0,-4.0,4.0,,,,,,,,,,,,,
002360,SH에너지화학,2026-07-08 05:27,2025.12,2026.12,2026.03,2026.06,-3.86,0.58,-970.0,6425.0,-14.44,-12.42,-10.93,,,46.1,986.0,-122.0,-108.0,,,,,,,,,,,,,,-5.27,0.65,-61.0,6391.0,-12.01,-4.0,-2.21,,,45.29,308.0,-12.0,-7.0,,,,,,,,,,,,,
012610,경인양행,2026-07-08 05:27,2025.12,2026.12,2026.03,2026.06,35.97,0.83,136.0,5881.0,2.35,4.28,1.47,1.03,36.23,98.78,3797.0,163.0,56.0,,,,,,,,,,,,,,19.57,0.66,125.0,5940.0,3.45,6.05,5.21,1.03,57.79,105.43,1079.0,65.0,56.0,,,,,,,,,,,,,
065500,오리엔트정공,2026-07-08 05:27,2025.12,2026.12,2026.03,2026.06,42.39,1.92,57.0,1248.0,4.63,0.58,1.14,,,148.05,1571.0,9.0,18.0,,,,,,,,,,,,,,-72.91,1.67,-77.0,1219.0,-2.25,-0.16,-6.63,,,159.48,375.0,-1.0,-25.0,,,,,,,,,,,,,
024900,디와이덕양,2026-07-08 05:27,2025.12,2026.12,2026.03,2026.06,54.51,0.56,38.0,3682.0,1.1,0.18,0.07,2.88,156.58,414.38,17381.0,32.0,12.0,,,,,,,,,,,,,,36.82,0.52,116.0,3781.0,1.5,0.61,0.88,2.88,98.38,429.77,4281.0,26.0,38.0,,,,,,,,,,,,,
054940,엑사이엔씨,2026-07-08 05:27,2025.12,2026.12,2026.03,2026.06,35.37,0.32,19.0,2078.0,0.92,1.42,0.65,,,88.76,1770.0,25.0,12.0,,,,,,,,,,,,,,6.05,0.32,60.0,2211.0,5.58,1.85,3.9,,,92.96,561.0,10.0,22.0,,,,,,,,,,,,,
027580,상보,2026-07-08 05:27,2025.12,2026.12,2026.03,2026.06,-3.24,0.92,-1088.0,3844.0,-27.33,-17.78,-26.06,,,117.68,501.0,-89.0,-131.0,,,,,,,,,,,,,,-2.5,0.77,-231.0,3604.0,-29.65,-38.11,-30.67,,,123.72,89.0,-34.0,-27.0,,,,,,,,,,,,,
009290,광동제약,2026-07-08 05:27,2025.12,2026.12,2026.03,2026.06,14.65,0.44,400.0,13201.0,3.4,1.87,1.29,1.71,23.68,85.49,16595.0,310.0,213.0,,,,,,,,,,,,,,19.75,0.63,88.0,13020.0,3.53,1.83,1.19,1.71,126.47,85.09,4109.0,75.0,49.0,,,,,,,,,,,,,
003220,대원제약,2026-07-08 05:27,2025.12,2026.12,2026.03,2026.06,-194.26,0.96,-62.0,12407.0,-0.51,0.57,-0.66,2.09,-388.38,123.49,6054.0,35.0,-40.0,11.24,0.64,709.0,12543.0,5.95,3.46,2.32,,,,6363.0,220.0,148.0,-52.23,0.83,108.0,12263.0,-1.63,2.77,1.21,2.09,39.41,119.94,1581.0,44.0,19.0,,,250.0,,,3.18,3.65,,,,1533.0,49.0,56.0
138610,나이벡,2026-07-08 05:27,2025.12,2026.12,2026.03,2026.06,90.37,9.31,416.0,4032.0,11.89,15.36,14.19,,,37.49,327.0,50.0,46.0,,,,,,,,,,,,,,40.79,6.4,101.0,4136.0,18.83,2.62,21.92,,,35.28,52.0,1.0,11.0,,,,,,,,,,,,,
195940,HK이노엔,2026-07-08 05:27,2025.12,2026.12,2026.03,2026.06,18.45,1.05,2672.0,46890.0,5.87,10.43,7.12,0.83,15.34,57.85,10632.0,1109.0,757.0,12.42,0.82,3296.0,49865.0,6.81,11.74,8.41,,,,11101.0,1303.0,934.0,16.5,1.04,916.0,47207.0,6.49,12.83,10.03,0.83,41.97,54.61,2587.0,332.0,259.0,,,781.0,,,11.38,8.03,,,,2755.0,314.0,221.0
078140,대봉엘에스,2026-07-08 05:27,2025.12,2026.12,2026.03,2026.06,12.84,0.9,907.0,12898.0,7.37,7.18,11.7,0.43,5.44,51.48,1021.0,73.0,119.0,,,,,,,,,,,,,,14.5,0.74,-1.0,12841.0,5.32,6.85,2.01,0.43,-69.79,55.39,291.0,20.0,6.0,,,,,,,,,,,,,
002390,한독,2026-07-08 05:27,2025.12,2026.12,2026.03,2026.06,-71.6,0.53,-156.0,21292.0,-0.76,0.61,-0.42,1.79,-120.68,184.11,5351.0,33.0,-22.0,,,,,,,,,,,,,,-47.25,0.51,-621.0,20493.0,-1.11,0.56,-6.34,1.79,32.71,198.15,1354.0,8.0,-86.0,,,,,,,,,,,,,
047920,HLB제약,2026-07-08 05:27,2025.12,2026.12,2026.03,2026.06,113.87,4.2,141.0,3816.0,3.79,0.52,2.22,,,36.38,2056.0,11.0,46.0,,,,,,,,,,,,,,139.72,3.44,22.0,4626.0,3.79,1.57,1.1,,,33.56,657.0,10.0,7.0,,,,,,,,,,,,,
068760,셀트리온제약,2026-07-08 05:27,2025.12,2026.12,2026.03,2026.06,66.68,5.89,870.0,9842.0,9.3,10.46,7.22,0.34,22.41,74.2,5364.0,561.0,388.0,,,,,,,,,,,,,,60.65,5.56,198.0,9849.0,9.62,9.77,6.67,0.34,97.77,76.81,1321.0,129.0,88.0,,,,,,,,,,,,,
249420,일동제약,2026-07-08 05:27,2025.12,2026.12,2026.03,2026.06,41.29,4.92,932.0,7821.0,13.59,3.44,4.18,0.52,22.78,139.25,5669.0,195.0,237.0,,,,,,,,,,,,,,24.55,3.57,261.0,7863.0,17.06,6.5,5.19,0.52,87.08,134.25,1420.0,92.0,74.0,,,,,,,,,,,,,
260660,알리코제약,2026-07-08 05:27,2025.12,2026.12,2026.03,2026.06,-108.24,0.82,-40.0,5209.0,-0.77,0.49,-0.3,1.75,-186.01,119.74,2012.0,10.0,-6.0,,,,,,,,,,,,,,-31.32,0.65,-40.0,5096.0,-2.09,-3.65,-1.28,1.75,-114.51,123.12,483.0,-18.0,-6.0,,,,,,,,,,,,,
204840,지엘팜텍,2026-07-08 05:27,2025.12,2026.12,2026.03,2026.06,6738.5,4.25,0.0,257.0,0.06,0.76,0.03,,,145.06,353.0,3.0,0.0,,,,,,,,,,,,,,-610.81,4.07,-2.0,255.0,-0.67,0.37,-1.27,,,145.49,94.0,0.0,-1.0,,,,,,,,,,,,,
017180,명문제약,2026-07-08 05:27,2025.12,2026.12,2026.03,2026.06,33.14,0.63,56.0,2954.0,1.94,3.5,0.73,,,160.83,1952.0,68.0,14.0,,,,,,,,,,,,,,20.58,0.63,-24.0,2929.0,3.14,0.61,-2.16,,,164.92,480.0,3.0,-10.0,,,,,,,,,,,,,
290660,네오펙트,2026-07-08 05:27,2025.12,2026.12,2026.03,2026.06,-2.92,1.03,-495.0,1408.0,-26.67,-18.08,-76.65,,,46.29,161.0,-29.0,-123.0,,,,,,,,,,,,,,-3.9,1.66,-151.0,1295.0,-35.04,-98.23,-187.07,,,44.52,31.0,-31.0,-58.0,,,,,,,,,,,,,
014790,HL D&I,2026-07-08 05:27,2025.12,2026.12,2026.03,2026.06,8.33,0.22,324.0,12302.0,2.9,4.58,0.87,,33.19,239.56,17419.0,798.0,152.0,2.47,0.19,1081.0,14306.0,8.19,5.8,2.69,,,,18683.0,1083.0,503.0,8.28,0.26,140.0,12352.0,3.5,4.94,1.7,,3505.46,260.4,3846.0,190.0,65.0,,,292.0,,,5.97,2.18,,,,4580.0,273.0,100.0
042510,라온시큐어,2026-07-08 05:27,2025.12,2026.12,2026.03,2026.06,30.18,1.83,302.0,4975.0,6.5,4.36,5.57,,,37.69,638.0,28.0,36.0,9.1,1.27,808.0,5784.0,15.48,9.29,13.42,,,,678.0,63.0,91.0,22.75,1.76,-185.0,4787.0,8.37,-22.8,-22.81,,,33.63,94.0,-21.0,-21.0,,,72.0,,,-5.52,5.52,,,,145.0,-8.0,8.0
075130,플랜티넷,2026-07-08 05:27,2025.12,2026.12,2026.03,2026.06,18.32,0.54,136.0,4580.0,3.19,7.15,4.2,4.02,68.97,16.87,456.0,33.0,19.0,,,,,,,,,,,,,,37.79,0.48,34.0,4527.0,1.37,4.51,3.84,4.02,-168.1,19.86,106.0,5.0,4.0,,,,,,,,,,,,,
476080,M83,2026-07-08 05:27,2025.12,2026.12,2026.03,2026.06,-10.85,1.67,-859.0,5585.0,-14.17,-6.77,-6.69,,,113.56,1324.0,-90.0,-89.0,,,,,,,,,,,,,,-7.27,1.15,-237.0,5344.0,-14.61,-3.86,-4.32,,,128.56,669.0,-26.0,-29.0,,,,,,,,,,,,,
347860,알체라,2026-07-08 05:27,2025.12,2026.12,2026.03,2026.06,-33.95,4.13,-70.0,578.0,-17.29,-69.27,-17.14,,,62.33,148.0,-102.0,-25.0,,,,,,,,,,,,,,-35.16,3.84,-120.0,465.0,-11.49,-215.96,-231.71,,,85.66,20.0,-43.0,-46.0,,,,,,,,,,,,,
340810,시선AI,2026-07-08 05:27,2025.12,2026.12,2026.03,2026.06,-2.21,2.5,-1274.0,1126.0,-122.89,-80.68,-109.78,,,128.52,140.0,-113.0,-153.0,,,,,,,,,,,,,,-2.13,2.68,-206.0,914.0,-174.66,-84.03,-86.14,,,141.14,33.0,-28.0,-28.0,,,,,,,,,,,,,
355390,크라우드웍스,2026-07-08 05:27,2025.12,2026.12,2026.03,2026.06,-1.87,2.67,-1809.0,1265.0,-154.76,-127.49,-206.95,,,141.66,105.0,-134.0,-217.0,,,,,,,,,,,,,,-1.53,1.73,-182.0,1432.0,-139.62,-75.83,-102.04,,,93.42,28.0,-22.0,-29.0,,,,,,,,,,,,,
472230,에스케이증권제11호스팩,2026-07-08 05:27,2025.12,2026.12,2026.03,2026.06,85.29,1.0,24.0,2042.0,1.18,,,,,20.34,,-0.0,1.0,,,,,,,,,,,,,,75.0,1.01,3.0,2046.0,1.35,,,,,20.11,,-0.0,0.0,,,,,,,,,,,,,
467930,IBKS제23호스팩,2026-07-08 05:27,2025.12,2026.12,2026.03,2026.06,68.66,1.1,33.0,2041.0,1.62,,,,,18.59,,-0.0,1.0,,,,,,,,,,,,,,69.01,1.08,5.0,2046.0,1.58,,,,,18.84,,-0.0,0.0,,,,,,,,,,,,,
469900,하나31호스팩,2026-07-08 05:27,2025.12,2026.12,2026.03,2026.06,67.5,1.05,31.0,1968.0,1.56,,,,,15.96,,-0.0,2.0,,,,,,,,,,,,,,70.8,1.05,5.0,1973.0,1.5,,,,,15.87,,-0.0,0.0,,,,,,,,,,,,,
473950,에스케이증권제13호스팩,2026-07-08 05:27,2025.12,2026.12,2026.03,2026.06,94.7,1.04,21.0,1954.0,1.1,,,,,16.6,,-0.0,1.0,,,,,,,,,,,,,,118.64,1.03,2.0,1956.0,0.87,,,,,16.88,,-0.0,0.0,,,,,,,,,,,,,
469880,하나30호스팩,2026-07-08 05:27,2025.12,2026.12,2026.03,2026.06,60.54,1.0,34.0,2065.0,1.67,,,,,18.88,,-0.0,2.0,,,,,,,,,,,,,,66.63,1.0,5.0,2070.0,1.52,,,,,19.21,,-0.0,0.0,,,,,,,,,,,,,
474660,신한제12호스팩,2026-07-08 05:27,2025.12,2026.12,2026.03,2026.06,57.31,1.04,36.0,1985.0,1.84,,,,,16.84,,-0.0,2.0,,,,,,,,,,,,,,47.32,1.03,14.0,1999.0,2.2,,,,,16.51,,-0.0,1.0,,,,,,,,,,,,,
475240,하나32호스팩,2026-07-08 05:27,2025.12,2026.12,2026.03,2026.06,66.95,1.07,32.0,1987.0,1.61,,,,,15.22,,-0.0,1.0,,,,,,,,,,,,,,74.01,1.06,7.0,1994.0,1.44,,,,,15.24,,-0.0,0.0,,,,,,,,,,,,,
475250,하나33호스팩,2026-07-08 05:27,2025.12,2026.12,2026.03,2026.06,56.16,1.05,37.0,2004.0,1.88,,,,,15.6,,-0.0,1.0,,,,,,,,,,,,,,58.86,1.04,6.0,2010.0,1.79,,,,,15.87,,-0.0,0.0,,,,,,,,,,,,,
477340,에이치엠씨제7호스팩,2026-07-08 05:27,2025.12,2026.12,2026.03,2026.06,55.88,1.02,36.0,1979.0,1.84,,,,,8.71,,-0.0,3.0,,,,,,,,,,,,,,62.22,1.02,6.0,1985.0,1.65,,,,,8.88,,-0.0,0.0,,,,,,,,,,,,,
477380,미래에셋비전스팩4호,2026-07-08 05:27,2025.12,2026.12,2026.03,2026.06,56.85,1.09,36.0,1895.0,1.93,,,,,13.57,,-0.0,3.0,,,,,,,,,,,,,,63.7,1.09,6.0,1901.0,1.73,,,,,13.77,,-0.0,0.0,,,,,,,,,,,,,
477470,미래에셋비전스팩5호,2026-07-08 05:27,2025.12,2026.12,2026.03,2026.06,61.12,1.1,35.0,1939.0,1.81,,,,,15.34,,-0.0,2.0,,,,,,,,,,,,,,65.93,1.08,5.0,1944.0,1.65,,,,,15.49,,-0.0,0.0,,,,,,,,,,,,,
477760,DB금융스팩12호,2026-07-08 05:27,2025.12,2026.12,2026.03,2026.06,47.05,1.0,41.0,1928.0,2.16,,,,,8.88,,-0.0,2.0,,,,,,,,,,,,,,66.35,1.05,-0.0,1927.0,1.6,,,,,8.96,,-0.0,-0.0,,,,,,,,,,,,,
478440,미래에셋비전스팩6호,2026-07-08 05:27,2025.12,2026.12,2026.03,2026.06,57.51,1.02,36.0,2006.0,1.79,,,,,17.42,,-0.0,2.0,,,,,,,,,,,,,,64.93,1.03,5.0,2011.0,1.6,,,,,17.66,,-0.0,0.0,,,,,,,,,,,,,
479880,한국제15호스팩,2026-07-08 05:27,2025.12,2026.12,2026.03,2026.06,58.4,1.03,35.0,1978.0,1.79,,,,,12.57,,-1.0,2.0,,,,,,,,,,,,,,37.1,1.02,32.0,2010.0,2.8,,,,,12.68,,-0.0,2.0,,,,,,,,,,,,,
051780,큐로홀딩스,2026-07-08 05:27,2025.12,2026.12,2026.03,2026.06,-2.82,1.65,-2123.0,3622.0,-49.81,-0.02,-16.2,,,340.64,567.0,-0.0,-92.0,,,,,,,,,,,,,,-2.04,0.71,-297.0,4885.0,-35.88,1.16,-10.37,,,249.66,151.0,2.0,-16.0,,,,,,,,,,,,,
285800,진영,2026-07-08 05:27,2025.12,2026.12,2026.03,2026.06,-10.21,0.8,-158.0,2011.0,-7.57,-8.19,-9.86,,,83.13,324.0,-27.0,-32.0,,,,,,,,,,,,,,-13.69,0.98,-56.0,1955.0,-6.9,-1.06,-12.5,,,93.93,85.0,-1.0,-11.0,,,,,,,,,,,,,
260930,씨티케이,2026-07-08 05:27,2025.12,2026.12,2026.03,2026.06,-12.57,0.58,-363.0,7851.0,-4.59,-6.35,-8.21,2.41,-24.04,75.49,892.0,-57.0,-73.0,,,,,,,,,,,,,,-7.04,0.52,-221.0,7799.0,-7.41,-7.12,-18.91,2.41,-46.64,84.37,245.0,-17.0,-46.0,,,,,,,,,,,,,
092200,디아이씨,2026-07-08 05:27,2025.12,2026.12,2026.03,2026.06,-53.17,3.94,-271.0,3657.0,-7.24,2.45,-0.63,,,300.44,7573.0,186.0,-48.0,,,,,,,,,,,,,,-25.38,2.22,-19.0,3712.0,-8.55,1.71,0.64,,,308.67,1652.0,28.0,11.0,,,,,,,,,,,,,
084010,대한제강,2026-07-08 05:27,2025.12,2026.12,2026.03,2026.06,30.62,0.46,420.0,27815.0,1.86,-0.23,1.11,2.59,58.91,34.36,12471.0,-29.0,138.0,15.12,0.28,524.0,28127.0,2.23,1.24,1.39,,,,13305.0,165.0,185.0,43.92,0.37,-0.0,27618.0,1.03,0.02,0.06,2.59,-56.36,34.83,3056.0,1.0,2.0,,,175.0,,,1.43,1.14,,,,3495.0,50.0,40.0
053300,한국정보인증,2026-07-08 05:27,2025.12,2026.12,2026.03,2026.06,9.61,1.16,617.0,5107.0,13.36,19.54,20.29,3.37,30.52,69.01,1385.0,271.0,281.0,,,,,,,,,,,,,,11.94,1.08,147.0,5075.0,9.91,25.66,20.29,3.37,435.09,70.79,356.0,91.0,72.0,,,,,,,,,,,,,
041190,우리기술투자,2026-07-08 05:27,2025.12,2026.12,2026.03,2026.06,5.59,0.74,1316.0,9971.0,15.32,84.78,67.87,,,21.19,1629.0,1381.0,1105.0,,,,,,,,,,,,,,4.78,0.62,171.0,10178.0,14.94,83.8,77.94,,,20.91,184.0,154.0,144.0,,,,,,,,,,,,,
199480,뱅크웨어글로벌,2026-07-08 05:27,2025.12,2026.12,2026.03,2026.06,-19.3,3.0,-273.0,1760.0,-14.99,-6.91,-4.35,,,163.53,634.0,-44.0,-28.0,,,,,,,,,,,,,,-32.6,2.56,-47.0,1716.0,-7.89,-6.08,-2.48,,,157.02,193.0,-12.0,-5.0,,,,,,,,,,,,,
124500,아이티센글로벌,2026-07-08 05:27,2025.12,2026.12,2026.03,2026.06,15.07,5.61,2010.0,5404.0,45.89,3.16,2.23,,,212.5,88708.0,2799.0,1983.0,,,,,,,,,,,,,,18.49,7.38,784.0,6182.0,51.1,3.02,2.21,,,184.76,32882.0,992.0,727.0,,,,,,,,,,,,,
088340,유라클,2026-07-08 05:27,2025.12,2026.12,2026.03,2026.06,-8.83,2.82,-1571.0,4922.0,-28.65,-15.48,-15.62,0.91,18.56,89.75,438.0,-68.0,-68.0,-8.9,1.69,-779.0,4096.0,-19.18,-7.51,-7.3,,,,466.0,-35.0,-34.0,-7.4,2.42,-173.0,4732.0,-30.88,-9.2,-8.7,,,79.08,87.0,-8.0,-8.0,,,,,,,,,,,,,
084680,이월드,2026-07-08 05:27,2025.12,2026.12,2026.03,2026.06,-11.04,0.96,-131.0,1515.0,-8.3,-3.58,-21.0,,,88.64,887.0,-32.0,-186.0,,,,,,,,,,,,,,-14.86,1.06,-12.0,1503.0,-6.86,1.05,-7.42,,,90.37,233.0,2.0,-17.0,,,,,,,,,,,,,
464580,닷밀,2026-07-08 05:27,2025.12,2026.12,2026.03,2026.06,57.18,1.33,43.0,1864.0,2.35,0.36,2.35,,,34.06,338.0,1.0,8.0,,,,,,,,,,,,,,63.92,1.15,-79.0,1784.0,1.82,-25.43,-24.13,,,69.67,60.0,-15.0,-15.0,,,,,,,,,,,,,
089010,켐트로닉스,2026-07-08 05:27,2025.12,2026.12,2026.03,2026.06,50.05,2.18,611.0,14012.0,4.6,3.64,2.11,0.72,35.98,197.67,6375.0,232.0,135.0,11.42,1.47,2018.0,15635.0,13.62,5.62,4.24,,,,8310.0,467.0,352.0,85.49,1.96,192.0,13297.0,2.34,4.25,2.3,0.72,-71.27,210.79,1745.0,74.0,40.0,,,,,,6.02,,,,,1970.0,118.0,
090460,비에이치,2026-07-08 05:27,2025.12,2026.12,2026.03,2026.06,17.77,0.7,906.0,23055.0,4.24,3.01,2.27,1.55,26.15,73.3,17927.0,540.0,406.0,6.85,0.75,2825.0,25733.0,12.03,5.94,5.34,,,,19612.0,1165.0,1048.0,8.36,0.84,663.0,23988.0,11.25,2.87,7.02,1.55,41.92,69.66,3716.0,107.0,261.0,,,281.0,,,3.34,3.14,,,,4072.0,136.0,128.0
007460,에이프로젠,2026-07-08 05:27,2025.12,2026.12,2026.03,2026.06,-3.64,0.09,-3309.0,132487.0,-44.3,-81.01,-119.15,,,56.4,1180.0,-956.0,-1406.0,,,,,,,,,,,,,,-1.58,0.05,-813.0,117663.0,-50.63,-56.77,-77.49,,,61.67,363.0,-206.0,-281.0,,,,,,,,,,,,,
003850,보령,2026-07-08 05:27,2025.12,2026.12,2026.03,2026.06,12.05,0.9,748.0,10008.0,7.89,6.4,6.32,1.78,21.02,64.15,10174.0,651.0,643.0,10.89,0.79,772.0,10699.0,7.59,7.58,6.26,,,,10577.0,802.0,662.0,7.33,0.87,483.0,10342.0,12.78,7.89,16.23,1.78,64.09,60.46,2554.0,202.0,414.0,,,,,,8.12,,,,,2576.0,209.0,
222110,팬젠,2026-07-08 05:27,2025.12,2026.12,2026.03,2026.06,36.27,2.53,154.0,2218.0,7.48,11.23,15.28,,,9.28,134.0,15.0,21.0,,,,,,,,,,,,,,33.49,2.27,56.0,2273.0,7.33,12.92,20.11,,,9.07,37.0,5.0,8.0,,,,,,,,,,,,,
334970,프레스티지바이오로직스,2026-07-08 05:27,2025.06,2026.06,2026.03,2026.06,-9.8,2.1,-373.0,1739.0,-26.55,-268.74,-219.17,,,99.91,125.0,-337.0,-275.0,,,,,,,,,,,,,,-5.28,1.74,-188.0,1384.0,-29.36,-719.42,-645.47,,,149.17,23.0,-163.0,-146.0,,,,,,,,,,,,,
950210,프레스티지바이오파마,2026-07-08 05:27,2025.06,2026.06,2026.03,2026.06,39.62,2.15,371.0,6839.0,5.25,-470.14,29.12,,,46.69,143.0,-674.0,42.0,,,,,,,,,,,,,,-10.37,1.24,-342.0,7876.0,-12.39,-5175.09,-5769.21,,,38.18,5.0,-264.0,-294.0,,,,,,,,,,,,,
000250,삼천당제약,2026-07-08 05:27,2025.12,2026.12,2026.03,2026.06,1036.5,19.59,224.0,11868.0,1.94,3.65,5.19,0.02,22.1,54.36,2318.0,85.0,120.0,,,,,,,,,,,,,,1900.52,65.07,232.0,12740.0,3.65,8.4,10.65,0.02,20.96,45.29,649.0,54.0,69.0,,,,,,,,,,,,,
000020,동화약품,2026-07-08 05:27,2025.12,2026.12,2026.03,2026.06,20.1,0.46,311.0,13692.0,2.31,0.05,0.77,1.04,20.74,59.97,4964.0,3.0,38.0,,,,,,,,,,,,,,8.72,0.42,359.0,13998.0,4.93,8.6,7.39,1.04,396.82,58.17,1306.0,112.0,97.0,,,,,,,,,,,,,
005610,삼립,2026-07-08 05:27,2025.12,2026.12,2026.03,2026.06,31.91,0.87,1626.0,59413.0,2.92,1.15,0.42,1.93,39.66,158.51,33705.0,387.0,140.0,,,,,,,,,,,,,,-171.54,0.86,-790.0,57852.0,-0.53,-0.53,-0.84,1.93,-4458.35,152.27,8123.0,-43.0,-68.0,,,,,,,,,,,,,
100120,뷰웍스,2026-07-08 05:27,2025.12,2026.12,2026.03,2026.06,8.71,0.7,2251.0,27823.0,9.03,8.95,8.74,3.52,28.17,41.51,2393.0,214.0,209.0,6.71,0.76,3562.0,31536.0,12.35,13.27,12.51,,,,2550.0,338.0,319.0,8.96,0.96,1037.0,28342.0,12.25,15.2,16.02,3.52,57.13,46.98,582.0,88.0,93.0,,,936.0,,,12.4,11.12,,,,648.0,80.0,72.0
041830,인바디,2026-07-08 05:27,2025.12,2026.12,2026.03,2026.06,14.45,1.37,2266.0,23830.0,10.37,15.71,12.82,1.83,26.13,12.91,2339.0,368.0,300.0,17.49,2.2,3328.0,26408.0,13.39,18.33,15.33,,,,2763.0,506.0,424.0,9.31,1.12,1212.0,24634.0,13.29,19.03,23.81,1.83,124.8,15.3,684.0,130.0,163.0,,,775.0,,,18.29,14.09,,,,671.0,123.0,94.0
131370,알서포트,2026-07-08 05:27,2025.12,2026.12,2026.03,2026.06,72.75,1.31,33.0,1857.0,1.85,4.9,3.69,0.41,29.19,13.7,488.0,24.0,18.0,,,,,,,,,,,,,,168.82,1.47,-16.0,1848.0,0.89,-7.02,-7.84,0.41,-48.93,13.66,107.0,-8.0,-8.0,,,,,,,,,,,,,
005250,녹십자홀딩스,2026-07-08 05:27,2025.12,2026.12,2026.03,2026.06,-11.35,0.8,-1403.0,19826.0,-7.34,1.48,-1.71,1.88,-19.61,130.71,24515.0,362.0,-418.0,,,,,,,,,,,,,,-7.36,0.7,-349.0,19023.0,-9.81,0.57,-5.53,1.88,-11.8,139.51,5348.0,31.0,-296.0,,,,,,,,,,,,,
393210,토마토시스템,2026-07-08 05:27,2025.12,2026.12,2026.03,2026.06,-40.09,3.05,-128.0,1683.0,-7.46,-8.7,-10.19,2.2,41.38,130.94,273.0,-24.0,-28.0,,,,,,,,,,,,,,-1336.79,2.25,93.0,1775.0,-0.17,2.89,15.64,,,120.08,83.0,2.0,13.0,,,,,,,,,,,,,
314140,알피바이오,2026-07-08 05:27,2025.12,2026.12,2026.03,2026.06,13.7,0.6,540.0,12393.0,4.47,3.73,3.44,0.68,9.24,45.76,1362.0,51.0,47.0,,,,,,,,,,,,,,9.7,0.5,302.0,12639.0,5.26,6.9,7.45,0.68,50.13,50.64,351.0,24.0,26.0,,,,,,,,,,,,,
008490,서흥,2026-07-08 05:27,2025.12,2026.12,2026.03,2026.06,5.76,0.49,3759.0,43882.0,9.22,6.95,6.53,2.31,12.8,96.14,7223.0,502.0,471.0,,,,,,,,,,,,,,4.32,0.41,1021.0,45022.0,10.29,10.54,7.21,2.31,120.04,95.48,2016.0,212.0,145.0,,,,,,,,,,,,,
063160,종근당바이오,2026-07-08 05:27,2025.12,2026.12,2026.03,2026.06,-38.65,0.88,-526.0,23156.0,-2.24,2.25,-1.8,0.45,6.31,136.05,1601.0,36.0,-29.0,,,,,,,,,,,,,,-17.68,0.82,-370.0,22785.0,-4.54,-4.19,-4.99,,,138.71,407.0,-17.0,-20.0,,,,,,,,,,,,,
053950,경남제약,2026-07-08 05:27,2025.12,2026.12,2026.03,2026.06,-5.88,0.49,-576.0,6929.0,-8.06,-3.1,-16.1,,,43.7,559.0,-17.0,-90.0,,,,,,,,,,,,,,-5.98,0.57,-45.0,6906.0,-7.92,2.34,-5.32,,,40.37,161.0,4.0,-9.0,,,,,,,,,,,,,
168330,내츄럴엔도텍,2026-07-08 05:27,2025.12,2026.12,2026.03,2026.06,-30.56,4.08,-101.0,759.0,-12.59,-14.82,-16.29,,,54.13,222.0,-33.0,-36.0,,,,,,,,,,,,,,-29.21,2.78,3.0,763.0,-9.13,-1.23,-1.22,,,54.05,57.0,-1.0,-1.0,,,,,,,,,,,,,
471820,셀로맥스사이언스,2026-07-08 05:27,2025.12,2026.12,2026.03,2026.06,25.61,1.55,254.0,4202.0,6.49,12.78,13.37,2.85,69.91,8.5,222.0,28.0,30.0,,,,,,,,,,,,,,16.79,1.15,104.0,4266.0,7.58,7.4,25.31,1.02,46.87,9.23,47.0,3.0,12.0,,,,,,,,,,,,,
001630,종근당홀딩스,2026-07-08 05:27,2025.12,2026.12,2026.03,2026.06,5.73,0.35,8070.0,133813.0,6.6,6.08,5.66,3.03,16.48,78.39,9590.0,583.0,543.0,,,,,,,,,,,,,,4.94,0.34,2573.0,136062.0,7.67,8.02,7.45,3.03,63.28,81.76,2403.0,193.0,179.0,,,,,,,,,,,,,
065510,휴비츠,2026-07-08 05:27,2025.12,2026.12,2026.03,2026.06,-22.08,0.92,-415.0,10000.0,-4.5,4.7,-4.18,2.73,-53.04,100.91,1180.0,56.0,-49.0,,,,,,,,,,,,,,-24.36,0.77,333.0,10194.0,-3.39,8.81,12.97,2.73,-27.67,101.06,297.0,26.0,38.0,,,,,,,,,,,,,
043150,바텍,2026-07-08 05:27,2025.12,2026.12,2026.03,2026.06,7.24,0.59,2701.0,33371.0,8.46,12.85,9.17,1.53,7.21,38.54,4264.0,548.0,391.0,5.63,0.51,3277.0,36259.0,9.41,11.91,10.76,,,,4522.0,538.0,486.0,7.61,0.63,973.0,34367.0,8.63,10.45,13.53,1.53,43.57,39.68,1052.0,110.0,142.0,,,904.0,,,12.92,11.78,,,,1163.0,150.0,137.0
001060,JW중외제약,2026-07-08 05:27,2025.12,2026.12,2026.03,2026.06,10.32,1.67,2470.0,15290.0,17.6,12.18,7.93,2.55,25.54,63.87,7753.0,945.0,615.0,,,,,,,,,,,,,,10.51,1.91,1104.0,15804.0,20.07,16.8,13.75,2.55,102.56,62.82,1999.0,336.0,275.0,,,,,,,,,,,,,
004080,신흥,2026-07-08 05:27,2025.12,2026.12,2026.03,2026.06,47.09,1.14,297.0,12296.0,2.44,6.91,2.86,2.36,92.28,28.99,1026.0,71.0,29.0,,,,,,,,,,,,,,39.69,1.14,82.0,12200.0,2.91,3.2,3.28,1.22,-418.81,34.92,252.0,8.0,8.0,,,,,,,,,,,,,
100700,세운메디칼,2026-07-08 05:27,2025.12,2026.12,2026.03,2026.06,8.95,0.68,272.0,3584.0,8.01,19.95,19.15,2.87,24.78,6.13,637.0,127.0,122.0,,,,,,,,,,,,,,8.77,0.7,78.0,3624.0,8.44,21.97,23.33,2.87,83.34,7.1,154.0,34.0,36.0,,,,,,,,,,,,,
052260,현대바이오랜드,2026-07-08 05:27,2025.12,2026.12,2026.03,2026.06,510.05,0.95,8.0,4538.0,0.18,9.74,0.19,1.63,831.28,22.57,1305.0,127.0,3.0,,,,,,,,,,,,,,9.64,0.86,174.0,4655.0,9.32,13.58,13.63,1.63,-118.76,15.64,382.0,52.0,52.0,,,,,,,,,,,,,
006140,피제이전자,2026-07-08 05:27,2025.12,2026.12,2026.03,2026.06,9.12,0.61,624.0,9377.0,6.88,6.14,5.24,3.51,31.78,42.09,1786.0,110.0,94.0,,,,,,,,,,,,,,9.65,0.66,256.0,9435.0,7.12,3.57,7.51,3.51,83.07,50.7,511.0,18.0,38.0,,,,,,,,,,,,,
460940,피앤에스로보틱스,2026-07-08 05:27,2025.12,2026.12,2026.03,2026.06,58.34,3.78,212.0,3261.0,6.61,13.12,36.0,0.32,19.28,4.31,76.0,10.0,28.0,18.71,1.35,246.0,3419.0,7.4,16.67,36.67,,,,90.0,15.0,33.0,30.25,2.38,-4.0,3151.0,7.76,-38.29,-6.18,0.32,40.5,5.13,9.0,-4.0,-1.0,,,,,,,,,,,,,
060280,큐렉소,2026-07-08 05:27,2025.12,2026.12,2026.03,2026.06,192.14,5.53,67.0,2342.0,2.92,3.17,3.72,,,5.08,745.0,24.0,28.0,,,,,,6.09,,,,,870.0,53.0,,281.05,6.13,11.0,2382.0,2.22,-5.67,2.85,,,6.07,161.0,-9.0,5.0,,,,,,6.05,,,,,215.0,13.0,
083450,GST,2026-07-08 05:27,2025.12,2026.12,2026.03,2026.06,11.74,1.71,2457.0,16848.0,16.15,17.04,13.13,2.25,25.68,26.8,3472.0,592.0,456.0,14.29,,3288.0,,,17.32,14.52,,,,4200.0,728.0,610.0,8.32,1.44,940.0,17263.0,19.24,17.42,14.97,2.25,91.77,32.64,1159.0,202.0,174.0,,,,,,,,,,,,,
036200,유니셈,2026-07-08 05:27,2025.12,2026.12,2026.03,2026.06,32.99,1.17,293.0,8275.0,3.81,3.99,3.28,0.83,26.21,16.09,2733.0,109.0,90.0,10.76,1.0,848.0,9077.0,10.19,9.24,8.28,,,,3140.0,290.0,260.0,25.16,1.01,181.0,8402.0,4.35,6.84,7.39,0.83,103.0,18.45,748.0,51.0,55.0,,,,,,9.21,,,,,760.0,70.0,
396470,워트,2026-07-08 05:27,2025.12,2026.12,2026.03,2026.06,33.16,1.79,221.0,4097.0,5.52,16.31,23.45,0.95,31.62,3.02,152.0,25.0,36.0,15.23,1.29,372.0,4404.0,8.76,22.14,23.3,,,,258.0,57.0,60.0,32.63,1.62,66.0,4163.0,5.06,22.05,24.53,0.95,70.68,3.56,43.0,10.0,11.0,,,,,,,,,,,,,
053080,케이엔솔,2026-07-08 05:27,2025.12,2026.12,2026.03,2026.06,-2.85,1.24,-4174.0,9562.0,-35.08,-13.38,-11.74,2.42,28.61,212.91,4635.0,-620.0,-544.0,,,,,,,,,,,,,,-2.28,1.07,10.0,9667.0,-37.9,0.5,0.09,,,218.88,1152.0,6.0,1.0,,,,,,,,,,,,,
107640,한중엔시에스,2026-07-08 05:27,2025.12,2026.12,2026.03,2026.06,105.86,4.55,444.0,10316.0,4.52,2.3,2.79,,,152.88,1753.0,40.0,49.0,52.55,2.97,631.0,11145.0,5.88,5.71,3.2,,,,2503.0,143.0,80.0,75.33,4.43,118.0,10638.0,6.36,2.64,2.63,,,154.87,547.0,14.0,14.0,,,,,,5.23,,,,,650.0,34.0,
067290,JW신약,2026-07-08 05:27,2025.12,2026.12,2026.03,2026.06,7.62,2.92,279.0,729.0,46.3,9.2,19.32,,,43.0,810.0,75.0,157.0,,,,,,,,,,,,,,10.55,2.49,48.0,767.0,26.16,13.48,12.48,,,46.49,214.0,29.0,27.0,,,,,,,,,,,,,
376900,로킷헬스케어,2026-07-08 05:27,2025.12,2026.12,2026.03,2026.06,-333.62,88.49,-196.0,740.0,8.69,1.73,-10.69,,,376.27,262.0,5.0,-28.0,-106.12,131.47,-363.0,293.0,-72.91,-13.83,-11.21,,,,535.0,-74.0,-60.0,-442.1,182.76,-116.0,683.0,13.07,-29.17,-23.28,,,936.15,81.0,-24.0,-19.0,,,,,,,,,,,,,
065660,안트로젠,2026-07-08 05:27,2025.12,2026.12,2026.03,2026.06,-340.45,5.36,-138.0,8739.0,-1.39,-32.28,-18.23,,,0.93,75.0,-24.0,-14.0,,,,,,,,,,,,,,-275.96,5.13,-88.0,8378.0,-1.75,-51.83,-41.55,,,1.14,21.0,-11.0,-9.0,,,,,,,,,,,,,
064550,바이오니아,2026-07-08 05:27,2025.12,2026.12,2026.03,2026.06,-116.98,1.57,-109.0,8124.0,-1.33,4.61,0.52,,,62.95,3301.0,152.0,17.0,,,,,,,,,,,,,,-48.55,1.38,-122.0,7960.0,-2.79,-0.64,-3.43,,,69.08,818.0,-5.0,-28.0,,,,,,,,,,,,,
277410,인산가,2026-07-08 05:27,2025.12,2026.12,2026.03,2026.06,71.69,0.7,17.0,1729.0,1.0,6.44,1.78,1.64,115.86,74.06,358.0,23.0,6.0,,,,,,,,,,,,,,73.32,0.65,-9.0,1700.0,0.91,-3.29,-3.39,1.64,421.87,80.45,100.0,-3.0,-3.0,,,,,,,,,,,,,
378800,샤페론,2026-07-08 05:27,2025.12,2026.12,2026.03,2026.06,-4.01,3.25,-434.0,535.0,-76.22,-6952.91,-6816.29,,,12.65,2.0,-158.0,-155.0,,,,,,,,,,,,,,-4.04,3.57,-77.0,458.0,-92.33,-5607.8,-5418.43,,,16.48,1.0,-37.0,-35.0,,,,,,,,,,,,,
344860,이노진,2026-07-08 05:27,2025.12,2026.12,2026.03,2026.06,77.89,1.45,24.0,1288.0,1.88,0.06,3.5,4.83,342.09,6.66,82.0,0.0,3.0,,,,,,,,,,,,,,124.5,1.27,-8.0,1190.0,1.05,-6.79,-3.71,4.83,467.46,16.66,26.0,-2.0,-1.0,,,,,,,,,,,,,
330350,위더스제약,2026-07-08 05:27,2025.12,2026.12,2026.03,2026.06,22.91,1.16,376.0,7425.0,5.2,5.32,4.67,1.03,16.57,39.42,1064.0,57.0,50.0,,,,,,,,,,,,,,14.74,1.05,301.0,7726.0,7.41,0.86,14.07,,,39.83,282.0,2.0,40.0,,,,,,,,,,,,,
118000,메타케어,2026-07-08 05:27,2025.12,2026.12,2026.03,2026.06,103.16,0.44,30.0,6953.0,0.42,4.04,-0.65,,,63.63,328.0,13.0,-2.0,,,,,,,,,,,,,,43.32,0.34,24.0,6977.0,0.78,5.7,6.51,,,55.07,101.0,6.0,7.0,,,,,,,,,,,,,
013990,아가방컴퍼니,2026-07-08 05:27,2025.12,2026.12,2026.03,2026.06,12.77,0.7,351.0,6452.0,6.69,7.4,5.63,,,31.98,1891.0,140.0,106.0,,,,,,,,,,,,,,11.84,0.7,78.0,6680.0,7.61,4.41,5.13,,,31.91,485.0,21.0,25.0,,,,,,,,,,,,,
462310,뉴키즈온,2026-07-08 05:27,2025.12,2026.12,2026.03,2026.06,-11.17,1.02,-511.0,5618.0,-10.27,1.48,-8.12,,,22.3,490.0,7.0,-40.0,,,,,,,,,,,,,,-6.62,0.75,-53.0,5566.0,-10.27,-4.94,-4.54,,,26.88,103.0,-5.0,-5.0,,,,,,,,,,,,,
003920,남양유업,2026-07-08 05:27,2025.12,2026.12,2026.03,2026.06,57.49,0.42,871.0,120319.0,0.9,0.57,0.78,2.85,158.61,15.43,9141.0,52.0,71.0,,,,,,,,,,,,,,32.67,0.41,789.0,120264.0,1.57,0.23,2.8,2.85,381.13,19.25,2252.0,5.0,63.0,,,,,,,,,,,,,
159580,제로투세븐,2026-07-08 05:27,2025.12,2026.12,2026.03,2026.06,23.08,0.96,172.0,4161.0,4.2,3.55,4.86,1.26,29.03,10.07,710.0,25.0,34.0,,,,,,,,,,,,,,20.89,0.85,46.0,4154.0,4.17,3.86,5.57,1.26,74.51,14.82,167.0,6.0,9.0,,,,,,,,,,,,,
014100,메디앙스,2026-07-08 05:27,2025.12,2026.12,2026.03,2026.06,-3.5,0.3,-510.0,6034.0,-8.48,-2.26,-12.34,,,60.35,488.0,-11.0,-60.0,,,,,,,,,,,,,,13.11,0.27,180.0,6237.0,2.17,10.72,17.89,,,60.05,119.0,13.0,21.0,,,,,,,,,,,,,
403850,더핑크퐁컴퍼니,2026-07-08 05:27,2025.12,2026.12,2026.03,2026.06,17.43,1.95,1437.0,12838.0,13.08,20.63,19.31,,,10.7,939.0,194.0,181.0,,,,,,,,,,,,,,11.01,1.2,429.0,13329.0,13.1,14.22,29.77,,,10.46,207.0,29.0,61.0,,,,,,,,,,,,,
215480,토박스코리아,2026-07-08 05:27,2025.12,2026.12,2026.03,2026.06,-15.11,0.57,-132.0,3520.0,-3.78,0.01,-3.14,,,18.02,397.0,0.0,-12.0,,,,,,,,,,,,,,-109.05,0.59,64.0,3670.0,-0.57,8.42,5.98,,,25.77,99.0,8.0,6.0,,,,,,,,,,,,,
000070,삼양홀딩스,2026-07-08 05:27,2025.12,2026.12,2026.03,2026.06,-2.49,0.22,-23161.0,261061.0,-10.17,3.25,-8.9,6.08,-12.24,98.76,33483.0,1088.0,-2981.0,,,,,,,,,,,,,,-2.71,0.24,2699.0,271474.0,-10.06,3.48,4.16,6.08,-9.17,93.56,8383.0,292.0,349.0,,,,,,,,,,,,,
001130,대한제분,2026-07-08 05:27,2025.12,2026.12,2026.03,2026.06,-9.77,0.24,-1495.0,61093.0,-2.47,4.53,-1.83,2.74,-26.12,52.08,13752.0,623.0,-251.0,,,,,,,,,,,,,,-8.17,0.23,432.0,61288.0,-2.85,2.1,2.2,2.74,-7.97,50.57,3343.0,70.0,74.0,,,,,,,,,,,,,
001790,대한제당,2026-07-08 05:27,2025.12,2026.12,2026.03,2026.06,-4.5,0.54,-628.0,5203.0,-11.61,4.17,-4.45,4.25,-18.48,159.38,13563.0,566.0,-603.0,,,,,,,,,,,,,,-3.13,0.56,98.0,5200.0,-16.84,1.74,2.99,4.25,-9.41,160.67,3151.0,55.0,94.0,,,,,,,,,,,,,
003010,혜인,2026-07-08 05:27,2025.12,2026.12,2026.03,2026.06,4.74,0.41,1120.0,13026.0,11.49,7.26,5.89,3.77,13.76,96.4,2417.0,176.0,142.0,,,,,,,,,,,,,,4.77,0.41,33.0,13076.0,11.52,3.22,1.03,3.77,26.28,94.51,404.0,13.0,4.0,,,,,,,,,,,,,
214420,토니모리,2026-07-08 05:27,2025.12,2026.12,2026.03,2026.06,18.13,1.7,463.0,4938.0,9.76,6.52,5.18,0.6,10.74,81.08,2203.0,144.0,114.0,7.95,,665.0,,,8.45,6.53,,,,2449.0,207.0,160.0,12.57,1.31,147.0,5017.0,10.99,8.01,7.07,0.6,42.57,82.8,520.0,42.0,37.0,,,,,,8.84,,,,,713.0,63.0,
025770,한국정보통신,2026-07-08 05:27,2025.12,2026.12,2026.03,2026.06,7.84,0.8,978.0,9544.0,11.4,5.41,4.37,3.79,27.88,52.61,8363.0,452.0,366.0,,,,,,,,,,,,,,7.79,0.81,231.0,9439.0,11.45,5.07,3.99,3.79,221.6,72.03,2162.0,110.0,86.0,,,,,,,,,,,,,
011210,현대위아,2026-07-08 05:27,2025.12,2026.12,2026.03,2026.06,20.79,0.56,3641.0,135750.0,2.75,2.41,1.38,1.59,32.23,72.8,84816.0,2044.0,1169.0,11.53,0.46,5596.0,138931.0,4.17,2.63,1.85,,,,89115.0,2345.0,1650.0,59.87,0.56,1167.0,137498.0,0.96,2.37,1.62,1.59,468.0,74.07,21793.0,516.0,354.0,,,1618.0,,,2.67,1.66,,,,22394.0,598.0,372.0
095190,신화프리텍,2026-07-08 05:27,2025.12,2026.12,2026.03,2026.06,-19.23,1.24,-107.0,1661.0,-6.9,-5.16,-7.5,,,115.64,925.0,-48.0,-69.0,,,,,,,,,,,,,,-36.97,1.3,17.0,1683.0,-3.46,7.14,4.61,,,110.72,244.0,17.0,11.0,,,,,,,,,,,,,
013310,아진산업,2026-07-08 05:27,2025.12,2026.12,2026.03,2026.06,4.8,0.32,598.0,8952.0,6.83,6.38,2.3,3.48,16.73,342.77,10089.0,644.0,232.0,,,,,,,,,,,,,,3.05,0.31,377.0,9546.0,10.93,8.26,6.85,3.48,28.69,333.04,2133.0,176.0,146.0,,,,,,,,,,,,,
265560,영화테크,2026-07-08 05:27,2025.12,2026.12,2026.03,2026.06,3.85,0.77,1783.0,8856.0,22.82,16.61,17.53,1.9,7.14,27.73,1086.0,180.0,190.0,,,,,,,,,,,,,,3.85,0.85,724.0,9521.0,25.25,12.56,31.71,1.9,15.37,28.9,244.0,31.0,77.0,,,,,,,,,,,,,
010770,평화홀딩스,2026-07-08 05:27,2025.12,2026.12,2026.03,2026.06,1.6,0.43,2375.0,8854.0,31.18,3.95,5.11,3.96,6.21,243.35,8837.0,349.0,452.0,,,,,,,,,,,,,,1.21,0.39,1010.0,9548.0,38.17,5.45,8.94,3.96,14.13,249.32,2251.0,123.0,201.0,,,,,,,,,,,,,
023900,풍국주정,2026-07-08 05:27,2025.12,2026.12,2026.03,2026.06,11.37,0.68,812.0,13637.0,6.12,10.25,8.2,2.17,24.63,12.91,1635.0,168.0,134.0,,,,,,,,,,,,,,13.15,0.72,173.0,13629.0,5.6,7.86,7.63,2.17,183.38,15.79,376.0,30.0,29.0,,,,,,,,,,,,,
478560,블랙야크아이앤씨,2026-07-08 05:27,2025.12,2026.12,2026.03,2026.06,-15.59,2.4,-229.0,1484.0,-18.79,16.21,-9.85,9.12,-49.39,152.23,573.0,93.0,-56.0,,,,,,,,,,,,,,-30.84,2.12,38.0,1410.0,-6.99,15.51,5.95,9.12,121.42,164.78,167.0,26.0,10.0,,,,,,,,,,,,,
111380,동인기연,2026-07-08 05:27,2025.12,2026.12,2026.03,2026.06,7.3,0.53,1880.0,25695.0,7.66,9.25,4.51,4.95,34.97,97.7,2441.0,226.0,110.0,3.5,0.44,3585.0,28463.0,13.69,11.14,8.03,,,,2704.0,301.0,217.0,5.17,0.52,996.0,26584.0,10.71,10.43,9.79,2.69,32.35,96.85,620.0,65.0,61.0,,,636.0,,,11.09,,,,,667.0,74.0,
111110,호전실업,2026-07-08 05:27,2025.12,2026.12,2026.03,2026.06,5.87,0.36,1315.0,21402.0,6.92,4.8,2.17,5.18,27.46,125.51,5209.0,250.0,113.0,2.67,0.28,2485.0,23668.0,11.81,4.78,3.88,,,,5340.0,255.0,207.0,5.63,0.33,83.0,21607.0,6.72,-1.61,0.66,5.18,52.41,144.97,892.0,-14.0,6.0,,,,,,,,,,,,,
241590,화승엔터프라이즈,2026-07-08 05:27,2025.12,2026.12,2026.03,2026.06,-10.31,0.65,-477.0,7621.0,-5.87,2.28,-1.73,1.02,-10.48,180.38,15644.0,357.0,-271.0,7.58,0.42,407.0,7279.0,5.46,3.37,1.41,,,,16594.0,559.0,233.0,-6.95,0.59,-167.0,7630.0,-8.05,-1.38,-2.63,1.02,-21.89,200.35,3509.0,-48.0,-92.0,,,117.0,,,3.61,1.43,,,,4184.0,151.0,60.0
041020,폴라리스오피스,2026-07-08 05:27,2025.12,2026.12,2026.03,2026.06,45.94,2.5,98.0,1798.0,5.45,2.81,4.16,,,28.19,3242.0,91.0,135.0,,,,,,,,,,,,,,35.97,2.36,42.0,1820.0,6.57,3.16,10.07,,,27.74,755.0,24.0,76.0,,,,,,,,,,,,,
241840,에이스토리,2026-07-08 05:27,2025.12,2026.12,2026.03,2026.06,-9.63,1.35,-746.0,5334.0,-13.61,-61.73,-60.34,,,16.67,118.0,-73.0,-71.0,,,,,,,,,,,,,,-7.18,1.03,-103.0,5162.0,-13.93,-18.06,-14.64,,,24.02,67.0,-12.0,-10.0,,,,,,,,,,,,,
112040,위메이드,2026-07-08 05:27,2025.12,2026.12,2026.03,2026.06,-45.49,2.07,-548.0,12052.0,-4.45,1.74,-4.4,1.18,-53.56,114.81,6140.0,107.0,-270.0,14.61,1.53,1355.0,12918.0,10.92,7.97,7.46,,,,5900.0,470.0,440.0,27.24,1.8,645.0,11471.0,6.4,5.54,13.0,1.18,-33.38,121.4,1533.0,85.0,199.0,,,-530.0,,,-16.22,,,,,1110.0,-180.0,
025880,케이씨피드,2026-07-08 05:27,2025.12,2026.12,2026.03,2026.06,4.35,0.53,618.0,5071.0,13.66,10.0,8.68,6.13,25.2,23.84,1218.0,122.0,106.0,,,,,,,,,,,,,,4.52,0.56,142.0,5057.0,13.9,5.88,8.77,6.13,129.24,46.02,277.0,16.0,24.0,,,,,,,,,,,,,
103840,우양,2026-07-08 05:27,2025.12,2026.12,2026.03,2026.06,23.61,1.14,137.0,2836.0,4.96,2.54,1.22,,,230.44,1838.0,47.0,22.0,,,,,,,,,,,,,,25.16,1.09,-10.0,2831.0,4.44,2.12,-0.35,,,234.63,461.0,10.0,-2.0,,,,,,,,,,,,,
067010,이씨에스,2026-07-08 05:27,2026.03,2027.03,2026.03,2026.06,16.03,0.45,136.0,4899.0,3.17,0.33,1.82,4.59,65.57,46.24,912.0,3.0,17.0,,,,,,,,,,,,,,16.03,0.45,60.0,4899.0,3.17,0.15,3.06,4.59,152.13,46.24,234.0,0.0,7.0,,,,,,,,,,,,,
006890,태경케미컬,2026-07-08 05:27,2025.12,2026.12,2026.03,2026.06,10.8,0.55,754.0,14876.0,5.2,3.36,14.26,2.21,23.87,30.06,613.0,21.0,87.0,,,,,,,,,,,,,,13.93,0.67,149.0,14797.0,4.92,-4.68,12.4,2.21,66.27,30.91,140.0,-7.0,17.0,,,,,,,,,,,,,
036580,팜스코,2026-07-08 05:27,2025.12,2026.12,2026.03,2026.06,2.15,0.4,1114.0,5917.0,23.16,5.16,2.69,2.09,4.28,380.59,15541.0,802.0,418.0,,,,,,,,,,,,,,3.6,0.55,-228.0,5569.0,18.28,4.93,-2.05,2.09,-27.41,402.83,3990.0,197.0,-82.0,,,,,,,,,,,,,
081580,성우전자,2026-07-08 05:27,2025.12,2026.12,2026.03,2026.06,2.76,0.3,798.0,7430.0,11.53,2.18,6.61,2.27,3.57,39.42,1827.0,40.0,121.0,,,,,,,,,,,,,,3.82,0.4,137.0,7660.0,11.22,3.58,4.38,2.27,5.73,40.21,472.0,17.0,21.0,,,,,,,,,,,,,
271980,제일약품,2026-07-08 05:27,2025.12,2026.12,2026.03,2026.06,9.53,1.05,1590.0,14485.0,11.71,3.65,5.64,0.29,14.56,103.4,5672.0,207.0,320.0,,,,,,,,,,,,,,10.03,0.96,-21.0,14503.0,10.08,0.32,2.48,,,100.09,1303.0,4.0,32.0,,,,,,,,,,,,,
005690,파미셀,2026-07-08 05:27,2025.12,2026.12,2026.03,2026.06,21.64,7.04,671.0,2064.0,38.31,30.08,35.32,0.34,7.45,26.88,1141.0,343.0,403.0,13.07,4.08,914.0,2928.0,36.64,36.56,33.55,,,,1636.0,598.0,549.0,20.11,6.59,195.0,2213.0,38.45,35.64,31.91,0.34,19.14,26.6,367.0,131.0,117.0,,,198.0,,,35.91,30.03,,,,396.0,142.0,119.0
007390,네이처셀,2026-07-08 05:27,2025.12,2026.12,2026.03,2026.06,-494.71,22.29,-44.0,978.0,-4.45,-17.59,-13.69,,,18.57,207.0,-36.0,-28.0,,,,,,,,,,,,,,-406.95,17.68,-18.0,979.0,-4.33,-32.58,-28.14,,,37.5,41.0,-13.0,-11.0,,,,,,,,,,,,,
304360,에스바이오메딕스,2026-07-08 05:27,2025.12,2026.12,2026.03,2026.06,-55.48,53.46,-684.0,710.0,-79.08,-50.42,-42.66,,,146.44,165.0,-83.0,-71.0,-34.66,6.4,-593.0,3212.0,-30.11,-50.3,-39.52,,,,167.0,-84.0,-66.0,-41.98,43.28,-191.0,663.0,-88.04,-68.03,-40.88,,,124.3,44.0,-30.0,-18.0,,,,,,,,,,,,,
086820,바이오솔루션,2026-07-08 05:27,2025.12,2026.12,2026.03,2026.06,701.78,5.97,11.0,1324.0,0.86,-28.56,1.8,,,113.98,152.0,-43.0,3.0,-38.82,,-152.0,,,-5.0,,,,,200.0,-10.0,,439.34,7.27,-83.0,1625.0,0.86,-34.52,-54.18,,,58.23,38.0,-13.0,-20.0,,,,,,,,,,,,,
067630,HLB생명과학,2026-07-08 05:27,2025.12,2026.12,2026.03,2026.06,-4.73,1.59,-819.0,2440.0,-28.69,-48.14,-218.45,,,60.57,458.0,-220.0,-999.0,,,,,,,,,,,,,,-9.19,1.58,-64.0,2410.0,-15.91,-42.47,-51.48,,,64.98,152.0,-65.0,-78.0,,,,,,,,,,,,,
191420,테고사이언스,2026-07-08 05:27,2025.12,2026.12,2026.03,2026.06,-18.85,2.58,-865.0,6308.0,-13.97,-74.48,-118.18,,,55.3,59.0,-44.0,-70.0,,,,,,,,,,,,,,-12.14,2.07,-247.0,6058.0,-17.11,-155.75,-167.81,,,55.33,12.0,-19.0,-20.0,,,,,,,,,,,,,
115310,인포바인,2026-07-08 05:27,2025.12,2026.12,2026.03,2026.06,28.31,0.96,441.0,12978.0,6.75,22.49,24.51,1.92,24.94,9.8,287.0,65.0,70.0,,,,,,,,,,,,,,31.37,1.01,128.0,12836.0,7.04,27.89,29.84,1.92,82.02,10.08,69.0,19.0,21.0,,,,,,,,,,,,,
377300,카카오페이,2026-07-08 05:27,2025.12,2026.12,2026.03,2026.06,146.42,3.49,335.0,14062.0,2.4,5.25,5.81,,,173.7,9584.0,504.0,557.0,46.74,2.65,849.0,14971.0,5.85,10.71,10.07,,,,12960.0,1388.0,1305.0,109.17,3.42,211.0,14279.0,3.17,10.74,11.56,,,201.97,3003.0,322.0,347.0,,,205.0,,,10.68,10.58,,,,3027.0,323.0,320.0
181710,NHN,2026-07-08 05:27,2025.12,2026.12,2026.03,2026.06,30.44,0.61,954.0,47466.0,2.2,5.26,2.06,1.72,48.03,117.49,25162.0,1324.0,519.0,10.9,0.71,3393.0,51814.0,7.33,6.2,4.84,,,,28498.0,1767.0,1380.0,21.13,0.78,719.0,48218.0,4.02,3.91,4.63,1.72,104.81,86.35,6714.0,263.0,311.0,,,778.0,,,5.92,4.42,,,,6963.0,412.0,308.0
058820,CMG제약,2026-07-08 05:27,2025.12,2026.12,2026.03,2026.06,-26.59,1.36,-70.0,1363.0,-5.15,-3.51,-9.58,,,51.8,1052.0,-37.0,-101.0,,,,,,,,,,,,,,-30.43,1.28,1.0,1364.0,-4.3,-11.45,0.44,,,58.3,255.0,-29.0,1.0,,,,,,,,,,,,,
007570,일양약품,2026-07-08 05:27,2025.12,2026.12,2026.03,2026.06,41.3,1.13,354.0,12934.0,2.92,1.82,2.62,1.06,41.4,89.44,2724.0,50.0,71.0,,,,,,,,,,,,,,10.86,0.81,860.0,13825.0,8.19,-11.32,26.07,1.06,-50.62,80.77,651.0,-74.0,170.0,,,,,,,,,,,,,
214390,경보제약,2026-07-08 05:27,2025.12,2026.12,2026.03,2026.06,756.71,0.95,8.0,6096.0,0.13,1.33,0.07,0.87,655.73,119.25,2641.0,35.0,2.0,,,,,,,,,,,,,,510.38,1.19,-22.0,6036.0,0.23,1.08,-0.8,0.87,-276.28,134.99,661.0,7.0,-5.0,,,,,,,,,,,,,
041910,폴라리스AI파마,2026-07-08 05:27,2025.12,2026.12,2026.03,2026.06,13.65,0.61,456.0,10233.0,4.66,5.74,11.09,1.45,30.55,44.14,555.0,32.0,62.0,,,,,,,,,,,,,,10.81,0.66,271.0,10636.0,6.52,4.42,26.66,,,40.53,137.0,6.0,37.0,,,,,,,,,,,,,
000640,동아쏘시오홀딩스,2026-07-08 05:27,2025.12,2026.12,2026.03,2026.06,7.88,0.62,13508.0,171401.0,8.32,6.84,6.4,1.55,12.14,80.57,14298.0,978.0,915.0,6.68,0.46,12484.0,179873.0,7.16,6.97,5.6,,,,15416.0,1075.0,863.0,6.76,0.54,3065.0,173176.0,8.41,5.45,5.84,0.91,-56.98,79.26,3510.0,191.0,205.0,,,3327.0,,,7.6,,,,,3666.0,278.0,
302440,SK바이오사이언스,2026-07-08 05:27,2025.12,2026.12,2026.03,2026.06,-65.78,2.11,-733.0,22806.0,-3.2,-18.96,-8.62,,,45.07,6514.0,-1235.0,-562.0,-36.87,1.68,-1020.0,22386.0,-4.52,-17.52,-10.6,,,,7392.0,-1295.0,-783.0,-39.25,1.85,-425.0,22571.0,-4.65,-26.41,-21.45,,,47.85,1686.0,-445.0,-362.0,,,,,,-22.54,,,,,1770.0,-399.0,
012790,신일제약,2026-07-08 05:27,2025.12,2026.12,2026.03,2026.06,9.66,0.46,628.0,13180.0,5.04,9.17,9.35,3.13,29.16,11.25,806.0,74.0,75.0,,,,,,,,,,,,,,10.21,0.44,120.0,13304.0,4.63,6.37,6.88,3.13,1652.58,11.75,209.0,13.0,14.0,,,,,,,,,,,,,
234080,JW생명과학,2026-07-08 05:27,2025.12,2026.12,2026.03,2026.06,7.11,0.9,1807.0,14245.0,13.59,12.89,11.09,4.28,29.77,44.26,2578.0,332.0,286.0,6.78,0.78,1730.0,15028.0,12.09,13.0,10.0,,,,2739.0,356.0,274.0,6.81,0.89,422.0,14127.0,13.98,14.68,10.53,4.28,131.98,43.34,635.0,93.0,67.0,,,,,,13.94,10.04,,,,667.0,93.0,67.0
004720,팜젠사이언스,2026-07-08 05:27,2025.12,2026.12,2026.03,2026.06,-0.67,0.62,-6242.0,6677.0,-58.95,3.46,-67.39,,,33.57,1731.0,60.0,-1166.0,,,,,,,,,,,,,,-0.61,0.53,-45.0,6862.0,-86.11,4.08,-2.28,,,32.39,433.0,18.0,-10.0,,,,,,,,,,,,,
018680,서울제약,2026-07-08 05:27,2025.12,2026.12,2026.03,2026.06,47.65,0.87,65.0,3521.0,1.86,-2.45,1.44,,,74.8,521.0,-13.0,8.0,,,,,,,,,,,,,,42.56,0.76,-16.0,3504.0,1.8,-1.54,-1.59,,,73.21,121.0,-2.0,-2.0,,,,,,,,,,,,,
114450,그린생명과학,2026-07-08 05:27,2025.12,2026.12,2026.03,2026.06,526.64,1.5,6.0,1930.0,0.3,0.51,0.27,,,43.29,403.0,2.0,1.0,,,,,,,,,,,,,,17.84,1.33,88.0,2019.0,8.07,3.76,11.29,,,39.89,155.0,6.0,18.0,,,,,,,,,,,,,
009300,삼아제약,2026-07-08 05:27,2025.12,2026.12,2026.03,2026.06,7.73,0.42,2031.0,37375.0,5.78,14.11,16.63,5.41,40.09,8.3,778.0,110.0,129.0,,,,,,,,,,,,,,11.33,0.43,350.0,37011.0,3.97,11.81,12.65,5.41,129.11,9.84,176.0,21.0,22.0,,,,,,,,,,,,,
308100,형지글로벌,2026-07-08 05:27,2025.12,2026.12,2026.03,2026.06,-0.69,0.54,-1915.0,2470.0,-69.39,-21.45,-91.52,,,65.11,377.0,-81.0,-345.0,,,,,,,,,,,,,,-0.55,0.37,-2.0,2467.0,-70.36,7.49,-0.75,,,108.74,82.0,6.0,-1.0,,,,,,,,,,,,,
232830,아이티센피엔에스,2026-07-08 05:27,2025.12,2026.12,2026.03,2026.06,-6.64,2.54,-367.0,962.0,-33.98,-0.11,-1.7,,,681.15,2696.0,-3.0,-46.0,,,,,,,,,,,,,,-7.17,3.05,-137.0,825.0,-42.39,-1.55,-4.24,,,571.04,539.0,-8.0,-23.0,,,,,,,,,,,,,
203650,드림시큐리티,2026-07-08 05:27,2025.12,2026.12,2026.03,2026.06,19.65,1.32,84.0,1244.0,7.19,7.05,2.32,,,280.96,3189.0,225.0,74.0,,,,,,,,,,,,,,19.73,1.26,7.0,1253.0,6.74,3.47,0.25,,,312.72,1084.0,38.0,3.0,,,,,,,,,,,,,
142280,녹십자엠에스,2026-07-08 05:27,2025.12,2026.12,2026.03,2026.06,23.75,1.96,169.0,2040.0,8.57,2.66,3.19,,,95.21,1084.0,29.0,35.0,,,,,,,,,,,,,,17.35,1.74,7.0,2048.0,10.52,1.24,0.94,,,95.63,236.0,3.0,2.0,,,,,,,,,,,,,
038530,케이바이오랩스,2026-07-08 05:27,2025.12,2026.12,2026.03,2026.06,-8.72,0.52,-138.0,2306.0,-5.84,1.74,-5.78,,,16.19,873.0,15.0,-50.0,,,,,,,,,,,,,,-16.72,0.73,27.0,2330.0,-4.25,-5.09,14.56,,,13.95,159.0,-8.0,23.0,,,,,,,,,,,,,
032300,한국파마,2026-07-08 05:27,2025.12,2026.12,2026.03,2026.06,-53.7,2.06,-242.0,6307.0,-3.77,-1.01,-3.01,0.38,-20.65,84.11,876.0,-9.0,-26.0,,,,,,,,,,,,,,-48.96,1.76,63.0,6320.0,-3.52,5.31,2.77,0.38,-19.77,88.54,246.0,13.0,7.0,,,,,,,,,,,,,
307750,국전약품,2026-07-08 05:27,2025.12,2026.12,2026.03,2026.06,-39.03,1.75,-86.0,1920.0,-4.44,-1.97,-3.68,0.28,28.26,86.92,1310.0,-26.0,-48.0,,,,,,,,,,,,,,-26.99,2.13,-52.0,1975.0,-7.57,7.68,-8.01,,,75.01,347.0,27.0,-28.0,,,,,,,,,,,,,
185490,아이진,2026-07-08 05:27,2025.12,2026.12,2026.03,2026.06,-3.57,1.32,-488.0,1322.0,-29.23,-276.18,-534.85,,,25.44,36.0,-99.0,-191.0,,,,,,,,,,,,,,-3.05,1.14,-80.0,1247.0,-31.99,-277.74,-279.64,,,27.06,13.0,-35.0,-36.0,,,,,,,,,,,,,
109820,진매트릭스,2026-07-08 05:27,2025.12,2026.12,2026.03,2026.06,-27.29,2.81,-90.0,875.0,-10.0,-6.38,-17.23,,,56.09,106.0,-7.0,-18.0,,,,,,,,,,,,,,-30.53,2.2,-11.0,864.0,-7.11,-12.99,-8.78,,,56.73,25.0,-3.0,-2.0,,,,,,,,,,,,,
101140,인바이오젠,2026-07-08 05:27,2025.12,2026.12,2026.03,2026.06,-74.28,0.66,-141.0,15788.0,-0.89,-68.81,-22.53,,,1.49,63.0,-43.0,-14.0,,,,,,,,,,,,,,-5.36,0.68,-1461.0,14319.0,-11.9,-124.6,-1866.78,,,3.75,8.0,-10.0,-147.0,,,,,,,,,,,,,
041960,코미팜,2026-07-08 05:27,2025.12,2026.12,2026.03,2026.06,-70.39,7.26,-100.0,967.0,-10.94,3.74,-15.3,,,85.85,525.0,20.0,-80.0,,,,,,,,,,,,,,-96.4,8.57,12.0,985.0,-9.61,2.52,5.77,,,83.34,119.0,3.0,7.0,,,,,,,,,,,,,
019170,신풍제약,2026-07-08 05:27,2025.12,2026.12,2026.03,2026.06,87.79,2.67,160.0,5267.0,3.35,6.07,3.57,,,30.19,2347.0,143.0,84.0,,,,,,,,,,,,,,54.55,1.88,6.0,5507.0,3.83,-0.67,0.68,,,27.24,545.0,-4.0,4.0,,,,,,,,,,,,,
203400,에이비온,2026-07-08 05:27,2025.12,2026.12,2026.03,2026.06,-6.9,4.12,-454.0,759.0,-60.24,-2201.04,-3302.16,,,17.86,9.0,-194.0,-291.0,,,,,,,,,,,,,,-6.58,3.44,-73.0,687.0,-63.35,-1139.7,-1145.36,,,19.3,6.0,-65.0,-66.0,,,,,,,,,,,,,
299660,셀리드,2026-07-08 05:27,2025.12,2026.12,2026.03,2026.06,-6.04,1.14,-473.0,2515.0,-19.25,-128.29,-136.5,,,49.41,88.0,-113.0,-121.0,,,,,,,,,,,,,,-6.26,1.0,-50.0,2464.0,-17.96,-50.32,-46.14,,,58.12,32.0,-16.0,-15.0,,,,,,,,,,,,,
153710,옵티팜,2026-07-08 05:27,2025.12,2026.12,2026.03,2026.06,-29.94,2.95,-170.0,1731.0,-9.48,-10.8,-11.19,,,60.51,223.0,-24.0,-25.0,,,,,,,,,,,,,,-34.76,2.97,-51.0,1688.0,-8.27,-13.49,-14.06,,,59.82,54.0,-7.0,-8.0,,,,,,,,,,,,,
348080,큐라티스,2026-07-08 05:27,2025.12,2026.12,2026.03,2026.06,-3.16,2.4,-411.0,541.0,-91.67,-420.64,-1207.72,,,23.66,25.0,-103.0,-297.0,,,,,,,,,,,,,,-2.39,2.13,-42.0,436.0,-79.21,-25919.9,-40771.2,,,21.86,3.0,-25.0,-39.0,,,,,,,,,,,,,
011000,진원생명과학,2026-07-08 05:27,2025.12,2026.12,2026.03,2026.06,-3.15,4.08,-622.0,480.0,-81.98,-191.09,-225.0,,,191.47,230.0,-440.0,-519.0,,,,,,,,,,,,,,-1.72,1.62,-27.0,564.0,-71.19,-90.79,-92.29,,,156.65,26.0,-23.0,-24.0,,,,,,,,,,,,,
007590,동방아그로,2026-07-08 05:27,2025.12,2026.12,2026.03,2026.06,8.38,0.44,716.0,13754.0,5.75,7.07,5.46,5.33,41.41,43.81,1790.0,127.0,98.0,,,,,,,,,,,,,,11.1,0.41,935.0,14443.0,4.03,16.44,12.19,5.33,-239.32,46.01,1044.0,172.0,127.0,,,,,,,,,,,,,
002100,경농,2026-07-08 05:27,2025.12,2026.12,2026.03,2026.06,9.75,0.63,955.0,14751.0,7.24,8.46,5.78,7.52,67.06,68.7,3392.0,287.0,196.0,,,,,,,,,,,,,,11.53,0.6,1176.0,15524.0,5.77,21.07,16.02,5.37,-67.62,76.53,1535.0,323.0,246.0,,,,,,,,,,,,,
000490,대동,2026-07-08 05:27,2025.12,2026.12,2026.03,2026.06,-15.14,0.54,-640.0,17840.0,-3.67,2.1,-2.01,1.03,-16.16,251.89,14847.0,312.0,-299.0,,,,,,,,,,,,,,-7.47,0.51,-45.0,18221.0,-6.74,1.59,-1.62,1.03,-6.73,263.9,3777.0,60.0,-61.0,,,,,,,,,,,,,
004090,한국석유,2026-07-08 05:27,2025.12,2026.12,2026.03,2026.06,33.94,0.86,411.0,16160.0,2.59,1.7,0.73,0.86,29.1,100.48,6969.0,118.0,51.0,,,,,,,,,,,,,,27.43,0.99,126.0,16061.0,3.67,2.42,0.89,0.86,425.24,114.19,1712.0,41.0,15.0,,,,,,,,,,,,,
031820,아이티센씨티에스,2026-07-08 05:27,2025.12,2026.12,2026.03,2026.06,1.36,0.31,4364.0,18921.0,25.89,2.15,8.46,,,145.4,10952.0,236.0,926.0,,,,,,,,,,,,,,1.1,0.34,1597.0,20465.0,36.02,1.4,15.58,,,105.73,2488.0,35.0,388.0,,,,,,,,,,,,,
048830,엔피케이,2026-07-08 05:27,2025.12,2026.12,2026.03,2026.06,15.68,0.38,60.0,2473.0,2.48,1.21,1.35,3.17,49.6,50.46,838.0,10.0,11.0,,,,,,,,,,,,,,22.89,0.41,-26.0,2493.0,1.85,-1.27,-2.19,3.17,43.99,64.74,222.0,-3.0,-5.0,,,,,,,,,,,,,
255220,SG,2026-07-08 05:27,2025.12,2026.12,2026.03,2026.06,-119.58,2.3,-22.0,1130.0,-2.2,0.74,-2.4,,,119.61,1022.0,8.0,-25.0,,,,,,,,,,,,,,-19.14,2.35,-93.0,1108.0,-13.41,-67.42,-111.93,,,93.7,90.0,-60.0,-100.0,,,,,,,,,,,,,
038070,서린바이오,2026-07-08 05:27,2025.12,2026.12,2026.03,2026.06,82.72,0.68,79.0,9540.0,0.87,0.9,0.74,1.5,117.86,38.05,771.0,7.0,6.0,,,,,,,,,,,,,,108.95,0.64,18.0,9470.0,0.62,0.89,0.78,1.5,-242.54,39.93,195.0,2.0,2.0,,,,,,,,,,,,,
115450,HLB테라퓨틱스,2026-07-08 05:27,2025.12,2026.12,2026.03,2026.06,-27.42,1.68,-104.0,1704.0,-6.0,-5.08,-13.9,,-56.03,31.51,696.0,-35.0,-97.0,,,,,,,,,,,,,,-28.4,1.7,-49.0,1716.0,-5.96,-24.8,-34.11,,,30.31,130.0,-32.0,-44.0,,,,,,,,,,,,,
023910,대한약품,2026-07-08 05:27,2025.12,2026.12,2026.03,2026.06,6.35,0.57,4607.0,51057.0,9.59,14.95,13.25,3.42,21.27,15.8,2086.0,312.0,276.0,,,,,,,,,,,,,,6.31,0.55,1163.0,51218.0,9.31,14.91,13.24,3.42,115.85,17.18,527.0,79.0,70.0,,,,,,,,,,,,,
027830,대성창투,2026-07-08 05:27,2025.12,2026.12,2026.03,2026.06,271.17,0.86,6.0,1835.0,0.32,8.61,3.4,,,0.54,93.0,8.0,3.0,,,,,,,,,,,,,,352.59,0.78,4.0,1839.0,0.22,-24.65,16.22,,,0.57,14.0,-3.0,2.0,,,,,,,,,,,,,
289080,SV인베스트먼트,2026-07-08 05:27,2026.03,2027.03,2026.03,2026.06,-205.08,2.95,-18.0,1287.0,-1.44,-12.68,-4.67,0.53,-108.5,32.55,214.0,-27.0,-10.0,,,,,,,,,,,,,,-205.08,2.95,7.0,1287.0,-1.44,5.42,6.59,0.53,274.58,32.55,60.0,3.0,4.0,,,,,,,,,,,,,
277070,린드먼아시아,2026-07-08 05:27,2025.12,2026.12,2026.03,2026.06,22.81,1.03,218.0,4823.0,5.01,48.48,40.22,5.02,104.47,9.34,74.0,36.0,30.0,,,,,,,,,,,,,,16.08,0.87,70.0,4652.0,5.9,45.67,41.07,5.02,320.13,14.38,23.0,11.0,10.0,,,,,,,,,,,,,
016600,큐캐피탈,2026-07-08 05:27,2025.12,2026.12,2026.03,2026.06,18.1,0.31,171.0,9942.0,1.75,18.84,12.16,,,31.17,201.0,38.0,24.0,,,,,,,,,,,,,,22.04,0.35,12.0,9949.0,1.6,2.43,4.32,,,29.79,38.0,1.0,2.0,,,,,,,,,,,,,
019570,플루토스,2026-07-08 05:27,2025.12,2026.12,2026.03,2026.06,6.25,0.44,43.0,609.0,7.29,25.7,22.14,,,77.41,129.0,33.0,29.0,,,,,,,,,,,,,,674.71,0.64,-46.0,563.0,0.1,-91.71,-94.19,,,77.86,33.0,-31.0,-31.0,,,,,,,,,,,,,
053980,오상자이엘,2026-07-08 05:27,2025.12,2026.12,2026.03,2026.06,6.28,0.6,546.0,5750.0,9.73,8.07,7.61,4.37,27.45,34.76,1364.0,110.0,104.0,,,,,,,,,,,,,,6.18,0.53,118.0,5793.0,8.9,7.93,7.83,4.37,158.39,45.67,285.0,23.0,22.0,,,,,,,,,,,,,
286750,나노실리칸첨단소재,2026-07-08 05:27,2025.12,2026.12,2026.03,2026.06,-7.9,2.1,-228.0,856.0,-25.42,-110.11,-93.09,,,64.01,60.0,-66.0,-56.0,,,,,,,,,,,,,,-5.58,1.44,-44.0,812.0,-27.62,-68.27,-71.46,,,86.8,20.0,-14.0,-14.0,,,,,,,,,,,,,
038460,바이오스마트,2026-07-08 05:27,2025.12,2026.12,2026.03,2026.06,11.33,0.68,344.0,5697.0,6.59,4.67,1.86,,,65.13,4828.0,226.0,90.0,,,,,,,,,,,,,,9.16,0.66,178.0,6098.0,8.17,6.93,4.94,,,63.41,1453.0,101.0,72.0,,,,,,,,,,,,,
006840,AK홀딩스,2026-07-08 05:27,2025.12,2026.12,2026.03,2026.06,-0.97,0.28,-9008.0,31492.0,-25.49,-4.57,-5.4,4.15,-48.07,432.2,32357.0,-1479.0,-1747.0,,,,,,,,,,,,,,-7.24,0.21,8110.0,38936.0,-2.86,7.17,12.91,,,467.79,9377.0,672.0,1210.0,,,,,,,,,,,,,
007210,벽산,2026-07-08 05:27,2025.12,2026.12,2026.03,2026.06,5.12,0.32,340.0,5403.0,7.84,3.81,4.48,1.72,7.37,76.3,6107.0,233.0,274.0,,,,,,,,,,,,,,4.72,0.34,17.0,5407.0,8.91,3.36,1.1,1.72,87.14,83.68,1392.0,47.0,15.0,,,,,,,,,,,,,
000860,강남제비스코,2026-07-08 05:27,2025.12,2026.12,2026.03,2026.06,-62.14,0.27,-207.0,47663.0,-0.43,1.39,0.15,1.95,-120.89,37.42,5986.0,83.0,9.0,,,,,,,,,,,,,,-44.91,0.29,-185.0,47388.0,-0.65,0.59,-1.0,1.95,-62.87,41.23,1469.0,9.0,-15.0,,,,,,,,,,,,,
004910,조광페인트,2026-07-08 05:27,2025.12,2026.12,2026.03,2026.06,-6.24,0.24,-808.0,20669.0,-5.15,-9.62,-5.1,3.97,-19.8,104.15,2027.0,-195.0,-103.0,,,,,,,,,,,,,,-3.79,0.24,-358.0,20085.0,-8.13,-13.37,-9.88,3.97,-51.36,112.62,464.0,-62.0,-46.0,,,,,,,,,,,,,
000910,유니온,2026-07-08 05:27,2025.12,2026.12,2026.03,2026.06,2.79,0.61,1496.0,6907.0,24.46,2.72,12.63,2.99,8.36,157.34,2024.0,55.0,256.0,,,,,,,,,,,,,,1.31,0.5,2024.0,8769.0,47.05,-1.57,70.91,2.99,15.35,140.12,452.0,-7.0,321.0,,,,,,,,,,,,,
223250,드림씨아이에스,2026-07-08 05:27,2025.12,2026.12,2026.03,2026.06,21.31,1.99,299.0,3211.0,9.87,7.86,11.27,,,88.63,666.0,52.0,75.0,,,,,,,,,,,,,,18.19,1.46,-5.0,3206.0,8.34,3.09,-1.48,,,84.77,174.0,5.0,-3.0,,,,,,,,,,,,,
087600,픽셀플러스,2026-07-08 05:27,2025.12,2026.12,2026.03,2026.06,-15.65,0.49,-404.0,12998.0,-3.83,-13.18,-7.72,,,26.31,427.0,-56.0,-33.0,,,,,,,,,,,,,,-13.52,0.47,-140.0,12825.0,-4.23,-16.85,-9.42,,,26.01,121.0,-20.0,-11.0,,,,,,,,,,,,,
303530,이노뎁,2026-07-08 05:27,2025.12,2026.12,2026.03,2026.06,-13.43,1.14,-411.0,4859.0,-8.4,-4.09,-4.26,,,101.21,707.0,-29.0,-30.0,,,,,,,,,,,,,,-11.77,0.91,-417.0,4429.0,-7.73,-42.83,-35.9,,,103.75,85.0,-36.0,-31.0,,,,,,,,,,,,,
264850,이랜시스,2026-07-08 05:27,2025.12,2026.12,2026.03,2026.06,48.93,3.85,140.0,1780.0,8.01,5.59,6.1,0.73,35.72,23.41,696.0,39.0,42.0,,,,,,,,,,,,,,36.76,3.05,58.0,1811.0,8.53,6.15,9.19,0.73,158.36,26.4,191.0,12.0,18.0,,,,,,,,,,,,,
446840,지슨,2026-07-08 05:27,2025.12,2026.12,2026.03,2026.06,-9.39,13.22,-194.0,138.0,-170.85,-58.82,-94.98,,,155.28,113.0,-66.0,-107.0,13.56,5.0,78.0,212.0,44.7,17.09,15.75,,,,273.0,47.0,43.0,-7.86,12.28,-34.0,109.0,-148.81,-76.8,-76.02,,,189.55,25.0,-19.0,-19.0,,,29.0,,,23.19,23.19,,,,69.0,16.0,16.0
143160,아이디스,2026-07-08 05:27,2025.12,2026.12,2026.03,2026.06,11.36,0.74,1591.0,24487.0,7.33,6.48,7.11,2.21,22.71,32.87,3276.0,212.0,233.0,,,,,,,,,,,,,,11.78,0.73,270.0,24583.0,7.04,4.32,7.21,2.21,58.3,37.3,788.0,34.0,57.0,,,,,,,,,,,,,
489790,한화비전,2026-07-08 05:27,2025.12,2026.12,2026.03,2026.06,49.72,2.61,903.0,17188.0,5.4,9.06,2.38,,,108.88,17909.0,1623.0,426.0,17.57,2.47,2811.0,19975.0,15.16,9.62,7.15,,,,19707.0,1897.0,1409.0,105.29,4.13,-276.0,17195.0,4.02,5.0,-3.18,,,150.95,4414.0,221.0,-140.0,,,790.0,,,9.64,12.47,,,,5011.0,483.0,625.0
140430,카티스,2026-07-08 05:27,2025.12,2026.12,2026.03,2026.06,-130.68,1.14,-33.0,3789.0,-0.98,-1.92,-1.26,,,62.66,279.0,-5.0,-4.0,,,,,,,,,,,,,,-52.52,0.82,-112.0,3674.0,-1.76,-58.53,-49.31,,,58.5,24.0,-14.0,-12.0,,,,,,,,,,,,,
424760,벨로크,2026-07-08 05:27,2025.12,2026.12,2026.03,2026.06,9.61,0.74,216.0,2813.0,8.09,2.48,6.01,,,30.15,354.0,9.0,21.0,,,,,,,,,,,,,,14.71,0.95,-135.0,2689.0,6.77,-33.25,-33.95,,,18.28,39.0,-13.0,-13.0,,,,,,,,,,,,,
039440,에스티아이,2026-07-08 05:27,2025.12,2026.12,2026.03,2026.06,31.26,1.62,974.0,18772.0,5.63,6.01,4.7,0.49,14.87,27.63,3281.0,197.0,154.0,5.44,,4901.0,,,13.49,13.65,,,,5567.0,751.0,760.0,25.61,1.5,329.0,18978.0,6.34,0.49,6.92,0.49,30.91,23.39,738.0,4.0,51.0,,,,,,5.44,,,,,827.0,45.0,
090360,로보스타,2026-07-08 05:27,2025.12,2026.12,2026.03,2026.06,-150.17,9.0,-533.0,8904.0,-5.82,-7.47,-6.87,,,25.72,757.0,-57.0,-52.0,,,,,,,,,,,,,,-265.19,6.22,96.0,9006.0,-2.32,0.29,3.71,,,27.02,251.0,1.0,9.0,,,,,,,,,,,,,
474650,링크솔루션,2026-07-08 05:27,2025.12,2026.12,2026.03,2026.06,-44.68,8.84,-1343.0,6788.0,-23.14,-56.21,-53.22,,,72.92,131.0,-74.0,-70.0,,,,,,,,,,,,,,-44.68,9.37,-623.0,6017.0,-23.14,-235.28,-243.07,,,88.61,16.0,-37.0,-38.0,,,,,,,,,,,,,
033200,모아텍,2026-07-08 05:27,2026.03,2027.03,2026.03,2026.06,-73.52,0.46,-46.0,7460.0,-0.96,-3.97,-1.54,,,12.74,426.0,-17.0,-7.0,,,,,,,,,,,,,,-73.52,0.46,-4.0,7460.0,-0.96,-2.09,-0.49,,,12.74,121.0,-3.0,-1.0,,,,,,,,,,,,,
048770,TPC로보틱스,2026-07-08 05:27,2025.12,2026.12,2026.03,2026.06,-18.6,1.31,-163.0,2317.0,-6.61,-2.67,-2.92,0.33,-3.04,185.36,863.0,-23.0,-25.0,,,,,,,,,,,,,,-44.2,1.34,-18.0,2320.0,-2.91,-0.03,-1.37,0.33,8.43,206.4,239.0,-0.0,-3.0,,,,,,,,,,,,,
077500,유니퀘스트,2026-07-08 05:27,2025.12,2026.12,2026.03,2026.06,6.91,0.58,955.0,11427.0,8.61,5.03,2.64,3.03,20.95,110.34,7300.0,367.0,193.0,,,,,,,,,,,,,,5.29,0.47,416.0,11999.0,9.29,6.83,5.24,3.03,216.56,107.16,1690.0,115.0,88.0,,,,,,,,,,,,,
486990,노타,2026-07-08 05:27,2025.12,2026.12,2026.03,2026.06,-47.33,35.96,-978.0,1288.0,77.24,-116.63,-126.94,,,54.01,131.0,-153.0,-166.0,-82.81,20.14,-253.0,1040.0,-21.75,-17.22,-20.0,,,,270.0,-46.0,-54.0,-41.02,28.25,-188.0,1118.0,77.24,-117.1,-112.02,,,49.9,36.0,-42.0,-40.0,,,,,,,,,,,,,
330860,네패스아크,2026-07-08 05:27,2025.12,2026.12,2026.03,2026.06,60.63,1.23,280.0,13841.0,2.04,4.17,2.99,,,72.89,1141.0,48.0,34.0,22.86,2.14,1428.0,15282.0,9.81,20.47,13.23,,,,1316.0,269.0,174.0,38.1,1.61,216.0,14058.0,4.32,16.74,8.79,,,68.4,299.0,50.0,26.0,,,279.0,,,18.1,10.43,,,,326.0,59.0,34.0
377480,마음AI,2026-07-08 05:27,2025.12,2026.12,2026.03,2026.06,-16.97,5.14,-1096.0,3622.0,-38.67,-65.15,-78.28,,,108.05,98.0,-64.0,-77.0,,,,,,,,,,,,,,-17.65,4.15,-304.0,3315.0,-25.09,-121.97,-128.5,,,120.36,17.0,-21.0,-22.0,,,,,,,,,,,,,
094360,칩스앤미디어,2026-07-08 05:27,2025.12,2026.12,2026.03,2026.06,64.39,4.38,280.0,4120.0,7.39,24.46,20.8,0.64,40.18,25.79,285.0,70.0,59.0,28.02,3.28,452.0,3861.0,11.77,25.32,31.37,,,,314.0,80.0,98.0,40.95,3.74,61.0,4079.0,9.89,3.12,22.39,0.64,65.59,25.7,58.0,2.0,13.0,,,89.0,,,22.84,25.38,,,,73.0,17.0,18.0
200470,에이팩트,2026-07-08 05:27,2025.12,2026.12,2026.03,2026.06,55.04,4.1,123.0,1657.0,8.33,4.75,4.71,,,159.09,1110.0,53.0,52.0,,,,,,,,,,,,,,57.81,4.11,-77.0,1578.0,8.05,-6.27,-10.73,,,180.33,305.0,-19.0,-33.0,,,,,,,,,,,,,
222800,심텍,2026-07-08 05:27,2025.12,2026.12,2026.03,2026.06,-9.96,3.2,-4955.0,15419.0,-32.1,0.84,-11.67,0.2,-2.27,181.13,14106.0,119.0,-1646.0,32.27,6.25,3673.0,18958.0,21.4,9.0,7.29,,,,19063.0,1715.0,1390.0,-14.35,2.97,391.0,15977.0,-22.7,3.25,3.42,0.2,-3.2,181.91,4224.0,137.0,144.0,,,990.0,,,9.4,5.61,,,,4631.0,435.0,260.0
405100,큐알티,2026-07-08 05:27,2025.12,2026.12,2026.03,2026.06,67.52,2.08,235.0,7641.0,3.22,6.95,4.2,3.02,193.78,74.23,689.0,48.0,29.0,14.74,1.43,773.0,7986.0,10.4,14.77,10.91,,,,870.0,128.0,95.0,34.66,2.02,218.0,7351.0,6.16,14.59,13.11,3.02,1816.46,79.77,204.0,30.0,27.0,,,216.0,,,15.19,12.95,,,,205.0,31.0,26.0
080220,제주반도체,2026-07-08 05:27,2025.12,2026.12,2026.03,2026.06,22.97,3.91,1147.0,6742.0,19.21,11.87,13.07,,,47.94,3022.0,359.0,395.0,,,,,,,,,,,,,,10.68,3.87,2267.0,9059.0,45.66,37.19,43.25,,,74.99,1805.0,671.0,781.0,,,,,,,,,,,,,
200710,에이디테크놀로지,2026-07-08 05:27,2025.12,2026.12,2026.03,2026.06,126.14,3.24,268.0,10456.0,2.71,1.73,2.17,,,115.93,1645.0,29.0,36.0,19.56,1.78,1549.0,17009.0,11.71,8.08,7.71,,,,2588.0,209.0,200.0,109.87,4.55,46.0,10551.0,4.41,-0.99,0.99,,,129.53,360.0,-4.0,4.0,,,238.0,,,5.68,5.07,,,,572.0,32.0,29.0
432720,퀄리타스반도체,2026-07-08 05:27,2025.12,2026.12,2026.03,2026.06,-9.15,5.86,-1643.0,2568.0,-53.09,-457.41,-431.59,,,128.64,54.0,-245.0,-231.0,,,,,,,,,,,,,,-8.44,5.92,-294.0,2276.0,-57.6,-91.98,-80.73,,,143.47,52.0,-47.0,-42.0,,,,,,,,,,,,,
057680,티사이언티픽,2026-07-08 05:27,2025.12,2026.12,2026.03,2026.06,-45.38,0.34,-90.0,11951.0,-0.83,0.73,-4.4,,,19.17,364.0,3.0,-16.0,,,,,,,,,,,,,,38.93,0.27,-70.0,11882.0,0.77,-16.95,-16.99,,,16.79,62.0,-10.0,-10.0,,,,,,,,,,,,,
208860,다산디엠씨,2026-07-08 05:27,2025.12,2026.12,2026.03,2026.06,-6.98,0.92,-215.0,1638.0,-13.05,2.43,-5.92,,,102.91,1137.0,28.0,-67.0,,,,,,,,,,,,,,-7.84,0.76,64.0,1713.0,-13.05,3.71,6.56,,,96.8,330.0,12.0,22.0,,,,,,,,,,,,,
189690,포시에스,2026-07-08 05:27,2025.06,2026.06,2026.03,2026.06,15.01,0.88,167.0,2850.0,6.1,13.38,13.82,2.0,28.97,7.36,329.0,44.0,45.0,,,,,,,,,,,,,,8.15,0.63,54.0,3049.0,8.32,-0.82,24.48,2.0,11163.53,4.29,60.0,-0.0,15.0,,,,,,,,,,,,,
321820,아티스트컴퍼니,2026-07-08 05:27,2025.12,2026.12,2026.03,2026.06,48.28,1.55,84.0,2619.0,4.12,-8.49,2.4,,,80.83,467.0,-40.0,11.0,,,,,,,,,,,,,,36.26,1.49,-109.0,2507.0,3.47,-19.46,-23.26,,,74.26,74.0,-14.0,-17.0,,,,,,,,,,,,,
140670,알에스오토메이션,2026-07-08 05:27,2025.12,2026.12,2026.03,2026.06,-41.58,3.58,-393.0,4565.0,-9.37,-5.31,-5.95,,,57.16,670.0,-36.0,-40.0,,,,,,,,,,,,,,-48.13,3.59,-66.0,4452.0,-8.7,-6.74,-5.13,,,55.08,166.0,-11.0,-9.0,,,,,,,,,,,,,
232680,라온로보틱스,2026-07-08 05:27,2025.12,2026.12,2026.03,2026.06,49.41,4.85,294.0,2998.0,10.85,7.34,6.86,1.37,64.59,87.21,538.0,40.0,37.0,,,,,,,,,,,,,,34.67,3.76,104.0,3581.0,12.71,6.1,9.48,1.37,126.57,58.01,142.0,9.0,13.0,,,,,,,,,,,,,
381620,제닉스로보틱스,2026-07-08 05:27,2025.12,2026.12,2026.03,2026.06,-22.53,3.37,-558.0,3730.0,-13.87,-54.33,-32.31,1.31,21.7,51.03,227.0,-123.0,-73.0,,,,,,,,,,,,,,5087.27,2.35,-183.0,3559.0,0.04,-71.99,-55.55,,,58.94,43.0,-31.0,-24.0,,,,,,,,,,,,,
290090,트윔,2026-07-08 05:27,2025.12,2026.12,2026.03,2026.06,-19.76,0.83,-379.0,8992.0,-4.36,-19.41,-14.74,8.57,122.17,10.31,210.0,-41.0,-31.0,,,,,,,,,,,,,,-17.87,0.68,-41.0,8956.0,-3.93,-56.51,-13.82,,,10.79,29.0,-17.0,-4.0,,,,,,,,,,,,,
282880,코윈테크,2026-07-08 05:27,2025.12,2026.12,2026.03,2026.06,110.23,1.07,145.0,15003.0,0.97,-16.45,-11.39,1.22,132.13,67.22,1547.0,-254.0,-176.0,7.77,0.63,1334.0,16399.0,8.65,7.13,8.23,,,,2273.0,162.0,187.0,28.86,0.88,390.0,15223.0,3.08,-2.61,10.59,1.22,-347.36,69.88,398.0,-10.0,42.0,,,410.0,,,10.61,8.89,,,,641.0,68.0,57.0
322180,LS티라유텍,2026-07-08 05:27,2025.12,2026.12,2026.03,2026.06,-20.35,2.45,-380.0,3158.0,-15.4,-7.28,-19.36,,,58.86,589.0,-43.0,-114.0,,,,,,,,,,,,,,-18.92,2.61,-106.0,2597.0,-15.62,-18.6,-19.61,,,73.83,140.0,-26.0,-27.0,,,,,,,,,,,,,
059120,아진엑스텍,2026-07-08 05:27,2025.12,2026.12,2026.03,2026.06,106.77,2.04,43.0,2253.0,2.05,3.91,3.4,,,9.65,246.0,10.0,8.0,,,,,,,,,,,,,,61.18,3.03,12.0,2264.0,5.31,2.68,2.85,,,11.94,74.0,2.0,2.0,,,,,,,,,,,,,
319400,현대무벡스,2026-07-08 05:27,2025.12,2026.12,2026.03,2026.06,190.28,12.91,99.0,1455.0,6.79,4.62,2.87,0.27,48.76,76.81,3939.0,182.0,113.0,149.37,14.19,153.0,1607.0,10.08,4.53,3.66,,,,4640.0,210.0,170.0,265.79,16.92,-2.0,1410.0,6.66,-0.85,-0.24,0.27,461.3,104.31,750.0,-6.0,-2.0,,,,,,,,,,,,,
098460,고영,2026-07-08 05:27,2025.12,2026.12,2026.03,2026.06,106.55,4.51,215.0,5079.0,4.48,7.45,6.34,0.61,62.77,22.43,2326.0,173.0,148.0,41.34,5.08,688.0,5600.0,13.34,14.19,15.49,,,,3038.0,431.0,470.0,61.66,4.7,228.0,5198.0,8.27,13.54,21.56,0.61,118.79,26.8,727.0,99.0,157.0,,,137.0,,,13.68,12.81,,,,728.0,100.0,93.0
004380,삼익THK,2026-07-08 05:27,2025.12,2026.12,2026.03,2026.06,-6.06,1.71,-2146.0,7604.0,-25.26,-15.96,-20.25,0.38,-2.14,149.52,2222.0,-355.0,-450.0,,,,,,,,,,,,,,-6.41,1.77,-202.0,7360.0,-24.75,-5.83,-6.4,0.38,-25.5,162.32,654.0,-38.0,-42.0,,,,,,,,,,,,,
008930,한미사이언스,2026-07-08 05:27,2025.12,2026.12,2026.03,2026.06,20.94,2.55,1731.0,14205.0,13.13,10.22,8.67,0.83,17.17,55.24,13570.0,1387.0,1177.0,,,,,,,,,,,,,,18.65,2.51,624.0,14761.0,14.71,8.94,11.26,0.83,63.01,49.48,3756.0,336.0,423.0,,,,,,,,,,,,,
008250,이건산업,2026-07-08 05:27,2025.12,2026.12,2026.03,2026.06,-3.62,0.27,-1295.0,17234.0,-7.25,-1.29,-4.77,2.13,-7.21,111.92,2973.0,-38.0,-142.0,,,,,,,,,,,,,,-3.09,0.22,-47.0,17573.0,-6.9,1.76,-0.78,2.13,-10.36,108.79,651.0,11.0,-5.0,,,,,,,,,,,,,
039020,이건홀딩스,2026-07-08 05:27,2025.12,2026.12,2026.03,2026.06,-20.12,0.53,-216.0,8206.0,-2.58,-0.28,-2.53,1.15,-22.22,104.7,4471.0,-12.0,-113.0,,,,,,,,,,,,,,-10.47,0.37,-3.0,8234.0,-3.51,3.21,-0.36,1.15,-56.36,108.35,1011.0,32.0,-4.0,,,,,,,,,,,,,
446070,유니드비티플러스,2026-07-08 05:27,2025.12,2026.12,2026.03,2026.06,-9.23,0.19,-373.0,18087.0,-2.05,-5.81,-2.51,2.24,12.84,14.82,1575.0,-92.0,-40.0,,,,,,,,,,,,,,-5.4,0.17,-138.0,17941.0,-3.08,-4.74,-3.63,,,15.92,403.0,-19.0,-15.0,,,,,,,,,,,,,
171120,라이온켐텍,2026-07-08 05:27,2025.12,2026.12,2026.03,2026.06,9.3,0.56,237.0,3936.0,6.28,8.73,6.52,4.55,41.54,20.28,1303.0,114.0,85.0,,,,,,,,,,,,,,4.96,0.52,128.0,3980.0,11.06,11.44,12.54,4.55,143.81,19.11,366.0,42.0,46.0,,,,,,,,,,,,,
163280,에어레인,2026-07-08 05:27,2025.12,2026.12,2026.03,2026.06,37.46,1.28,173.0,5063.0,4.21,11.0,9.97,,,61.68,281.0,31.0,28.0,,,,,,,,,,,,,,25.36,1.12,131.0,5194.0,5.24,18.26,28.15,,,61.07,63.0,12.0,18.0,,,,,,,,,,,,,
093370,후성,2026-07-08 05:27,2025.12,2026.12,2026.03,2026.06,152.05,2.42,50.0,3118.0,1.61,5.38,1.49,,,112.53,4716.0,254.0,70.0,64.35,4.06,206.0,3262.0,6.46,8.89,4.77,,,,5928.0,527.0,283.0,-164.82,2.19,-93.0,3201.0,-1.38,6.55,-5.12,,,110.22,1414.0,93.0,-72.0,,,138.0,,,10.34,11.08,,,,1480.0,153.0,164.0
220260,켐트로스,2026-07-08 05:27,2025.12,2026.12,2026.03,2026.06,-16.71,3.62,-446.0,2061.0,-19.51,1.85,-20.84,,,126.97,568.0,10.0,-118.0,,,,,,,,,,,,,,-36.96,1.7,279.0,3033.0,-4.66,12.64,48.73,,,31.36,174.0,22.0,85.0,,,,,,,,,,,,,
086520,에코프로,2026-07-08 05:27,2025.12,2026.12,2026.03,2026.06,-82.31,6.22,-1103.0,14608.0,-8.39,6.26,-3.09,0.17,-13.56,117.92,34130.0,2138.0,-1055.0,,,,,,,,,,,,,,308.62,8.59,1550.0,16243.0,3.26,6.89,28.91,0.17,-10.68,119.98,8183.0,564.0,2365.0,,,,,,,,,,,,,
036170,에이치엠넥스,2026-07-08 05:27,2025.12,2026.12,2026.03,2026.06,4.71,0.37,178.0,2239.0,8.43,7.47,34.41,,,20.69,317.0,24.0,109.0,,,,,,,,,,,,,,25.22,2.12,44.0,2285.0,8.43,7.5,23.32,,,20.93,116.0,9.0,27.0,,,,,,,,,,,,,
001460,BYC,2026-07-08 05:27,2025.12,2026.12,2026.03,2026.06,18.06,0.61,2331.0,68788.0,3.52,16.29,12.01,0.95,16.76,37.92,1632.0,266.0,196.0,,,,,,,,,,,,,,18.7,0.67,510.0,68984.0,3.72,15.39,11.8,0.95,38.84,38.37,363.0,56.0,43.0,,,,,,,,,,,,,
204020,그리티,2026-07-08 05:27,2025.12,2026.12,2026.03,2026.06,9.2,0.5,238.0,4344.0,5.67,3.89,2.33,5.25,47.34,70.47,2017.0,79.0,47.0,,,,,,,,,,,,,,11.65,0.46,-19.0,4267.0,4.08,1.53,-0.97,5.25,-552.69,81.94,384.0,6.0,-4.0,,,,,,,,,,,,,
084870,TBH글로벌,2026-07-08 05:27,2025.12,2026.12,2026.03,2026.06,28.53,0.41,42.0,2972.0,1.45,1.73,0.85,4.13,115.64,68.02,1824.0,32.0,16.0,,,,,,,,,,,,,,39.83,0.74,-122.0,2861.0,1.92,-1.92,-5.14,4.13,36.48,83.3,473.0,-9.0,-24.0,,,,,,,,,,,,,
267790,배럴,2026-07-08 05:27,2025.12,2026.12,2026.03,2026.06,8.08,0.73,469.0,5198.0,9.48,11.23,7.28,1.98,16.87,72.49,592.0,66.0,43.0,,,,,,,,,,,,,,7.89,0.66,-4.0,5117.0,8.73,4.2,-0.32,1.98,-83.83,69.95,101.0,4.0,-0.0,,,,,,,,,,,,,
033340,좋은사람들,2026-07-08 05:27,2025.12,2026.12,2026.03,2026.06,-11.85,2.84,-142.0,592.0,-24.09,-8.38,-18.91,,,48.03,726.0,-61.0,-137.0,,,,,,,,,,,,,,-12.27,2.83,-15.0,577.0,-23.41,-9.5,-9.68,,,63.63,153.0,-15.0,-15.0,,,,,,,,,,,,,
047770,코데즈컴바인,2026-07-08 05:27,2025.12,2026.12,2026.03,2026.06,24.33,1.53,117.0,1855.0,6.5,6.08,11.23,,,28.46,397.0,24.0,45.0,,,,,,,,,,,,,,38.06,2.16,28.0,1883.0,5.85,8.01,11.25,,,27.24,98.0,8.0,11.0,,,,,,,,,,,,,
093520,매커스,2026-07-08 05:27,2025.12,2026.12,2026.03,2026.06,14.58,1.52,1505.0,14459.0,19.3,12.8,10.17,5.47,45.24,86.37,2272.0,291.0,231.0,7.99,1.01,2120.0,16847.0,20.03,14.19,11.29,,,,2382.0,338.0,269.0,14.65,1.62,513.0,13832.0,19.7,16.44,13.13,5.47,215.59,112.1,553.0,91.0,73.0,,,,,,15.08,,,,,577.0,87.0,
086390,유니테스트,2026-07-08 05:27,2025.12,2026.12,2026.03,2026.06,-13.81,2.85,-984.0,4773.0,-19.3,-19.14,-20.36,1.12,45.18,82.27,1102.0,-211.0,-224.0,12.08,1.99,961.0,5818.0,18.85,11.17,9.93,,,,2140.0,239.0,212.0,-19.6,3.31,-27.0,4766.0,-16.14,-11.31,-3.51,,,96.28,224.0,-25.0,-8.0,,,57.0,,,9.93,2.43,,,,494.0,49.0,12.0
109610,에스와이,2026-07-08 05:27,2025.12,2026.12,2026.03,2026.06,-10.56,0.84,-289.0,3640.0,-8.24,-1.32,-3.16,1.64,-16.9,93.15,5016.0,-66.0,-159.0,,,,,,,,,,,,,,-9.39,0.75,-69.0,3511.0,-7.81,-0.96,-3.1,1.44,-70.74,105.67,1263.0,-12.0,-39.0,,,,,,,,,,,,,
183300,코미코,2026-07-08 05:27,2025.12,2026.12,2026.03,2026.06,18.55,6.6,2427.0,13402.0,18.52,18.37,12.78,1.58,28.32,178.59,6041.0,1110.0,772.0,24.45,4.77,3173.0,16262.0,21.8,17.92,13.76,,,,7194.0,1289.0,990.0,23.2,7.74,538.0,13862.0,17.76,13.02,10.92,1.58,97.36,214.45,1571.0,204.0,172.0,,,,,,19.07,,,,,1730.0,330.0,
104040,디에스엠,2026-07-08 05:27,2025.12,2026.12,2026.03,2026.06,27.42,0.84,131.0,4293.0,2.38,-27.83,7.08,,,101.99,285.0,-79.0,20.0,,,,,,,,,,,,,,-4.86,0.79,-146.0,4161.0,-17.02,-26.58,-31.23,,,140.04,125.0,-33.0,-39.0,,,,,,,,,,,,,
058730,다스코,2026-07-08 05:27,2025.12,2026.12,2026.03,2026.06,-13.06,0.41,-256.0,8064.0,-3.41,0.76,-2.55,2.35,12.82,136.13,2732.0,21.0,-70.0,,,,,,,,,,,,,,-8.38,0.48,-293.0,7471.0,-5.83,-9.81,-9.78,,,147.55,595.0,-58.0,-58.0,,,,,,,,,,,,,
000850,화천기공,2026-07-08 05:27,2025.12,2026.12,2026.03,2026.06,7.03,0.24,5173.0,154300.0,3.36,1.9,5.13,3.58,25.13,23.85,2218.0,42.0,114.0,,,,,,,,,,,,,,5.41,0.23,2151.0,155600.0,4.29,3.39,8.58,3.58,336.03,28.36,552.0,19.0,47.0,,,,,,,,,,,,,
003570,SNT다이내믹스,2026-07-08 05:27,2025.12,2026.12,2026.03,2026.06,25.17,1.27,1852.0,36680.0,7.43,12.0,8.65,3.86,67.07,41.74,7120.0,855.0,616.0,13.08,0.92,2734.0,38779.0,10.15,13.88,11.25,,,,8077.0,1121.0,909.0,25.08,1.29,609.0,37346.0,7.65,11.83,11.25,0.83,47.2,40.71,1799.0,213.0,202.0,,,,,,,,,,,,,
101680,한국정밀기계,2026-07-08 05:27,2025.12,2026.12,2026.03,2026.06,-2.36,0.56,-962.0,4043.0,-21.36,-24.62,-26.45,,,109.07,306.0,-75.0,-81.0,,,,,,,,,,,,,,-3.37,0.72,-175.0,3892.0,-19.63,-33.73,-32.78,,,138.98,45.0,-15.0,-15.0,,,,,,,,,,,,,
025890,한국주강,2026-07-08 05:27,2025.12,2026.12,2026.03,2026.06,-70.06,0.6,-26.0,2986.0,-0.86,-0.44,-0.73,,,15.1,399.0,-2.0,-3.0,,,,,,,,,,,,,,-59.01,0.64,1.0,3047.0,-1.11,0.67,0.17,,,25.81,88.0,1.0,0.0,,,,,,,,,,,,,
129920,대성하이텍,2026-07-08 05:27,2025.12,2026.12,2026.03,2026.06,-10.08,0.93,-394.0,4260.0,-8.73,-2.41,-6.49,,,197.26,952.0,-23.0,-62.0,,,,,,,,,,,,,,-8.88,4.06,-1059.0,3207.0,-38.09,0.24,-90.74,,,363.76,176.0,0.0,-160.0,,,,,,,,,,,,,
052600,한네트,2026-07-08 05:27,2025.12,2026.12,2026.03,2026.06,12.33,1.13,316.0,3434.0,9.44,16.3,13.6,4.63,57.04,29.78,268.0,44.0,36.0,,,,,,,,,,,,,,10.96,1.1,88.0,3339.0,10.3,17.79,15.38,4.63,219.86,35.31,66.0,12.0,10.0,,,,,,,,,,,,,
053160,프리엠스,2026-07-08 05:27,2025.12,2026.12,2026.03,2026.06,45.34,0.51,150.0,13288.0,1.42,1.68,3.88,1.91,77.54,12.62,231.0,4.0,9.0,,,,,,,,,,,,,,-67.23,0.47,-163.0,14596.0,-0.94,-0.66,-19.75,1.91,-265.24,12.19,50.0,-0.0,-10.0,,,,,,,,,,,,,
115500,케이씨에스,2026-07-08 05:27,2025.12,2026.12,2026.03,2026.06,46.39,5.96,211.0,1640.0,13.11,8.3,10.17,1.84,85.46,40.81,249.0,21.0,25.0,,,,,,,,,,,,,,38.64,5.71,26.0,1490.0,15.26,4.69,6.16,1.84,192.94,40.62,51.0,2.0,3.0,,,,,,,,,,,,,
060570,드림어스컴퍼니,2026-07-08 05:27,2025.12,2026.12,2026.03,2026.06,41.2,0.74,35.0,1943.0,1.79,0.26,1.16,,,54.77,2250.0,6.0,26.0,,,,,,,,,,,,,,-35.95,0.63,1.0,1950.0,-1.71,0.3,0.22,,,41.63,486.0,1.0,1.0,,,,,,,,,,,,,
122870,와이지엔터테인먼트,2026-07-08 05:27,2025.12,2026.12,2026.03,2026.06,35.15,2.51,1974.0,27689.0,7.41,13.08,9.85,0.43,15.08,28.88,5454.0,713.0,537.0,14.42,1.44,3020.0,30269.0,10.5,13.03,11.14,,,,6020.0,784.0,671.0,27.09,1.91,256.0,27645.0,7.31,13.2,6.64,0.43,82.84,32.62,1471.0,194.0,98.0,,,547.0,,,9.96,10.05,,,,1160.0,115.0,117.0
361570,알비더블유,2026-07-08 05:27,2025.12,2026.12,2026.03,2026.06,-12.14,0.84,-144.0,2086.0,-6.88,0.36,-8.22,,,168.93,465.0,2.0,-38.0,,,,,,,,,,,,,,-14.36,0.91,6.0,2070.0,-6.36,-4.71,1.28,,,180.35,96.0,-4.0,1.0,,,,,,,,,,,,,
002720,국제약품,2026-07-08 05:27,2025.12,2026.12,2026.03,2026.06,15.97,0.93,269.0,4617.0,6.09,3.52,3.25,0.7,11.14,86.56,1755.0,62.0,57.0,,,,,,,,,,,,,,16.9,1.03,102.0,4655.0,6.33,4.48,4.88,0.7,-86.78,81.64,440.0,20.0,21.0,,,,,,,,,,,,,
011040,경동제약,2026-07-08 05:27,2025.12,2026.12,2026.03,2026.06,21.07,0.71,277.0,8234.0,3.8,3.91,4.31,5.14,97.56,40.64,1963.0,77.0,85.0,,,,,,,,,,,,,,14.44,0.66,154.0,8240.0,5.25,5.04,9.88,5.14,288.36,34.71,478.0,24.0,47.0,,,,,,,,,,,,,
048530,인트론바이오,2026-07-08 05:27,2025.12,2026.12,2026.03,2026.06,-12.38,1.47,-262.0,2210.0,-11.66,-137.69,-156.06,1.78,-123.41,6.37,57.0,-79.0,-90.0,,,,,,,,,,,,,,-15.23,1.96,-70.0,2086.0,-12.83,-115.0,-120.2,,,9.71,19.0,-22.0,-23.0,,,,,,,,,,,,,
058110,멕아이씨에스,2026-07-08 05:27,2025.12,2026.12,2026.03,2026.06,-11.92,0.8,-158.0,2365.0,-6.7,-24.69,-23.96,,,53.46,113.0,-28.0,-27.0,,,,,,,,,,,,,,-64.24,1.44,37.0,2396.0,-2.3,9.45,17.45,,,54.03,39.0,4.0,7.0,,,,,,,,,,,,,
253840,수젠텍,2026-07-08 05:27,2025.12,2026.12,2026.03,2026.06,-4.41,1.23,-1392.0,4991.0,-26.88,-199.86,-249.47,,,28.31,94.0,-188.0,-235.0,,,,,,,,,,,,,,-3.16,0.98,-255.0,4713.0,-29.46,-199.62,-183.22,,,29.67,23.0,-47.0,-43.0,,,,,,,,,,,,,
205100,엑셈,2026-07-08 05:27,2025.12,2026.12,2026.03,2026.06,21.36,1.15,92.0,1717.0,5.54,7.65,18.19,2.13,45.44,12.77,478.0,37.0,87.0,,,,,,,,,,,,,,10.25,1.03,45.0,1721.0,10.52,-19.96,29.23,2.13,36.37,10.33,112.0,-22.0,33.0,,,,,,,,,,,,,
041460,한국전자인증,2026-07-08 05:27,2025.12,2026.12,2026.03,2026.06,15.16,1.06,246.0,3523.0,7.46,18.31,12.69,2.58,37.69,33.61,367.0,67.0,47.0,,,,,,,,,,,,,,13.56,1.08,123.0,3562.0,8.62,22.99,21.26,2.58,270.41,39.67,110.0,25.0,23.0,,,,,,,,,,,,,
052400,코나아이,2026-07-08 05:27,2025.12,2026.12,2026.03,2026.06,8.88,2.52,5110.0,17996.0,32.62,28.75,24.11,2.64,23.13,116.79,3092.0,889.0,745.0,6.33,1.93,7251.0,23839.0,35.32,33.94,27.46,,,,3845.0,1305.0,1056.0,8.92,2.96,1609.0,18430.0,38.64,32.2,30.44,2.64,86.65,102.42,770.0,248.0,234.0,,,1621.0,,,34.03,,,,,861.0,293.0,
053350,이니텍,2026-07-08 05:27,2025.12,2026.12,2026.03,2026.06,29.4,0.59,139.0,6900.0,2.27,-7.3,8.63,0.62,-116.72,6.67,328.0,-24.0,28.0,,,,,,,,,,,,,,13.63,0.47,-71.0,6822.0,12.92,-12.7,-18.84,,,6.2,83.0,-11.0,-16.0,,,,,,,,,,,,,
012160,영흥,2026-07-08 05:27,2025.12,2026.12,2026.03,2026.06,-0.95,0.25,-2583.0,9968.0,-32.52,-3.04,-12.56,,,143.31,4335.0,-132.0,-545.0,,,,,,,,,,,,,,-1.03,0.28,-44.0,9985.0,-33.72,-1.49,-1.67,,,137.8,964.0,-14.0,-16.0,,,,,,,,,,,,,
008420,문배철강,2026-07-08 05:27,2025.12,2026.12,2026.03,2026.06,7.31,0.22,286.0,9503.0,3.08,-0.7,4.25,2.39,17.48,22.34,1379.0,-10.0,59.0,,,,,,,,,,,,,,6.77,0.23,62.0,9526.0,3.5,0.45,3.29,2.39,85.33,20.43,384.0,2.0,13.0,,,,,,,,,,,,,
005010,휴스틸,2026-07-08 05:27,2025.12,2026.12,2026.03,2026.06,-14.97,0.21,-268.0,18820.0,-1.38,0.57,-2.45,3.97,37.77,29.78,6125.0,35.0,-150.0,,,,,,,,,,,,,,-17.41,0.27,-76.0,19376.0,-1.55,-3.55,-2.9,,,28.39,1479.0,-53.0,-43.0,,,,,,,,,,,,,
021040,대호특수강,2026-07-08 05:27,2025.12,2026.12,2026.03,2026.06,-18.19,0.65,-72.0,2023.0,-4.08,0.85,-0.66,,,353.11,2774.0,24.0,-18.0,,,,,,,,,,,,,,-15.92,0.61,-28.0,1987.0,-4.36,-0.03,-0.97,,,353.55,667.0,-0.0,-6.0,,,,,,,,,,,,,
146060,율촌,2026-07-08 05:27,2025.12,2026.12,2026.03,2026.06,11.58,0.71,136.0,2210.0,6.49,6.41,4.64,,,102.41,793.0,51.0,37.0,,,,,,,,,,,,,,16.48,0.64,29.0,2284.0,4.04,4.59,4.53,,,114.39,198.0,9.0,9.0,,,,,,,,,,,,,
048470,대동스틸,2026-07-08 05:27,2025.12,2026.12,2026.03,2026.06,101.19,0.37,28.0,7633.0,0.39,-0.98,0.23,1.07,100.86,30.94,1192.0,-12.0,3.0,,,,,,,,,,,,,,85.19,0.43,42.0,7462.0,0.53,0.32,1.3,1.07,397.84,31.04,318.0,1.0,4.0,,,,,,,,,,,,,
012620,원일특강,2026-07-08 05:27,2025.12,2026.12,2026.03,2026.06,4.35,0.21,1866.0,37896.0,5.02,3.11,2.06,3.33,14.47,69.62,3981.0,124.0,82.0,,,,,,,,,,,,,,5.38,0.24,278.0,37964.0,4.46,2.43,1.22,3.33,302.09,74.51,1003.0,24.0,12.0,,,,,,,,,,,,,
139990,아주스틸,2026-07-08 05:27,2025.12,2026.12,2026.03,2026.06,-3.12,0.87,-1067.0,3813.0,-31.3,-2.35,-3.79,,,596.53,10856.0,-256.0,-412.0,,,,,,,,,,,,,,-3.39,0.83,-291.0,3612.0,-23.15,-0.32,-4.27,,,656.12,2638.0,-9.0,-113.0,,,,,,,,,,,,,
026940,부국철강,2026-07-08 05:27,2025.12,2026.12,2026.03,2026.06,19.3,0.3,108.0,6861.0,1.64,0.15,1.2,3.86,71.25,15.72,1799.0,3.0,22.0,,,,,,,,,,,,,,19.86,0.29,35.0,6816.0,1.53,0.99,1.54,3.86,228.37,20.97,460.0,5.0,7.0,,,,,,,,,,,,,
053260,금강철강,2026-07-08 05:27,2025.12,2026.12,2026.03,2026.06,-1168.0,0.49,-3.0,8115.0,-0.05,0.85,-0.1,4.28,-4199.04,19.33,1772.0,15.0,-2.0,,,,,,,,,,,,,,149.55,0.54,101.0,8059.0,0.43,0.07,4.4,4.28,100.32,22.47,424.0,0.0,19.0,,,,,,,,,,,,,
007540,샘표,2026-07-08 05:27,2025.12,2026.12,2026.03,2026.06,14.43,0.46,3388.0,107294.0,4.63,5.9,4.6,0.41,4.14,35.85,4090.0,241.0,188.0,,,,,,,,,,,,,,11.34,0.49,1612.0,109181.0,6.33,6.34,8.84,0.41,524.17,33.88,1035.0,66.0,91.0,,,,,,,,,,,,,
248170,샘표식품,2026-07-08 05:27,2025.12,2026.12,2026.03,2026.06,6.5,0.49,4366.0,58052.0,7.81,5.99,4.88,0.7,4.58,43.46,4089.0,245.0,199.0,,,,,,,,,,,,,,4.56,0.46,2043.0,59953.0,10.62,6.6,9.0,0.7,47.48,40.69,1037.0,68.0,93.0,,,,,,,,,,,,,
218150,미래생명자원,2026-07-08 05:27,2025.12,2026.12,2026.03,2026.06,-18.63,1.44,-160.0,2072.0,-7.76,-2.14,-4.42,,,37.92,676.0,-14.0,-30.0,,,,,,,,,,,,,,-17.41,1.46,24.0,2085.0,-8.39,2.57,3.15,,,41.15,170.0,4.0,5.0,,,,,,,,,,,,,
184230,SGA솔루션즈,2026-07-08 05:27,2025.12,2026.12,2026.03,2026.06,2.83,1.66,1111.0,1890.0,45.29,24.05,27.57,,1.52,186.92,616.0,148.0,170.0,,,,,,,,,,,,,,2.65,1.43,-56.0,1838.0,45.4,2.93,-1.87,,2.16,180.01,260.0,8.0,-5.0,,,,,,,,,,,,,
475230,엔알비,2026-07-08 05:27,2025.12,2026.12,2026.03,2026.06,-256.4,1.82,-58.0,8135.0,-0.85,7.56,-0.9,,,104.98,595.0,45.0,-5.0,49.51,,147.0,,,15.83,,,,,714.0,113.0,,-72.14,2.55,-301.0,8270.0,-4.46,8.54,-18.75,,,140.03,172.0,15.0,-32.0,,,,,,,,,,,,,
950200,소마젠,2026-07-08 05:27,2025.12,2026.12,2026.03,2026.06,-25.02,2.73,-155.0,1419.0,-10.28,-3.81,-6.98,,,93.59,592.0,-23.0,-41.0,,,,,,,,,,,,,,-41.48,2.4,-19.0,1481.0,-5.73,-5.56,-5.18,,,101.87,128.0,-7.0,-7.0,,,,,,,,,,,,,
227950,엔투텍,2026-07-08 05:27,2025.12,2026.12,2026.03,2026.06,2.53,0.45,653.0,3701.0,17.7,32.82,65.93,,,16.68,288.0,94.0,190.0,,,,,,,,,,,,,,16.41,0.59,-96.0,3607.0,3.77,-22.82,-42.07,,,18.99,78.0,-18.0,-33.0,,,,,,,,,,,,,
300120,라온피플,2026-07-08 05:27,2025.12,2026.12,2026.03,2026.06,-2.39,1.27,-496.0,934.0,-54.73,-7.23,-9.13,,,345.83,2238.0,-162.0,-204.0,,,,,,,,,,,,,,-2.65,1.01,-75.0,983.0,-38.32,-6.75,-8.77,,,133.66,399.0,-27.0,-35.0,,,,,,,,,,,,,
009270,신원,2026-07-08 05:27,2025.12,2026.12,2026.03,2026.06,-62.87,0.6,-24.0,2556.0,-1.14,1.72,-0.15,3.26,-172.21,181.76,10923.0,188.0,-16.0,,,,,,,,,,,,,,349.78,0.5,15.0,2572.0,0.18,2.24,0.55,3.26,100.72,197.98,2808.0,63.0,16.0,,,,,,,,,,,,,
017800,현대엘리베이터,2026-07-08 05:27,2025.12,2026.12,2026.03,2026.06,13.17,2.36,6703.0,37450.0,20.11,8.48,10.91,15.87,193.03,157.77,24674.0,2092.0,2693.0,13.94,2.51,5129.0,28500.0,16.84,8.71,8.09,,,,26478.0,2307.0,2141.0,12.8,3.16,715.0,26386.0,24.3,7.42,4.96,1.2,129.18,258.81,5458.0,405.0,271.0,,,880.0,,,8.75,5.56,,,,6607.0,578.0,367.0
007110,일신석재,2026-07-08 05:27,2025.12,2026.12,2026.03,2026.06,-186.99,2.19,-9.0,758.0,-1.17,1.25,-1.26,,,56.65,545.0,7.0,-7.0,,,,,,,,,,,,,,-471.02,1.92,0.0,758.0,-0.41,0.82,0.26,,,56.81,124.0,1.0,0.0,,,,,,,,,,,,,
023800,인지컨트롤스,2026-07-08 05:27,2025.12,2026.12,2026.03,2026.06,6.3,0.44,1017.0,14627.0,7.15,5.52,2.47,4.21,26.54,169.3,7179.0,396.0,177.0,,,,,,,,,,,,,,10.34,0.43,377.0,15209.0,4.31,5.48,3.63,4.21,-46.87,186.93,1785.0,98.0,65.0,,,,,,,,,,,,,
026040,제이에스티나,2026-07-08 05:27,2025.12,2026.12,2026.03,2026.06,28.37,1.05,111.0,2999.0,4.26,0.98,2.53,3.18,82.91,21.8,722.0,7.0,18.0,,,,,,,,,,,,,,62.26,0.95,-26.0,2865.0,1.67,-2.97,-2.3,3.18,168.68,25.46,187.0,-6.0,-4.0,,,,,,,,,,,,,
091590,남화토건,2026-07-08 05:27,2025.12,2026.12,2026.03,2026.06,4.34,0.28,931.0,14580.0,6.57,5.16,15.18,2.47,10.74,12.77,727.0,38.0,110.0,,,,,,,,,,,,,,3.85,0.26,70.0,14549.0,7.05,2.19,4.56,2.47,13.67,11.93,176.0,4.0,8.0,,,,,,,,,,,,,
093240,형지엘리트,2026-07-08 05:27,2025.06,2026.06,2026.03,2026.06,-92.09,1.43,-33.0,2110.0,-1.56,3.98,-0.78,,,107.45,1667.0,66.0,-13.0,,,,,,,,,,,,,,5.22,0.51,31.0,1933.0,8.33,3.69,4.06,,,81.83,414.0,15.0,17.0,,,,,,,,,,,,,
033240,자화전자,2026-07-08 05:27,2025.12,2026.12,2026.03,2026.06,11.95,1.19,2150.0,21665.0,11.15,4.95,5.55,,,74.93,8489.0,420.0,471.0,6.95,1.08,3878.0,24932.0,17.25,8.09,8.25,,,,10185.0,824.0,840.0,8.94,1.35,1685.0,23887.0,17.26,9.45,14.04,,,68.36,2607.0,246.0,366.0,,,333.0,,,4.53,3.43,,,,2073.0,94.0,71.0
014990,인디에프,2026-07-08 05:27,2025.12,2026.12,2026.03,2026.06,-609.28,1.72,-7.0,2525.0,-0.28,1.14,-0.1,,,205.48,1046.0,12.0,-1.0,,,,,,,,,,,,,,38.94,1.45,-19.0,2519.0,3.82,2.04,-1.16,,,201.8,243.0,5.0,-3.0,,,,,,,,,,,,,
418620,E8,2026-07-08 05:27,2025.12,2026.12,2026.03,2026.06,-1.97,2.06,-770.0,735.0,-103.48,-679.32,-690.25,,,76.93,17.0,-112.0,-114.0,,,,,,,,,,,,,,-1.9,2.13,-140.0,597.0,-87.1,-723.17,-756.36,,,90.08,4.0,-27.0,-28.0,,,,,,,,,,,,,
193250,링크드,2026-07-08 05:27,2025.12,2026.12,2026.03,2026.06,-9.71,0.45,-211.0,4592.0,-4.44,-68.96,-28.54,,,20.08,105.0,-72.0,-30.0,,,,,,,,,,,,,,-5.08,0.39,-117.0,4478.0,-7.27,-97.6,-66.5,,,37.83,24.0,-23.0,-16.0,,,,,,,,,,,,,
445090,에이직랜드,2026-07-08 05:27,2025.12,2026.12,2026.03,2026.06,-11.71,5.62,-2443.0,5085.0,-38.05,-37.85,-36.45,,,299.71,728.0,-276.0,-266.0,111.67,3.71,174.0,5235.0,3.38,0.44,1.2,,,,1589.0,7.0,19.0,-13.89,3.94,-245.0,6783.0,-27.82,-5.54,-4.97,,,219.25,540.0,-30.0,-27.0,,,,,,-0.61,0.61,,,,329.0,-2.0,2.0
003960,사조대림,2026-07-08 05:27,2025.12,2026.12,2026.03,2026.06,-4.34,0.51,-8577.0,72933.0,-11.62,2.71,-2.1,0.67,-2.84,174.7,34998.0,947.0,-736.0,,,,,,,,,,,,,,-3.89,0.41,1560.0,75821.0,-10.59,2.68,1.76,0.67,-1.74,171.74,8863.0,238.0,156.0,,,,,,,,,,,,,
011150,CJ씨푸드,2026-07-08 05:27,2025.12,2026.12,2026.03,2026.06,36.49,1.17,78.0,2447.0,3.29,-0.47,1.47,,,91.52,1921.0,-9.0,28.0,,,,,,,,,,,,,,72.81,1.09,-36.0,2418.0,1.53,-2.68,-2.34,,,105.14,550.0,-15.0,-13.0,,,,,,,,,,,,,
003680,한성기업,2026-07-08 05:27,2025.12,2026.12,2026.03,2026.06,204.73,0.46,27.0,11921.0,0.25,1.83,0.05,,,262.0,3184.0,58.0,2.0,,,,,,,,,,,,,,31.97,0.41,301.0,12251.0,1.41,3.9,2.4,,,253.64,777.0,30.0,19.0,,,,,,,,,,,,,
488280,에스투더블유,2026-07-08 05:27,2025.12,2026.12,2026.03,2026.06,-53.03,13.69,-560.0,2170.0,-38.28,-55.91,-52.44,,,31.94,101.0,-56.0,-53.0,73.85,4.9,144.0,2166.0,6.66,6.49,8.05,,,,192.0,12.0,16.0,-23.85,7.36,-183.0,1999.0,-43.63,-103.43,-89.8,,,38.65,22.0,-23.0,-20.0,,,,,,,,,,,,,
136540,윈스테크넷,2026-07-08 05:27,2025.12,2026.12,2026.03,2026.06,7.57,0.66,1499.0,17215.0,10.18,21.46,18.67,7.05,46.7,13.38,986.0,212.0,184.0,,,,,,,,,,,,,,7.66,0.66,183.0,16644.0,10.2,9.92,12.89,7.05,109.27,13.14,175.0,17.0,22.0,,,,,,,,,,,,,
226400,오스테오닉,2026-07-08 05:27,2025.12,2026.12,2026.03,2026.06,17.14,1.85,363.0,3363.0,11.83,19.53,16.52,,,48.61,454.0,89.0,75.0,9.09,1.17,484.0,3773.0,13.97,21.99,17.18,,,,582.0,128.0,100.0,13.75,1.79,129.0,3495.0,14.33,18.06,20.59,,,58.62,129.0,23.0,27.0,,,111.0,,,21.74,16.67,,,,138.0,30.0,23.0
039840,디오,2026-07-08 05:27,2025.12,2026.12,2026.03,2026.06,-181.08,1.18,-93.0,14316.0,-0.69,6.16,-0.83,,,71.36,1641.0,101.0,-14.0,7.6,0.75,1689.0,17064.0,11.2,13.79,11.63,,,,1991.0,275.0,232.0,28.84,1.13,679.0,14368.0,4.15,10.01,23.3,,,73.27,413.0,41.0,96.0,,,347.0,,,12.34,,,,,465.0,57.0,
450330,하스,2026-07-08 05:27,2025.12,2026.12,2026.03,2026.06,32.34,1.11,194.0,5666.0,3.37,5.44,9.33,0.96,30.44,18.26,166.0,9.0,15.0,,,,,,,,,,,,,,37.89,1.22,-110.0,5435.0,3.25,-24.65,-27.16,0.96,46.33,21.45,33.0,-8.0,-9.0,,,,,,,,,,,,,
261200,덴티스,2026-07-08 05:27,2025.12,2026.12,2026.03,2026.06,-4.75,1.45,-898.0,2938.0,-27.9,-9.12,-14.42,,,356.64,1142.0,-104.0,-165.0,,,,,,,,,,,,,,-8.27,1.21,402.0,3258.0,-14.09,10.12,19.64,,,328.01,302.0,31.0,59.0,,,,,,,,,,,,,
228670,레이,2026-07-08 05:27,2025.12,2026.12,2026.03,2026.06,33.67,1.38,201.0,4896.0,4.19,-8.79,0.42,,,157.02,1113.0,-98.0,5.0,,,,,,,,,,,,,,21.82,0.98,189.0,5137.0,4.6,-13.33,11.59,,,124.68,257.0,-34.0,30.0,,,,,,,,,,,,,
448900,한국피아이엠,2026-07-08 05:27,2025.12,2026.12,2026.03,2026.06,-4673.29,4.62,-9.0,9488.0,-0.11,3.94,-0.15,,,50.76,369.0,15.0,-1.0,,,,,,,,,,,,,,-1605.72,11.23,-7.0,9573.0,-0.69,-8.99,-0.52,,,53.4,83.0,-7.0,-0.0,,,,,,,,,,,,,
214330,금호에이치티,2026-07-08 05:27,2025.12,2026.12,2026.03,2026.06,-4.94,0.38,-1076.0,14002.0,-7.94,1.62,-6.04,,,42.53,3854.0,62.0,-233.0,,,,,,,,,,,,,,-4.22,0.28,174.0,14428.0,-7.07,1.91,4.44,,,35.94,853.0,16.0,38.0,,,,,,,,,,,,,
138070,신진에스엠,2026-07-08 05:27,2025.12,2026.12,2026.03,2026.06,-96.91,0.46,-22.0,4577.0,-0.49,-0.7,-0.76,1.43,-132.62,32.66,544.0,-4.0,-4.0,,,,,,,,,,,,,,-102.78,0.39,19.0,4577.0,-0.39,2.93,2.22,1.43,-220.05,33.03,152.0,4.0,3.0,,,,,,,,,,,,,
200880,서연이화,2026-07-08 05:27,2025.12,2026.12,2026.03,2026.06,5.86,0.3,2220.0,43348.0,5.28,3.59,1.36,1.92,11.26,159.97,45052.0,1618.0,611.0,,,,,,,,,,,,,,3.78,0.28,1759.0,46170.0,7.69,4.09,3.94,1.92,-385.36,159.93,11887.0,486.0,468.0,,,,,,,,,,,,,
452400,이닉스,2026-07-08 05:27,2025.12,2026.12,2026.03,2026.06,420.57,0.84,27.0,13584.0,0.2,-0.82,0.19,2.15,175.29,16.8,1226.0,-10.0,2.0,,,,,,,,,,,,,,303.98,0.6,37.0,13821.0,0.2,-2.12,1.28,,,16.18,266.0,-6.0,3.0,,,,,,,,,,,,,
243840,신흥에스이씨,2026-07-08 05:27,2025.12,2026.12,2026.03,2026.06,-37.75,0.62,-128.0,7821.0,-1.63,1.45,-1.42,1.29,13.6,147.5,4082.0,59.0,-58.0,16.24,0.62,304.0,7905.0,3.86,4.02,2.6,,,,5298.0,213.0,138.0,42.52,0.88,188.0,8049.0,2.1,1.29,6.87,,,149.76,1237.0,16.0,85.0,,,,,,3.57,1.82,,,,1260.0,45.0,23.0
417010,나노팀,2026-07-08 05:27,2025.12,2026.12,2026.03,2026.06,144.0,2.95,50.0,2423.0,2.13,-1.24,2.47,,,140.69,403.0,-5.0,10.0,,,,,,,,,,,,,,408.22,4.02,-49.0,2388.0,1.01,-6.49,-9.97,,,141.25,98.0,-6.0,-10.0,,,,,,,,,,,,,
452190,한빛레이저,2026-07-08 05:27,2025.12,2026.12,2026.03,2026.06,45.36,3.62,104.0,1311.0,8.3,8.09,10.05,,,36.17,242.0,20.0,24.0,,,,,,,,,,,,,,22.87,2.99,13.0,1305.0,13.75,2.7,4.85,,,31.24,63.0,2.0,3.0,,,,,,,,,,,,,
419050,삼기에너지솔루션즈,2026-07-08 05:27,2025.12,2026.12,2026.03,2026.06,-10.8,1.5,-156.0,1122.0,-12.89,3.77,-7.68,,,214.31,1442.0,54.0,-111.0,,,,,,,,,,,,,,-11.29,1.32,12.0,1166.0,-11.15,2.33,0.95,,,227.87,489.0,11.0,5.0,,,,,,,,,,,,,
432470,케이엔에스,2026-07-08 05:27,2025.12,2026.12,2026.03,2026.06,-74.74,1.48,-127.0,6412.0,-2.0,-3.79,-2.54,,,57.72,412.0,-16.0,-10.0,12.89,1.09,593.0,7011.0,8.83,10.87,8.7,,,,598.0,65.0,52.0,-82.67,1.91,82.0,6529.0,-2.32,10.07,5.99,,,58.67,133.0,13.0,8.0,,,,,,,,,,,,,
105550,엣지파운드리,2026-07-08 05:27,2025.12,2026.12,2026.03,2026.06,7.49,0.87,208.0,1792.0,15.29,-42.7,43.13,,,37.88,364.0,-155.0,157.0,,,,,,,,,,,,,,37.99,0.66,12.0,1802.0,2.01,-54.71,10.35,,,39.38,89.0,-49.0,9.0,,,,,,,,,,,,,
225190,LK삼양,2026-07-08 05:27,2025.12,2026.12,2026.03,2026.06,-4.25,2.89,-321.0,472.0,-60.81,-78.72,-86.82,1.15,-33.8,36.07,214.0,-169.0,-186.0,,,,,,,,,,,,,,-6.29,4.29,-40.0,432.0,-65.62,-92.23,-89.17,,,40.59,32.0,-29.0,-28.0,,,,,,,,,,,,,
001530,DI동일,2026-07-08 05:27,2025.12,2026.12,2026.03,2026.06,-42.54,0.79,-462.0,25027.0,-1.8,-0.26,-1.66,0.48,-20.27,96.89,6014.0,-15.0,-100.0,34.2,0.88,657.0,25519.0,2.6,1.75,1.95,,,,7014.0,123.0,137.0,-80.84,0.86,134.0,25129.0,-1.06,0.4,1.65,0.48,-66.32,109.84,1698.0,7.0,28.0,,,,,,1.95,1.21,,,,1742.0,34.0,21.0
000050,경방,2026-07-08 05:27,2025.12,2026.12,2026.03,2026.06,5.42,0.3,1728.0,31241.0,6.03,11.15,11.49,1.71,8.78,54.67,4125.0,460.0,474.0,,,,,,,,,,,,,,3.89,0.28,747.0,31849.0,8.01,16.05,18.46,1.71,22.94,53.74,1110.0,178.0,205.0,,,,,,,,,,,,,
010780,아이에스동서,2026-07-08 05:27,2025.12,2026.12,2026.03,2026.06,-13.1,0.56,-1782.0,41857.0,-4.13,5.52,-5.82,2.14,-27.62,143.29,12344.0,681.0,-718.0,4.59,0.5,4901.0,45304.0,11.42,14.37,10.87,,,,13908.0,1998.0,1511.0,7.95,0.55,5069.0,46654.0,7.16,27.02,35.35,2.14,-23.05,121.09,4370.0,1181.0,1545.0,,,544.0,,,12.21,6.25,,,,3160.0,386.0,197.0
005800,신영와코루,2026-07-08 05:27,2025.12,2026.12,2026.03,2026.06,23.67,0.38,697.0,43200.0,1.66,0.7,3.39,1.06,25.1,9.86,1852.0,13.0,63.0,,,,,,,,,,,,,,31.09,0.36,20.0,43116.0,1.18,0.41,0.41,1.06,-46.29,10.65,442.0,2.0,2.0,,,,,,,,,,,,,
006040,동원산업,2026-07-08 05:27,2025.12,2026.12,2026.03,2026.06,4.76,0.52,8795.0,79927.0,11.61,5.39,4.04,2.74,13.83,110.1,95837.0,5161.0,3871.0,4.4,0.39,7733.0,87357.0,9.25,5.46,3.57,,,,101231.0,5524.0,3619.0,3.94,0.46,2513.0,83296.0,12.7,5.78,4.46,1.43,22.06,107.13,25300.0,1462.0,1129.0,,,1722.0,,,5.09,,,,,24856.0,1265.0,
003380,하림지주,2026-07-08 05:27,2025.12,2026.12,2026.03,2026.06,5.18,0.33,2051.0,32613.0,7.29,6.71,3.89,1.13,5.41,170.94,132149.0,8874.0,5138.0,4.0,0.28,2518.0,35825.0,8.13,6.96,3.93,,,,147130.0,10240.0,5780.0,5.91,0.4,642.0,33896.0,7.79,7.27,3.97,1.13,-1145.16,167.24,35541.0,2583.0,1411.0,,,,,,,,,,,,,
038500,삼표시멘트,2026-07-08 05:27,2025.12,2026.12,2026.03,2026.06,13.2,0.68,378.0,7323.0,5.29,11.31,6.03,2.42,31.83,84.0,6769.0,766.0,408.0,,,,,,,,,,,,,,32.44,2.05,25.0,7225.0,6.5,6.02,1.59,2.42,54.92,83.63,1667.0,100.0,26.0,,,,,,,,,,,,,
003610,방림,2026-07-08 05:27,2025.09,2026.09,2026.03,2026.06,30.06,0.88,164.0,5603.0,3.64,0.92,5.31,1.42,33.49,26.82,1225.0,11.0,65.0,,,,,,,,,,,,,,29.99,0.88,77.0,5745.0,3.76,-2.86,9.01,1.42,85.51,38.74,313.0,-9.0,28.0,,,,,,,,,,,,,
053580,웹케시,2026-07-08 05:27,2025.12,2026.12,2026.03,2026.06,10.67,1.1,914.0,8851.0,11.65,18.12,16.76,2.05,20.17,18.19,744.0,135.0,125.0,6.35,0.65,991.0,9697.0,11.18,18.09,15.89,,,,818.0,148.0,130.0,8.62,0.94,183.0,8882.0,12.04,14.9,13.98,2.05,57.4,19.51,178.0,27.0,25.0,,,255.0,,,19.17,17.1,,,,193.0,37.0,33.0
263750,펄어비스,2026-07-08 05:27,2025.12,2026.12,2026.03,2026.06,-285.55,2.87,-131.0,13011.0,-1.05,-4.05,-2.3,,,43.8,3656.0,-148.0,-84.0,6.33,1.89,5749.0,19306.0,36.95,52.09,39.83,,,,9161.0,4772.0,3649.0,29.74,4.41,2459.0,15653.0,16.85,64.56,48.09,,,47.0,3285.0,2121.0,1580.0,,,1756.0,,,51.18,35.49,,,,2814.0,1440.0,999.0
101730,위메이드맥스,2026-07-08 05:27,2025.12,2026.12,2026.03,2026.06,-14.46,1.11,-426.0,5563.0,-7.42,-32.75,-24.04,,,22.28,1488.0,-487.0,-358.0,,,,,,,,,,,,,,-9.25,0.92,-139.0,5424.0,-9.53,-46.97,-33.98,,,22.76,327.0,-153.0,-111.0,,,,,,,,,,,,,
042940,상지건설,2026-07-08 05:27,2025.12,2026.12,2026.03,2026.06,-5.41,0.84,-2263.0,14581.0,-14.41,-36.78,-72.51,,,116.4,186.0,-68.0,-135.0,,,,,,,,,,,,,,-4.0,0.56,-226.0,14355.0,-14.49,-47.37,-42.57,,,121.47,36.0,-17.0,-15.0,,,,,,,,,,,,,
013120,동원개발,2026-07-08 05:27,2025.12,2026.12,2026.03,2026.06,9.68,0.24,288.0,11867.0,2.49,4.41,6.75,3.23,30.7,40.2,3873.0,171.0,261.0,10.65,0.25,286.0,12341.0,2.43,5.88,7.28,,,,3570.0,210.0,260.0,9.87,0.24,67.0,11999.0,2.52,7.3,8.14,3.23,144.51,41.3,745.0,54.0,61.0,,,,,,,,,,,,,
013700,까뮤이앤씨,2026-07-08 05:27,2025.12,2026.12,2026.03,2026.06,3.67,0.66,336.0,1881.0,19.4,8.02,6.73,2.43,8.92,165.46,2975.0,238.0,200.0,,,,,,,,,,,,,,3.02,0.65,134.0,1991.0,23.74,10.52,7.65,2.03,17.56,152.8,1049.0,110.0,80.0,,,,,,,,,,,,,
016250,SGC E&C,2026-07-08 05:27,2025.12,2026.12,2026.03,2026.06,-1.16,0.24,-12847.0,61780.0,-18.8,3.93,-5.58,3.94,-5.5,310.67,13420.0,528.0,-748.0,,,,,,,,,,,,,,-1.44,0.24,1432.0,62598.0,-16.01,5.63,1.93,,,324.98,3179.0,179.0,61.0,,,,,,,,,,,,,
013580,계룡건설,2026-07-08 05:27,2025.12,2026.12,2026.03,2026.06,1.82,0.19,11193.0,106029.0,11.1,5.78,3.39,3.44,6.25,225.45,28874.0,1669.0,979.0,1.96,0.2,11757.0,117850.0,10.52,5.99,3.46,,,,29740.0,1780.0,1030.0,2.06,0.23,2761.0,107926.0,11.95,6.08,3.33,3.44,16.89,219.75,6707.0,408.0,224.0,,,,,,,,,,,,,
025950,동신건설,2026-07-08 05:27,2025.12,2026.12,2026.03,2026.06,1138.31,1.72,18.0,11585.0,0.15,-6.61,0.44,0.75,553.99,12.93,334.0,-22.0,1.0,,,,,,,,,,,,,,73.73,1.29,70.0,11558.0,1.76,-4.42,10.36,0.75,63.59,11.98,57.0,-2.0,6.0,,,,,,,,,,,,,
007680,대원,2026-07-08 05:27,2025.12,2026.12,2026.03,2026.06,-7.02,0.21,-629.0,21025.0,-2.99,-12.27,-7.58,4.53,-31.29,82.42,1121.0,-138.0,-85.0,,,,,,,,,,,,,,-8.61,0.19,186.0,21150.0,-2.27,0.14,8.6,4.53,-340.29,88.02,290.0,0.0,25.0,,,,,,,,,,,,,
013360,일성건설,2026-07-08 05:27,2025.12,2026.12,2026.03,2026.06,32.03,1.64,69.0,1354.0,5.36,2.29,0.83,,,415.75,4527.0,104.0,37.0,,,,,,,,,,,,,,30.32,1.41,7.0,1351.0,4.88,1.93,0.44,,,434.77,846.0,16.0,4.0,,,,,,,,,,,,,
017000,신원종합개발,2026-07-08 05:27,2025.12,2026.12,2026.03,2026.06,7.75,0.32,416.0,10013.0,4.43,4.07,2.3,,,98.14,2113.0,86.0,49.0,,,,,,,,,,,,,,6.65,0.29,225.0,10266.0,4.69,6.82,5.39,,,98.18,488.0,33.0,26.0,,,,,,,,,,,,,
010960,삼호개발,2026-07-08 05:27,2025.12,2026.12,2026.03,2026.06,4.77,0.34,757.0,10609.0,8.08,3.54,4.57,5.54,24.26,51.8,4097.0,145.0,187.0,,,,,,,,,,,,,,5.96,0.36,100.0,10542.0,6.62,1.06,2.67,5.54,262.54,50.08,907.0,10.0,24.0,,,,,,,,,,,,,
021320,KCC건설,2026-07-08 05:27,2025.12,2026.12,2026.03,2026.06,2.63,0.2,2121.0,27706.0,8.56,4.82,2.48,3.58,8.79,186.49,18334.0,883.0,454.0,3.05,0.19,1869.0,29531.0,7.01,5.13,2.39,,,,16750.0,860.0,400.0,2.84,0.22,735.0,28287.0,8.78,5.74,4.42,3.58,50.39,163.42,3559.0,204.0,157.0,,,,,,,,,,,,,
002780,진흥기업,2026-07-08 05:27,2025.12,2026.12,2026.03,2026.06,-3.85,0.45,-194.0,1644.0,-11.14,-3.99,-4.92,,,133.72,5764.0,-230.0,-284.0,,,,,,,,,,,,,,-6.16,0.55,65.0,1708.0,-8.54,6.04,5.16,,,124.11,1836.0,111.0,95.0,,,,,,,,,,,,,
020180,대신정보통신,2026-07-08 05:27,2026.03,2027.03,2026.03,2026.06,3.06,0.76,328.0,1311.0,28.18,6.16,4.85,5.0,15.27,185.36,2595.0,160.0,126.0,,,,,,,,,,,,,,3.06,0.76,-49.0,1311.0,28.18,-6.19,-4.6,5.0,-103.05,185.36,405.0,-25.0,-19.0,,,,,,,,,,,,,
009190,대양금속,2026-07-08 05:27,2025.12,2026.12,2026.03,2026.06,7.68,0.72,169.0,1789.0,9.87,2.51,4.21,,,44.32,2235.0,56.0,94.0,,,,,,,,,,,,,,-6.25,0.68,15.0,1805.0,-14.97,1.9,1.52,,,57.92,552.0,10.0,8.0,,,,,,,,,,,,,
263770,유에스티,2026-07-08 05:27,2025.12,2026.12,2026.03,2026.06,18.45,0.54,103.0,3521.0,2.97,4.02,4.22,3.15,57.72,5.9,580.0,23.0,24.0,,,,,,,,,,,,,,17.94,0.54,40.0,3501.0,3.07,6.55,5.95,3.15,16372.72,12.7,160.0,10.0,10.0,,,,,,,,,,,,,
450080,에코프로머티,2026-07-08 05:27,2025.12,2026.12,2026.03,2026.06,159.36,3.44,327.0,15125.0,2.56,-16.65,6.14,,14.19,51.05,3925.0,-654.0,241.0,,,,,,,,,,,,,,159.36,4.36,184.0,15351.0,2.56,9.41,14.78,,-3.54,92.02,1665.0,157.0,246.0,,,,,,,,,,,,,
317770,엑스페릭스,2026-07-08 05:27,2025.12,2026.12,2026.03,2026.06,-4.32,1.14,-646.0,2444.0,-28.23,-6.55,-95.08,,,35.07,215.0,-14.0,-204.0,,,,,,,,,,,,,,-7.03,1.17,87.0,2520.0,-18.42,-12.12,43.42,,,33.82,67.0,-8.0,29.0,,,,,,,,,,,,,
096250,와이즈넛,2026-07-08 05:27,2025.12,2026.12,2026.03,2026.06,84.06,2.19,134.0,5170.0,2.94,0.33,5.05,0.75,63.51,9.33,347.0,1.0,18.0,,,,,,,,,,,,,,29.76,1.96,-78.0,5010.0,6.76,-19.76,-14.08,0.75,51.43,12.41,72.0,-14.0,-10.0,,,,,,,,,,,,,
389140,포바이포,2026-07-08 05:27,2025.12,2026.12,2026.03,2026.06,-8.99,2.67,-831.0,2799.0,-29.76,-21.94,-32.51,,,88.57,337.0,-74.0,-110.0,,,,,,,,,,,,,,-10.43,3.06,-166.0,2632.0,-30.92,-34.13,-37.57,,,101.96,73.0,-25.0,-28.0,,,,,,,,,,,,,
139670,키네마스터,2026-07-08 05:27,2025.12,2026.12,2026.03,2026.06,10.79,1.45,241.0,1790.0,14.44,7.55,27.85,,,8.74,123.0,9.0,34.0,,,,,,,,,,,,,,6.29,0.95,185.0,1978.0,16.32,11.41,92.67,,,7.5,28.0,3.0,26.0,,,,,,,,,,,,,
058970,엠로,2026-07-08 05:27,2025.12,2026.12,2026.03,2026.06,156.96,4.83,238.0,7728.0,3.19,1.08,3.02,,,18.66,840.0,9.0,25.0,112.5,2.09,146.0,7846.0,1.87,1.88,1.88,,,,849.0,16.0,16.0,-20659.25,3.56,-202.0,7559.0,-0.02,-18.73,-16.93,,,15.77,148.0,-28.0,-25.0,,,,,,,,,,,,,
065370,위세아이텍,2026-07-08 05:27,2025.12,2026.12,2026.03,2026.06,28.12,1.24,197.0,4468.0,4.71,2.05,3.8,2.71,71.24,115.24,383.0,8.0,15.0,,,,,,,,,,,,,,13.28,1.12,-43.0,4282.0,9.12,4.93,-4.0,2.71,82.49,113.2,79.0,4.0,-3.0,,,,,,,,,,,,,
099390,브레인즈컴퍼니,2026-07-08 05:27,2025.12,2026.12,2026.03,2026.06,8.64,0.76,619.0,7049.0,9.81,8.41,18.17,3.18,25.43,11.09,251.0,21.0,46.0,,,,,,,,,,,,,,5.58,0.63,37.0,6919.0,12.67,-30.06,7.27,3.18,25.81,10.18,41.0,-12.0,3.0,,,,,,,,,,,,,
039560,다산네트웍스,2026-07-08 05:27,2025.12,2026.12,2026.03,2026.06,-17.51,0.47,-181.0,6733.0,-2.72,7.1,0.77,0.63,-11.47,79.14,5418.0,385.0,42.0,,,,,,,,,,,,,,-24.65,0.71,142.0,6670.0,-2.8,7.43,7.02,0.63,-2.34,85.67,1204.0,89.0,84.0,,,,,,,,,,,,,
153460,네이블,2026-07-08 05:27,2025.12,2026.12,2026.03,2026.06,18.51,1.29,386.0,5530.0,7.33,13.61,13.13,,,13.38,192.0,26.0,25.0,,,,,,,,,,,,,,21.7,1.16,-140.0,5390.0,5.57,-39.21,-32.09,,,10.85,29.0,-11.0,-9.0,,,,,,,,,,,,,
006920,모헨즈,2026-07-08 05:27,2025.12,2026.12,2026.03,2026.06,-13.57,1.18,-241.0,2772.0,-8.74,-3.65,-4.32,,,55.59,812.0,-30.0,-35.0,,,,,,,,,,,,,,-21.69,1.7,-61.0,2705.0,-8.02,-4.2,-4.2,,,56.91,178.0,-7.0,-7.0,,,,,,,,,,,,,
004980,성신양회,2026-07-08 05:27,2025.12,2026.12,2026.03,2026.06,9.23,0.4,1029.0,23623.0,4.49,3.59,2.14,3.68,33.61,120.49,12163.0,437.0,260.0,,,,,,,,,,,,,,7.66,0.38,-230.0,23408.0,5.2,0.28,-2.06,3.68,72.71,127.62,2850.0,8.0,-59.0,,,,,,,,,,,,,
005180,빙그레,2026-07-08 05:27,2025.12,2026.12,2026.03,2026.06,12.94,0.89,5757.0,84119.0,7.58,5.93,3.73,4.43,52.51,43.7,14896.0,884.0,556.0,7.64,0.73,8570.0,89122.0,10.45,6.9,4.82,,,,15360.0,1060.0,740.0,12.27,0.83,1155.0,85101.0,7.68,4.41,3.53,4.43,-113.73,46.97,3124.0,138.0,110.0,,,2050.0,,,5.97,5.01,,,,4190.0,250.0,210.0
027740,마니커,2026-07-08 05:27,2025.12,2026.12,2026.03,2026.06,-1134.88,1.18,-1.0,1328.0,-0.1,0.55,-0.09,,,274.08,3689.0,20.0,-3.0,,,,,,,,,,,,,,267.17,1.34,-112.0,1215.0,0.5,-3.1,-3.69,,,308.5,997.0,-31.0,-37.0,,,,,,,,,,,,,
136480,하림,2026-07-08 05:27,2025.12,2026.12,2026.03,2026.06,8.31,0.98,363.0,3065.0,12.56,3.31,2.69,1.33,11.02,162.84,14400.0,477.0,387.0,,,,,,,,,,,,,,8.68,1.05,33.0,3058.0,12.71,3.55,1.06,1.33,-165.47,155.08,3280.0,117.0,35.0,,,,,,,,,,,,,
280360,롯데웰푸드,2026-07-08 05:27,2025.12,2026.12,2026.03,2026.06,14.82,0.46,7734.0,247808.0,3.34,2.6,1.69,2.88,40.36,100.02,42160.0,1095.0,714.0,8.37,0.4,12454.0,257595.0,5.15,4.26,2.54,,,,44084.0,1878.0,1121.0,15.71,0.44,1856.0,250335.0,3.02,3.48,1.63,2.88,-164.27,102.19,10273.0,358.0,167.0,,,3075.0,,,4.06,2.49,,,,11157.0,453.0,278.0
088910,동우팜투테이블,2026-07-08 05:27,2025.12,2026.12,2026.03,2026.06,1.9,0.22,1095.0,9312.0,12.55,4.04,8.67,2.4,4.55,17.79,3255.0,132.0,282.0,,,,,,,,,,,,,,1.84,0.25,275.0,9538.0,14.48,5.52,9.36,2.4,16.59,17.52,760.0,42.0,71.0,,,,,,,,,,,,,
035810,이지홀딩스,2026-07-08 05:27,2025.12,2026.12,2026.03,2026.06,10.81,0.41,414.0,10821.0,3.9,4.47,2.04,30.41,328.09,134.46,33889.0,1514.0,693.0,,,,,,,,,,,,,,13.15,0.58,103.0,9650.0,4.29,3.97,1.19,30.41,-264.77,155.93,8609.0,342.0,103.0,,,,,,,,,,,,,
027710,팜스토리,2026-07-08 05:27,2025.12,2026.12,2026.03,2026.06,4.24,0.45,270.0,2550.0,11.16,2.4,2.11,8.73,36.73,186.56,14559.0,350.0,307.0,,,,,,,,,,,,,,6.31,0.53,-18.0,2466.0,8.71,2.5,-0.59,8.73,-327.95,188.17,3471.0,87.0,-21.0,,,,,,,,,,,,,
043340,에쎈테크,2026-07-08 05:27,2025.12,2026.12,2026.03,2026.06,101.27,1.48,8.0,545.0,1.47,3.4,0.65,,,159.35,579.0,20.0,4.0,,,,,,,,,,,,,,61.49,1.89,17.0,562.0,3.13,5.06,4.94,,,166.08,163.0,8.0,8.0,,,,,,,,,,,,,
033310,엠투엔,2026-07-08 05:27,2025.12,2026.12,2026.03,2026.06,-127.6,0.51,-14.0,3493.0,-0.41,3.2,-0.69,,,33.13,865.0,28.0,-6.0,,,,,,,,,,,,,,70.59,0.52,2.0,3503.0,0.76,3.23,0.37,,,34.32,219.0,7.0,1.0,,,,,,,,,,,,,
039610,화성밸브,2026-07-08 05:27,2025.12,2026.12,2026.03,2026.06,-42.99,0.9,-189.0,9065.0,-2.08,-2.02,-2.41,,,36.46,814.0,-16.0,-20.0,,,,,,,,,,,,,,-33.33,0.83,35.0,9100.0,-2.47,3.97,1.8,,,36.49,200.0,8.0,4.0,,,,,,,,,,,,,
105740,디케이락,2026-07-08 05:27,2025.12,2026.12,2026.03,2026.06,14.61,0.72,664.0,13415.0,5.03,8.6,5.23,3.09,45.19,65.79,1288.0,111.0,67.0,,,,,,,,,,,,,,12.9,0.7,189.0,13304.0,5.53,0.73,5.87,3.09,158.68,75.88,328.0,2.0,19.0,,,,,,,,,,,,,
045100,한양이엔지,2026-07-08 05:27,2025.12,2026.12,2026.03,2026.06,9.2,0.56,2320.0,38303.0,6.81,4.8,3.73,3.92,14.13,47.97,11182.0,537.0,417.0,,,,,,,,,,,,,,9.13,0.75,1453.0,39913.0,9.15,6.52,7.62,,,43.3,3414.0,223.0,260.0,,,,,,,,,,,,,
004830,덕성,2026-07-08 05:27,2025.12,2026.12,2026.03,2026.06,15.16,0.77,322.0,6371.0,5.78,4.26,3.75,2.36,32.16,56.68,1465.0,62.0,55.0,,,,,,,,,,,,,,19.72,0.67,26.0,6382.0,3.84,2.65,1.31,2.36,-343.82,55.71,343.0,9.0,4.0,,,,,,,,,,,,,
037330,인지디스플레,2026-07-08 05:27,2025.12,2026.12,2026.03,2026.06,10.29,0.34,138.0,4182.0,3.38,2.37,1.35,2.47,25.45,125.93,7218.0,171.0,97.0,,,,,,,,,,,,,,18.19,0.32,-4.0,4207.0,1.7,0.24,-0.28,2.47,-114.56,131.76,1642.0,4.0,-5.0,,,,,,,,,,,,,
012170,아센디오,2026-07-08 05:27,2025.12,2026.12,2026.03,2026.06,-1.33,2.54,-1270.0,667.0,-102.16,-73.03,-233.08,,,50.58,59.0,-43.0,-138.0,,,,,,,,,,,,,,-1.34,1.3,-12.0,956.0,-63.51,-31.92,-32.64,,,19.55,7.0,-2.0,-2.0,,,,,,,,,,,,,
052710,아모텍,2026-07-08 05:27,2025.12,2026.12,2026.03,2026.06,17.78,0.92,542.0,10688.0,5.19,2.17,3.12,,,126.18,2538.0,55.0,79.0,35.84,1.86,536.0,10334.0,5.02,3.48,3.02,,,,2628.0,92.0,79.0,29.64,1.12,37.0,10988.0,3.72,0.94,0.88,,,117.99,610.0,6.0,5.0,,,89.0,,,1.33,3.0,,,,599.0,8.0,18.0
045300,성우테크론,2026-07-08 05:27,2025.12,2026.12,2026.03,2026.06,6.54,0.4,449.0,7300.0,6.58,4.77,11.61,0.67,4.21,33.23,409.0,20.0,48.0,,,,,,,,,,,,,,5.73,0.38,150.0,7432.0,7.18,11.62,13.46,0.67,17.05,34.47,118.0,14.0,16.0,,,,,,,,,,,,,
178920,PI첨단소재,2026-07-08 05:27,2025.12,2026.12,2026.03,2026.06,15.1,1.29,1035.0,12094.0,8.8,16.34,11.54,2.24,33.83,30.86,2634.0,430.0,304.0,11.01,1.44,1755.0,13392.0,13.78,22.75,17.62,,,,2927.0,666.0,516.0,18.32,1.81,360.0,12102.0,10.19,21.93,16.48,2.24,233.5,32.97,641.0,140.0,106.0,,,547.0,,,25.6,20.51,,,,783.0,200.0,160.0
015260,에이엔피,2026-07-08 05:27,2025.12,2026.12,2026.03,2026.06,-1.37,0.95,-313.0,455.0,-60.92,-6.21,-12.07,,,384.42,1175.0,-73.0,-142.0,,,,,,,,,,,,,,-2.17,1.56,-59.0,399.0,-63.67,-4.0,-9.78,,,426.0,278.0,-11.0,-27.0,,,,,,,,,,,,,
051370,인터플렉스,2026-07-08 05:27,2025.12,2026.12,2026.03,2026.06,7.5,0.8,1410.0,13306.0,11.11,6.12,7.02,,,26.38,4680.0,286.0,328.0,6.23,0.49,1132.0,14294.0,8.2,4.93,5.06,,,,4583.0,226.0,232.0,8.06,0.85,437.0,14076.0,11.24,4.1,7.89,,,15.59,1290.0,53.0,102.0,,,99.0,,,1.06,1.75,,,,884.0,9.0,16.0
254120,자비스,2026-07-08 05:27,2025.12,2026.12,2026.03,2026.06,-11.56,1.84,-129.0,811.0,-14.78,-14.05,-14.76,,,53.55,279.0,-39.0,-41.0,,,,,,,,,,,,,,-8.83,1.49,-19.0,792.0,-15.65,-14.67,-11.8,,,55.61,53.0,-8.0,-6.0,,,,,,,,,,,,,
251370,와이엠티,2026-07-08 05:27,2025.12,2026.12,2026.03,2026.06,-116.67,1.07,-101.0,10953.0,-0.93,8.94,1.02,,,71.2,1446.0,129.0,15.0,,,,,,,,,,,,,,-1955.13,1.39,123.0,11226.0,-0.07,7.38,7.98,,,70.38,350.0,26.0,28.0,,,,,,,,,,,,,
085910,네오티스,2026-07-08 05:27,2025.12,2026.12,2026.03,2026.06,29.44,2.16,305.0,4154.0,7.83,11.33,9.13,2.23,63.01,82.52,687.0,78.0,63.0,20.77,3.71,819.0,4580.0,19.44,17.73,15.07,,,,1004.0,178.0,151.0,51.32,4.64,157.0,4318.0,9.76,12.81,15.74,2.23,133.58,94.71,179.0,23.0,28.0,,,,,,17.97,17.77,,,,242.0,44.0,43.0
168360,펨트론,2026-07-08 05:27,2025.12,2026.12,2026.03,2026.06,-84.69,12.41,-178.0,1216.0,-14.17,4.56,-5.42,0.33,-28.06,316.18,699.0,32.0,-38.0,,,,,,,,,,,,,,-137.04,13.87,-67.0,1354.0,-10.75,-6.16,-8.37,0.33,34.97,290.75,169.0,-10.0,-14.0,,,,,,,,,,,,,
007810,코리아써키트,2026-07-08 05:27,2025.12,2026.12,2026.03,2026.06,27.98,3.01,1726.0,16070.0,11.54,3.56,3.56,0.21,5.83,76.14,15097.0,538.0,538.0,17.1,3.71,4392.0,20234.0,24.29,8.11,7.16,,,,18086.0,1467.0,1296.0,26.9,3.93,915.0,17829.0,16.92,6.3,7.18,0.21,10.02,72.69,4199.0,264.0,301.0,,,761.0,,,7.24,5.05,,,,4161.0,301.0,210.0
356860,티엘비,2026-07-08 05:27,2025.12,2026.12,2026.03,2026.06,32.03,4.79,1770.0,11841.0,15.99,10.04,7.33,0.73,22.97,95.41,2585.0,260.0,190.0,19.16,3.61,3694.0,19597.0,23.27,15.09,11.5,,,,3596.0,543.0,414.0,24.05,4.75,789.0,12532.0,21.81,14.13,11.17,0.4,34.31,97.19,758.0,107.0,85.0,,,900.0,,,14.99,,,,,842.0,126.0,
161580,필옵틱스,2026-07-08 05:27,2025.12,2026.12,2026.03,2026.06,-59.56,8.82,-736.0,4970.0,-14.67,-33.73,-25.55,3.35,-13.8,100.09,1034.0,-349.0,-264.0,,,,,,,,,,,,,,-33.71,7.91,-432.0,4561.0,-19.12,-48.77,-114.22,,,109.27,110.0,-54.0,-125.0,,,,,,,,,,,,,
127980,화인써키트,2026-07-08 05:27,2025.12,2026.12,2026.03,2026.06,-17.85,1.87,-336.0,3205.0,-9.44,-1.82,-4.61,2.83,-50.58,88.92,818.0,-15.0,-38.0,,,,,,,,,,,,,,-103.97,1.57,44.0,3250.0,-1.42,1.3,4.2,2.83,396.88,91.73,166.0,2.0,7.0,,,,,,,,,,,,,
007660,이수페타시스,2026-07-08 05:27,2025.12,2026.12,2026.03,2026.06,52.83,11.58,2257.0,10292.0,29.64,18.82,14.75,0.19,10.52,70.53,10880.0,2047.0,1605.0,28.42,7.41,3564.0,13677.0,29.74,20.91,16.99,,,,15398.0,3221.0,2617.0,41.32,9.03,687.0,10848.0,29.95,19.75,14.82,0.19,38.73,69.58,3403.0,672.0,504.0,,,809.0,,,20.68,16.13,,,,3574.0,739.0,577.0
290270,휴네시온,2026-07-08 05:27,2025.12,2026.12,2026.03,2026.06,6.39,0.69,588.0,5464.0,11.83,12.73,15.29,1.33,8.16,14.62,377.0,48.0,58.0,,,,,,,,,,,,,,6.43,0.66,-191.0,5215.0,11.29,-32.84,-38.06,1.33,9.63,11.11,52.0,-17.0,-20.0,,,,,,,,,,,,,
173130,오파스넷,2026-07-08 05:27,2025.12,2026.12,2026.03,2026.06,6.84,1.34,971.0,4962.0,21.36,6.02,5.15,3.77,25.75,129.7,2333.0,140.0,120.0,,,,,,,,,,,,,,7.02,1.55,142.0,4857.0,24.12,3.69,4.8,3.77,71.47,116.8,381.0,14.0,18.0,,,,,,,,,,,,,
060850,영림원소프트랩,2026-07-08 05:27,2025.12,2026.12,2026.03,2026.06,7.78,0.91,789.0,6752.0,12.62,5.28,7.98,1.95,14.91,66.77,799.0,42.0,64.0,,,,,,,,,,,,,,5.93,0.87,239.0,6851.0,15.94,8.21,8.85,1.95,839.8,76.95,219.0,18.0,19.0,,,,,,,,,,,,,
042500,링네트,2026-07-08 05:27,2025.12,2026.12,2026.03,2026.06,7.75,0.65,489.0,5843.0,9.65,7.82,5.96,7.92,56.06,41.29,1831.0,143.0,109.0,,,,,,,,,,,,,,7.44,0.68,101.0,5607.0,10.3,7.52,6.03,7.92,306.05,40.49,375.0,28.0,23.0,,,,,,,,,,,,,
018700,바른손,2026-07-08 05:27,2025.12,2026.12,2026.03,2026.06,-12.37,1.14,-223.0,2416.0,-9.35,-4.67,-4.91,,,48.12,642.0,-30.0,-32.0,,,,,,,,,,,,,,-3.17,0.66,-80.0,2334.0,-19.84,-12.12,-8.4,,,45.36,112.0,-14.0,-9.0,,,,,,,,,,,,,
046390,삼화네트웍스,2026-07-08 05:27,2025.12,2026.12,2026.03,2026.06,-58.91,0.8,-50.0,3722.0,-1.49,-4.15,-2.34,,,15.59,373.0,-15.0,-9.0,,,,,,,,,,,,,,-49.31,0.68,-74.0,3712.0,-1.54,-383.5,-359.62,,,19.58,4.0,-14.0,-13.0,,,,,,,,,,,,,
068050,팬엔터테인먼트,2026-07-08 05:27,2025.12,2026.12,2026.03,2026.06,-6.76,0.74,-278.0,2546.0,-10.57,-9.87,-23.11,,,89.99,352.0,-35.0,-81.0,,,,,,,,,,,,,,-6.3,0.61,12.0,2558.0,-9.44,0.85,-1.66,,,90.75,98.0,1.0,-2.0,,,,,,,,,,,,,
210120,캔버스엔,2026-07-08 05:27,2025.12,2026.12,2026.03,2026.06,-3.16,2.8,-365.0,413.0,-63.72,-36.94,-216.47,,,257.62,40.0,-15.0,-87.0,,,,,,,,,,,,,,-4.3,4.08,-44.0,385.0,-67.23,-15.05,-197.55,,,301.4,5.0,-1.0,-11.0,,,,,,,,,,,,,
054780,키이스트,2026-07-08 05:27,2025.12,2026.12,2026.03,2026.06,-23.87,1.61,-135.0,1995.0,-6.49,-25.09,-16.79,,,48.9,157.0,-39.0,-26.0,,,,,,,,,,,,,,-19.14,1.35,-27.0,1917.0,-6.65,-11.53,-6.15,,,56.67,85.0,-10.0,-5.0,,,,,,,,,,,,,
072020,중앙백신,2026-07-08 05:27,2025.12,2026.12,2026.03,2026.06,15.37,0.86,638.0,11383.0,5.88,13.2,12.55,2.04,30.07,16.56,491.0,65.0,62.0,,,,,,,,,,,,,,11.72,0.78,352.0,11539.0,7.05,23.79,26.47,2.04,110.94,16.48,126.0,30.0,33.0,,,,,,,,,,,,,
303360,프로티아,2026-07-08 05:27,2025.12,2026.12,2026.03,2026.06,17.97,2.62,347.0,2384.0,15.72,24.61,29.57,,,7.6,151.0,37.0,45.0,8.11,1.47,528.0,2912.0,19.94,27.65,31.34,,,,217.0,60.0,68.0,11.99,1.79,76.0,2460.0,16.16,19.88,25.59,,,7.71,38.0,8.0,10.0,,,,,,,,,,,,,
036480,대성미생물,2026-07-08 05:27,2025.12,2026.12,2026.03,2026.06,46.37,0.78,157.0,9321.0,1.7,2.75,2.3,1.03,47.64,63.68,260.0,7.0,6.0,,,,,,,,,,,,,,45.75,0.86,-55.0,9192.0,1.88,-10.15,-4.1,1.03,117.19,64.18,51.0,-5.0,-2.0,,,,,,,,,,,,,
086060,진바이오텍,2026-07-08 05:27,2025.12,2026.12,2026.03,2026.06,9.11,0.63,440.0,6387.0,7.15,4.32,4.17,1.25,11.36,37.53,908.0,39.0,38.0,,,,,,,,,,,,,,11.7,0.76,66.0,6399.0,6.72,3.55,2.63,1.25,51.96,44.22,215.0,8.0,6.0,,,,,,,,,,,,,
003120,일성아이에스,2026-07-08 05:27,2025.12,2026.12,2026.03,2026.06,248.7,0.4,88.0,53943.0,0.3,-9.58,1.81,5.5,737.19,4.31,643.0,-62.0,12.0,,,,,,,,,,,,,,242.94,0.42,119.0,52907.0,0.32,-2.97,9.44,5.5,252.25,6.33,167.0,-5.0,16.0,,,,,,,,,,,,,
232140,와이씨,2026-07-08 05:27,2025.12,2026.12,2026.03,2026.06,61.59,3.22,235.0,4490.0,5.56,6.23,10.63,,,27.51,2726.0,170.0,290.0,27.64,2.35,423.0,4975.0,8.94,15.12,13.4,,,,3604.0,545.0,483.0,62.23,3.63,15.0,4636.0,6.3,11.99,19.4,,,30.73,333.0,40.0,65.0,,,71.0,,,11.83,6.83,,,,820.0,97.0,56.0
254490,미래반도체,2026-07-08 05:27,2025.12,2026.12,2026.03,2026.06,16.64,2.13,979.0,7635.0,14.41,3.0,2.22,,,70.29,6356.0,191.0,141.0,,,,,,,,,,,,,,6.85,1.7,1619.0,9254.0,29.67,9.45,6.87,,,158.09,3405.0,322.0,234.0,,,,,,,,,,,,,
003160,디아이,2026-07-08 05:27,2025.12,2026.12,2026.03,2026.06,118.57,3.4,180.0,6287.0,3.21,8.45,3.13,1.17,127.64,101.07,4323.0,365.0,135.0,16.75,3.35,1424.0,7112.0,22.48,16.4,13.29,,,,5894.0,966.0,783.0,73.78,4.11,390.0,6864.0,6.28,17.85,14.16,1.17,-58.2,104.18,1057.0,189.0,150.0,,,555.0,,,18.45,,,,,1640.0,302.0,
424980,마이크로투나노,2026-07-08 05:27,2025.12,2026.12,2026.03,2026.06,-9.82,1.88,-836.0,4366.0,-17.64,-15.34,-22.27,,,93.77,222.0,-34.0,-50.0,,,,,,,,,,,,,,-13.51,2.5,97.0,4484.0,-17.08,8.97,6.67,,,93.98,86.0,8.0,6.0,,,,,,,,,,,,,
079370,제우스,2026-07-08 05:27,2025.12,2026.12,2026.03,2026.06,-78.49,1.36,-188.0,10867.0,-1.74,-1.17,-3.69,0.34,-25.96,52.24,3833.0,-45.0,-141.0,,,,,,,,,,,,,,-40.34,1.34,-83.0,10803.0,-3.32,-31.22,-8.7,0.34,-6012.73,59.1,549.0,-171.0,-48.0,,,,,,,,,,,,,
322310,오로스테크놀로지,2026-07-08 05:27,2025.12,2026.12,2026.03,2026.06,-37.05,3.7,-686.0,6873.0,-9.75,-16.06,-12.32,,,45.22,521.0,-84.0,-64.0,44.82,,427.0,,,6.78,5.43,,,,737.0,50.0,40.0,-24.97,4.68,-545.0,6357.0,-17.56,-100.15,-74.96,,,99.0,68.0,-68.0,-51.0,,,,,,-4.25,,,,,141.0,-6.0,
451220,아이엠티,2026-07-08 05:27,2025.12,2026.12,2026.03,2026.06,77.85,2.45,124.0,3921.0,3.26,0.48,2.95,,,118.49,329.0,2.0,10.0,40.59,2.39,254.0,4318.0,6.17,8.0,4.0,,,,500.0,40.0,20.0,30.59,2.84,108.0,4107.0,10.02,8.6,6.89,,,128.37,122.0,11.0,8.0,,,,,,,,,,,,,
217190,제너셈,2026-07-08 05:27,2025.12,2026.12,2026.03,2026.06,71.89,1.34,71.0,3826.0,1.86,1.81,1.67,0.98,70.33,70.32,568.0,10.0,9.0,,,,,,,,,,,,,,138.82,1.4,-128.0,3659.0,1.01,-36.72,-24.92,0.98,83.65,81.85,67.0,-25.0,-17.0,,,,,,,,,,,,,
031980,피에스케이홀딩스,2026-07-08 05:27,2025.12,2026.12,2026.03,2026.06,10.89,1.97,4252.0,23484.0,19.55,35.33,44.13,2.33,25.4,15.5,2078.0,734.0,917.0,20.41,4.51,6231.0,28220.0,24.1,38.98,47.13,,,,2697.0,1052.0,1271.0,21.36,4.02,930.0,23659.0,20.41,32.77,71.68,2.33,117.87,21.06,280.0,92.0,201.0,,,1354.0,,,34.98,39.33,,,,522.0,183.0,206.0
089030,테크윙,2026-07-08 05:27,2025.12,2026.12,2026.03,2026.06,181.67,7.61,252.0,6018.0,4.63,9.95,5.65,0.28,49.42,198.75,1591.0,158.0,90.0,23.92,5.94,1927.0,7764.0,28.99,26.49,18.37,,,,3718.0,985.0,683.0,368.52,7.93,-166.0,5714.0,2.36,18.52,-11.64,0.28,-101.2,222.93,524.0,97.0,-61.0,,,,,,18.95,,,,,702.0,133.0,
005860,한일사료,2026-07-08 05:27,2025.12,2026.12,2026.03,2026.06,18.97,0.74,162.0,4159.0,3.94,1.29,1.37,2.44,46.34,27.18,4549.0,59.0,62.0,,,,,,,,,,,,,,21.01,0.97,46.0,4128.0,4.72,1.18,1.43,2.44,174.04,23.39,1255.0,15.0,18.0,,,,,,,,,,,,,
208140,정다운,2026-07-08 05:27,2025.12,2026.12,2026.03,2026.06,14.21,0.66,186.0,3997.0,4.6,4.2,3.78,7.58,107.63,63.43,1609.0,68.0,61.0,,,,,,,,,,,,,,13.35,0.64,37.0,3834.0,4.77,5.02,3.96,7.58,1434.46,75.1,325.0,16.0,13.0,,,,,,,,,,,,,
331920,셀레믹스,2026-07-08 05:27,2025.12,2026.12,2026.03,2026.06,-5.49,0.96,-494.0,2819.0,-16.08,-57.63,-69.98,,,6.05,58.0,-33.0,-40.0,,,,,,,,,,,,,,-9.14,5.89,-741.0,2144.0,-53.13,-154.44,-654.88,,,30.65,9.0,-14.0,-60.0,,,,,,,,,,,,,
025870,신라에스지,2026-07-08 05:27,2025.12,2026.12,2026.03,2026.06,-6.42,1.52,-834.0,3529.0,-21.2,-2.22,-4.76,,,219.79,700.0,-16.0,-33.0,,,,,,,,,,,,,,-6.07,1.25,-66.0,3464.0,-18.7,-3.29,-1.49,,,238.57,176.0,-6.0,-3.0,,,,,,,,,,,,,
006980,우성,2026-07-08 05:27,2025.12,2026.12,2026.03,2026.06,3.83,0.19,4186.0,82793.0,6.27,3.16,2.11,8.1,25.8,117.55,6130.0,194.0,129.0,,,,,,,,,,,,,,7.17,0.27,-1068.0,74227.0,4.32,0.82,-2.22,8.1,90.83,122.64,1486.0,12.0,-33.0,,,,,,,,,,,,,
071280,로체시스템즈,2026-07-08 05:27,2025.12,2026.12,2026.03,2026.06,11.02,0.98,801.0,9007.0,9.43,11.55,9.82,0.57,6.24,17.85,1249.0,144.0,123.0,,,,,,,,,,,,,,9.24,0.78,225.0,9175.0,8.96,10.73,8.6,0.57,31.69,25.63,400.0,43.0,34.0,,,,,,,,,,,,,
029460,케이씨,2026-07-08 05:27,2025.12,2026.12,2026.03,2026.06,7.72,0.33,3305.0,77202.0,5.45,5.83,6.33,1.69,10.54,19.03,7973.0,465.0,504.0,,,,,,,,,,,,,,9.04,0.35,1716.0,85846.0,5.13,6.58,12.25,1.69,137.19,22.42,2125.0,140.0,260.0,,,,,,,,,,,,,
090470,제이스텍,2026-07-08 05:27,2025.12,2026.12,2026.03,2026.06,-3.51,0.63,-1417.0,7841.0,-16.55,-77.19,-82.8,1.01,-3.5,31.09,307.0,-237.0,-254.0,,,,,,,,,,,,,,-5.54,1.11,-356.0,7499.0,-18.23,-107.95,-99.52,1.01,-15.89,52.11,64.0,-69.0,-64.0,,,,,,,,,,,,,
003080,SB성보,2026-07-08 05:27,2025.12,2026.12,2026.03,2026.06,1.63,0.36,1721.0,7843.0,24.66,-12.66,53.03,7.32,11.66,49.41,643.0,-81.0,341.0,,,,,,,,,,,,,,1.55,0.33,233.0,7966.0,23.76,15.9,10.37,4.82,-22.34,43.79,443.0,70.0,46.0,,,,,,,,,,,,,
154030,아시아종묘,2026-07-08 05:27,2025.12,2026.12,2026.03,2026.06,-17.57,1.0,-113.0,1998.0,-5.51,-28.12,-38.86,,,72.19,35.0,-10.0,-14.0,,,,,,,,,,,,,,26.65,0.93,124.0,2121.0,3.54,13.8,16.93,,,64.25,88.0,12.0,15.0,,,,,,,,,,,,,
002900,TYM,2026-07-08 05:27,2025.12,2026.12,2026.03,2026.06,7.0,0.59,899.0,10601.0,9.66,6.89,4.32,4.61,28.81,102.27,9294.0,641.0,401.0,,,,,,,,,,,,,,4.68,0.57,731.0,11199.0,14.03,12.1,10.45,3.82,158.97,105.33,2897.0,350.0,303.0,,,,,,,,,,,,,
186230,그린플러스,2026-07-08 05:27,2025.12,2026.12,2026.03,2026.06,-5.93,1.56,-991.0,3767.0,-26.4,-0.9,-12.33,,,158.6,1057.0,-10.0,-130.0,,,,,,,,,,,,,,-4.75,1.18,14.0,3774.0,-20.89,1.36,0.19,,,160.86,316.0,4.0,1.0,,,,,,,,,,,,,
352940,인바이오,2026-07-08 05:27,2025.12,2026.12,2026.03,2026.06,24.54,0.58,93.0,3898.0,2.41,2.7,2.97,,,63.23,340.0,9.0,10.0,,,,,,,,,,,,,,28.89,0.52,203.0,4101.0,1.81,22.13,15.6,,,66.39,141.0,31.0,22.0,,,,,,,,,,,,,
403490,우듬지팜,2026-07-08 05:27,2025.12,2026.12,2026.03,2026.06,-17.06,1.89,-90.0,815.0,-10.48,-1.39,-6.89,,,100.15,637.0,-9.0,-44.0,,,,,,,,,,,,,,-9.18,1.75,-56.0,759.0,-17.44,-17.84,-21.67,,,129.37,124.0,-22.0,-27.0,,,,,,,,,,,,,
020400,대동금속,2026-07-08 05:27,2025.12,2026.12,2026.03,2026.06,-13.09,0.42,-218.0,6826.0,-3.11,0.1,-1.37,1.05,-13.76,126.97,1018.0,1.0,-14.0,,,,,,,,,,,,,,-26.96,0.77,-143.0,6653.0,-2.8,-3.1,-3.91,1.05,142.09,143.02,233.0,-7.0,-9.0,,,,,,,,,,,,,
008830,대동기어,2026-07-08 05:27,2025.12,2026.12,2026.03,2026.06,-27.52,1.96,-527.0,8806.0,-5.75,0.07,-2.15,0.28,-7.59,240.57,2209.0,2.0,-47.0,,,,,,,,,,,,,,-34.1,2.24,-225.0,8524.0,-5.32,-2.37,-3.41,0.28,59.87,293.02,593.0,-14.0,-20.0,,,,,,,,,,,,,
018290,브이티,2026-07-08 05:27,2025.12,2026.12,2026.03,2026.06,10.22,2.5,1713.0,6998.0,25.66,18.95,14.69,,,39.58,4372.0,829.0,642.0,7.99,1.37,1488.0,8661.0,19.18,14.59,12.07,,,,4804.0,701.0,580.0,9.38,2.0,522.0,7550.0,22.41,15.17,16.1,,,35.45,1143.0,173.0,184.0,,,312.0,,,14.27,11.17,,,,1164.0,166.0,130.0
360070,탑머티리얼,2026-07-08 05:27,2025.12,2026.12,2026.03,2026.06,-5.55,1.53,-3774.0,13681.0,-24.51,-152.19,-132.7,0.66,18.17,71.57,231.0,-352.0,-307.0,,,,,,,,,,,,,,-5.55,1.31,-69.0,13571.0,-24.51,-33.98,-7.01,,,74.86,81.0,-27.0,-6.0,,,,,,,,,,,,,
222080,씨아이에스,2026-07-08 05:27,2025.12,2026.12,2026.03,2026.06,17.91,1.01,371.0,6562.0,5.83,8.23,7.06,,,30.04,4072.0,335.0,287.0,,,,,,,,,,,,,,44.96,1.73,76.0,6688.0,3.94,4.05,11.06,,,30.88,534.0,22.0,59.0,,,,,,,,,,,,,
037030,파워넷,2026-07-08 05:27,2025.12,2026.12,2026.03,2026.06,4.12,0.44,651.0,6040.0,10.93,5.5,4.77,,,74.53,4470.0,246.0,213.0,4.4,0.57,915.0,7033.0,14.05,6.19,5.8,,,,5014.0,310.0,291.0,10.71,0.86,17.0,6058.0,8.7,3.41,1.48,,,80.05,1066.0,36.0,16.0,,,,,,5.93,2.33,,,,1212.0,72.0,28.0
074430,아미노로직스,2026-07-08 05:27,2025.12,2026.12,2026.03,2026.06,29.78,1.87,40.0,638.0,6.54,16.32,15.99,,,50.33,220.0,36.0,35.0,,,,,,,,,,,,,,53.03,2.1,12.0,650.0,4.05,11.7,19.83,,,53.43,54.0,6.0,11.0,,,,,,,,,,,,,
102460,이연제약,2026-07-08 05:27,2025.12,2026.12,2026.03,2026.06,-6.76,0.9,-1594.0,12010.0,-12.6,-20.74,-20.31,0.91,76.78,111.15,1459.0,-303.0,-296.0,,,,,,,,,,,,,,-4.6,0.88,-578.0,11427.0,-17.66,-18.47,-29.78,,,116.8,361.0,-67.0,-107.0,,,,,,,,,,,,,
208370,셀바스헬스케어,2026-07-08 05:27,2025.12,2026.12,2026.03,2026.06,38.46,2.1,151.0,2766.0,5.76,-0.52,12.62,,,11.05,308.0,-2.0,39.0,,,,,,,,,,,,,,6.38,1.28,514.0,3283.0,22.8,10.15,200.82,,,9.2,66.0,7.0,132.0,,,,,,,,,,,,,
315640,딥노이드,2026-07-08 05:27,2025.12,2026.12,2026.03,2026.06,-7.55,3.35,-430.0,970.0,-45.23,-141.29,-143.84,,,42.05,75.0,-106.0,-107.0,,,,,,,,,,,,,,-7.72,3.94,-132.0,838.0,-55.39,-1114.51,-1084.3,,,49.73,4.0,-40.0,-39.0,,,,,,,,,,,,,
376930,노을,2026-07-08 05:27,2025.12,2026.12,2026.03,2026.06,-3.99,3.92,-493.0,501.0,-87.04,-392.03,-389.6,,,52.73,51.0,-201.0,-200.0,,,,,,,,,,,,,,-3.42,3.92,-91.0,411.0,-109.72,-1507.61,-1446.86,,,43.18,3.0,-49.0,-47.0,,,,,,,,,,,,,
419540,비스토스,2026-07-08 05:27,2025.12,2026.12,2026.03,2026.06,-35.19,1.34,-152.0,3999.0,-3.75,-6.41,-4.09,,,15.63,171.0,-11.0,-7.0,,,,,,,,,,,,,,-44.83,1.12,-65.0,3932.0,-2.53,-13.16,-10.13,,,46.8,30.0,-4.0,-3.0,,,,,,,,,,,,,
388870,파로스아이바이오,2026-07-08 05:27,2022.12,2026.12,2026.03,2026.06,,,-1487.0,1539.0,101.8,-3539.83,-5687.23,,,5.98,3.0,-106.0,-171.0,,,,,,,,,,,,,,-11.92,9.98,-171.0,917.0,-72.06,,,,,135.61,,-24.0,-22.0,,,,,,,,,,,,,
288980,모아데이타,2026-07-08 05:27,2025.12,2026.12,2026.03,2026.06,-1.76,1.93,-571.0,522.0,-71.79,-25.61,-85.17,,,303.81,232.0,-59.0,-197.0,,,,,,,,,,,,,,-1.29,1.85,-100.0,433.0,-84.11,-51.55,-82.56,,,372.31,44.0,-23.0,-36.0,,,,,,,,,,,,,
354200,엔젠바이오,2026-07-08 05:27,2025.12,2026.12,2026.03,2026.06,-5.93,1.59,-246.0,917.0,-27.75,-38.96,-31.81,,,220.18,212.0,-83.0,-68.0,,,,,,,,,,,,,,-5.89,2.03,-161.0,842.0,-37.99,-13.1,-35.18,,,224.1,120.0,-16.0,-42.0,,,,,,,,,,,,,
041920,메디아나,2026-07-08 05:27,2025.12,2026.12,2026.03,2026.06,32.33,1.25,284.0,7340.0,4.01,9.16,8.12,0.35,4.49,8.42,649.0,60.0,53.0,10.03,1.25,1048.0,8444.0,13.39,20.45,18.38,,,,1061.0,217.0,195.0,61.78,2.7,127.0,7489.0,4.54,10.01,14.64,,,10.96,161.0,16.0,24.0,,,,,,18.06,,,,,216.0,39.0,
084650,랩지노믹스,2026-07-08 05:27,2025.12,2026.12,2026.03,2026.06,-2.09,0.9,-867.0,2015.0,-35.18,-60.7,-73.02,,,53.82,882.0,-535.0,-644.0,,,,,,,,,,,,,,-1.5,0.64,-63.0,2009.0,-35.39,-23.3,-26.26,,,57.52,179.0,-42.0,-47.0,,,,,,,,,,,,,
160550,NEW,2026-07-08 05:27,2025.12,2026.12,2026.03,2026.06,79.49,0.68,28.0,3265.0,0.88,1.86,0.37,,,95.15,1427.0,27.0,5.0,,,,,,,,,,,,,,35.15,0.53,6.0,3273.0,1.54,-5.58,-6.57,,,108.24,256.0,-14.0,-17.0,,,,,,,,,,,,,
036420,콘텐트리중앙,2026-07-08 05:27,2025.12,2026.12,2026.03,2026.06,-2.07,1.27,-4691.0,7612.0,-71.28,0.82,-8.6,,,317.82,10833.0,88.0,-931.0,-0.83,0.17,-1935.0,9364.0,-22.98,2.09,-3.38,,,,11197.0,234.0,-378.0,-1.3,0.98,-1186.0,5796.0,-90.88,-0.81,-12.38,,,1020.87,1918.0,-16.0,-237.0,,,-519.0,,,0.98,-8.73,,,,2644.0,26.0,-231.0
328380,솔트웨어,2026-07-08 05:27,2025.12,2026.12,2026.03,2026.06,33.23,1.19,124.0,3451.0,3.66,0.89,1.32,,,64.6,637.0,6.0,8.0,,,,,,,,,,,,,,35.31,1.11,-3.0,3448.0,3.21,-0.55,-0.13,,,62.08,180.0,-1.0,-0.0,,,,,,,,,,,,,
010280,아이티센엔텍,2026-07-08 05:27,2025.12,2026.12,2026.03,2026.06,2.75,0.64,1768.0,7634.0,26.23,3.65,3.84,,,222.43,5720.0,209.0,220.0,1.64,0.45,2871.0,10495.0,31.68,5.24,5.76,,,,6445.0,338.0,371.0,1.98,0.59,849.0,8441.0,35.14,5.18,8.26,,,177.94,1359.0,70.0,112.0,,,215.0,,,1.78,1.78,,,,1407.0,25.0,25.0
056080,유진로봇,2026-07-08 05:27,2025.12,2026.12,2026.03,2026.06,-77.35,18.81,-186.0,766.0,-21.68,-17.86,-24.77,,,87.3,282.0,-50.0,-70.0,,,,,,,,,,,,,,-106.83,36.7,-103.0,662.0,-29.32,-79.48,-77.54,,,103.08,50.0,-40.0,-39.0,,,,,,,,,,,,,
065950,웰크론,2026-07-08 05:27,2025.12,2026.12,2026.03,2026.06,-2.61,1.13,-643.0,1488.0,-35.99,-4.13,-18.28,1.19,-3.0,444.94,2690.0,-111.0,-492.0,,,,,,,,,,,,,,-2.49,1.18,-84.0,1375.0,-38.51,0.96,-9.74,1.19,-3.82,485.2,591.0,6.0,-58.0,,,,,,,,,,,,,
102260,동성케미컬,2026-07-08 05:27,2025.12,2026.12,2026.03,2026.06,6.48,0.46,656.0,9162.0,7.39,9.25,6.24,3.5,22.2,77.6,12116.0,1120.0,756.0,,,,,,,,,,,,,,5.83,0.43,171.0,9500.0,7.73,8.83,7.11,1.17,32.58,75.82,2870.0,254.0,204.0,,,,,,,,,,,,,
025000,KPX케미칼,2026-07-08 05:27,2025.12,2026.12,2026.03,2026.06,4.43,0.3,10548.0,158214.0,7.51,3.39,6.39,8.03,31.39,31.57,8084.0,274.0,516.0,,,,,,,,,,,,,,3.94,0.3,2385.0,159077.0,8.58,2.75,5.3,6.96,141.5,33.72,1977.0,54.0,105.0,,,,,,,,,,,,,
104480,티케이케미칼,2026-07-08 05:27,2025.12,2026.12,2026.03,2026.06,1.22,0.12,1282.0,13505.0,9.94,0.69,33.7,,,20.21,3458.0,24.0,1165.0,,,,,,,,,,,,,,3.28,0.16,80.0,14066.0,5.08,5.36,6.98,,,20.84,1048.0,56.0,73.0,,,,,,,,,,,,,
011790,SKC,2026-07-08 05:27,2025.12,2026.12,2026.03,2026.06,-5.06,4.02,-19393.0,24423.0,-73.28,-16.58,-39.09,,,232.74,18400.0,-3050.0,-7194.0,-21.54,4.0,-4689.0,25222.0,-21.27,-2.72,-9.27,,,,22216.0,-604.0,-2060.0,-4.57,3.5,-2154.0,24508.0,-72.4,-5.79,-15.21,,,236.25,4966.0,-287.0,-756.0,,,-1103.0,,,-3.32,-11.4,,,,5613.0,-186.0,-640.0
005950,이수화학,2026-07-08 05:27,2025.12,2026.12,2026.03,2026.06,-6.62,2.26,-1247.0,3655.0,-30.98,0.41,-2.44,,,305.01,16595.0,69.0,-405.0,,,,,,,,,,,,,,-81.94,1.74,803.0,4425.0,-2.28,4.0,3.28,,,164.2,6359.0,254.0,208.0,,,,,,,,,,,,,
161000,애경케미칼,2026-07-08 05:27,2025.12,2026.12,2026.03,2026.06,-156.72,0.64,-61.0,14791.0,-0.41,-0.7,-0.34,1.47,-229.21,94.63,14523.0,-102.0,-49.0,,,,,,,,,,,,,,-215.49,0.93,-26.0,14794.0,-0.43,1.57,-0.39,1.47,-69.75,110.66,3706.0,58.0,-14.0,,,,,,,,,,,,,
095340,ISC,2026-07-08 05:27,2025.12,2026.12,2026.03,2026.06,41.96,4.24,2648.0,26223.0,10.6,27.27,25.59,0.77,30.99,15.85,2202.0,601.0,563.0,35.79,5.31,4267.0,28753.0,15.81,32.97,29.19,,,,3110.0,1025.0,908.0,70.79,8.79,966.0,26500.0,13.23,34.59,30.17,0.77,80.07,16.31,683.0,236.0,206.0,,,895.0,,,31.21,30.69,,,,714.0,223.0,219.0
004970,신라교역,2026-07-08 05:27,2025.12,2026.12,2026.03,2026.06,31.72,0.24,290.0,38108.0,0.77,-0.34,1.17,5.43,170.07,19.79,4547.0,-16.0,53.0,,,,,,,,,,,,,,9.76,0.24,725.0,38419.0,2.52,5.21,13.72,5.43,62.01,18.12,859.0,45.0,118.0,,,,,,,,,,,,,
007160,사조산업,2026-07-08 05:27,2025.12,2026.12,2026.03,2026.06,-9.3,0.51,-5820.0,106906.0,-5.37,4.69,-6.06,0.37,-3.44,96.99,7062.0,332.0,-428.0,,,,,,,,,,,,,,-5.62,0.47,-690.0,106936.0,-8.18,3.26,-2.8,0.37,-1.35,104.49,1433.0,47.0,-40.0,,,,,,,,,,,,,
030720,동원수산,2026-07-08 05:27,2025.12,2026.12,2026.03,2026.06,3.65,0.5,1664.0,12115.0,14.73,5.11,4.49,,,139.15,1726.0,88.0,77.0,,,,,,,,,,,,,,2.95,0.44,695.0,13108.0,16.38,9.14,8.13,,,138.64,398.0,36.0,32.0,,,,,,,,,,,,,
014710,사조씨푸드,2026-07-08 05:27,2025.12,2026.12,2026.03,2026.06,-5.63,0.77,-1637.0,11978.0,-12.7,5.12,-11.91,0.54,-3.06,88.7,2380.0,122.0,-284.0,,,,,,,,,,,,,,-3.8,0.57,134.0,11587.0,-13.72,3.83,3.22,0.54,-2.09,116.75,677.0,26.0,22.0,,,,,,,,,,,,,
002140,고려산업,2026-07-08 05:27,2025.12,2026.12,2026.03,2026.06,6.56,0.52,387.0,4843.0,8.43,4.62,3.25,1.57,10.27,120.22,2973.0,137.0,97.0,,,,,,,,,,,,,,8.75,0.57,24.0,4745.0,6.79,4.35,0.89,1.57,72.02,143.43,752.0,33.0,7.0,,,,,,,,,,,,,
008040,사조동아원,2026-07-08 05:27,2025.12,2026.12,2026.03,2026.06,-1.14,1.23,-972.0,901.0,-69.03,6.3,-20.36,2.07,11.62,265.25,6743.0,425.0,-1373.0,,,,,,,,,,,,,,-1.01,1.1,35.0,906.0,-69.72,3.96,3.16,,,274.61,1554.0,62.0,49.0,,,,,,,,,,,,,
003310,대주산업,2026-07-08 05:27,2025.12,2026.12,2026.03,2026.06,17.8,1.08,191.0,3160.0,6.92,10.53,6.69,1.09,19.37,31.53,1010.0,106.0,68.0,,,,,,,,,,,,,,19.29,1.08,45.0,3169.0,6.41,7.87,6.32,1.09,134.02,30.86,250.0,20.0,16.0,,,,,,,,,,,,,
179530,애드바이오텍,2026-07-08 05:27,2025.12,2026.12,2026.03,2026.06,-7.39,2.17,-275.0,937.0,-32.78,-27.15,-25.81,,,257.52,129.0,-35.0,-33.0,,,,,,,,,,,,,,-4.51,3.34,-280.0,781.0,-72.92,-34.58,-175.97,,,213.64,31.0,-11.0,-54.0,,,,,,,,,,,,,
018620,우진비앤지,2026-07-08 05:27,2025.12,2026.12,2026.03,2026.06,-13.55,0.78,-256.0,4442.0,-6.05,0.58,-6.54,,,70.52,548.0,3.0,-36.0,,,,,,,,,,,,,,-9.36,0.65,-3.0,4425.0,-7.37,4.93,-1.1,,,68.21,143.0,7.0,-2.0,,,,,,,,,,,,,
036090,위지트,2026-07-08 05:27,2025.12,2026.12,2026.03,2026.06,9.02,0.48,197.0,3709.0,5.7,5.35,4.96,,,67.44,4830.0,258.0,240.0,,,,,,,,,,,,,,9.31,0.45,6.0,3765.0,5.36,3.47,1.62,,,71.86,1160.0,40.0,19.0,,,,,,,,,,,,,
290560,파라택시스이더리움,2026-07-08 05:27,2025.12,2026.12,2026.03,2026.06,8.93,1.09,176.0,1438.0,13.71,25.94,23.87,,,28.88,140.0,36.0,33.0,,,,,,,,,,,,,,11.03,1.23,-17.0,1467.0,11.86,-11.4,-13.41,,,19.33,27.0,-3.0,-4.0,,,,,,,,,,,,,
123410,코리아에프티,2026-07-08 05:27,2025.12,2026.12,2026.03,2026.06,5.22,0.88,1577.0,9358.0,18.48,5.78,5.64,2.43,12.68,95.92,7859.0,454.0,443.0,,,,,,,,,,,,,,4.5,0.69,380.0,9737.0,16.76,5.59,5.02,2.43,85.05,102.89,2106.0,118.0,106.0,,,,,,,,,,,,,
053700,삼보모터스,2026-07-08 05:27,2025.12,2026.12,2026.03,2026.06,7.25,0.35,886.0,18124.0,5.06,3.66,1.2,0.78,5.71,219.03,16846.0,617.0,203.0,,,,,,,,,,,,,,16.49,0.33,308.0,17781.0,1.93,3.23,1.79,0.78,-8.42,211.03,4293.0,138.0,77.0,,,,,,,,,,,,,
204270,제이앤티씨,2026-07-08 05:27,2025.12,2026.12,2026.03,2026.06,-12.52,4.57,-1583.0,4333.0,-31.32,-42.01,-49.33,,,121.3,1857.0,-780.0,-916.0,16.18,3.58,997.0,4514.0,22.81,14.41,15.4,,,,3746.0,540.0,577.0,-10.71,3.6,-146.0,4220.0,-29.27,-28.59,-21.08,,,138.7,400.0,-114.0,-84.0,,,-201.0,,,-40.79,-30.53,,,,380.0,-155.0,-116.0
238090,앤디포스,2026-07-08 05:27,2025.12,2026.12,2026.03,2026.06,8.38,0.44,222.0,4190.0,5.64,9.55,10.41,,,13.8,504.0,48.0,52.0,,,,,,,,,,,,,,21.08,0.82,84.0,3686.0,3.37,9.93,15.9,,,22.65,130.0,13.0,21.0,,,,,,,,,,,,,
187270,신화콘텍,2026-07-08 05:27,2025.12,2026.12,2026.03,2026.06,10.39,0.41,305.0,7740.0,4.48,8.98,5.43,1.58,14.86,34.09,534.0,48.0,29.0,,,,,,,,,,,,,,33.48,0.44,162.0,7915.0,1.47,10.28,12.23,1.58,-1122.71,30.14,134.0,14.0,16.0,,,,,,,,,,,,,
192650,드림텍,2026-07-08 05:27,2025.12,2026.12,2026.03,2026.06,5273.7,1.25,1.0,5644.0,0.02,2.55,1.08,3.2,16120.68,78.27,12306.0,314.0,132.0,25.06,0.83,180.0,5409.0,3.32,3.25,1.65,,,,12384.0,402.0,205.0,-56.23,1.14,-92.0,5522.0,-2.04,0.16,-1.67,3.2,1198.44,86.81,2607.0,4.0,-44.0,,,27.0,,,2.32,1.07,,,,2887.0,67.0,31.0
101330,모베이스,2026-07-08 05:27,2025.12,2026.12,2026.03,2026.06,6.39,0.2,504.0,16124.0,3.38,3.05,1.55,4.35,25.74,133.06,13713.0,418.0,212.0,,,,,,,,,,,,,,4.69,0.26,570.0,16887.0,6.06,3.0,4.79,4.35,1019.62,130.28,3311.0,100.0,159.0,,,,,,,,,,,,,
050110,캠시스,2026-07-08 05:27,2025.12,2026.12,2026.03,2026.06,-1.84,0.61,-1237.0,3751.0,-27.89,-2.3,-3.8,,,356.03,4899.0,-113.0,-186.0,,,,,,,,,,,,,,-1.84,0.44,295.0,4437.0,-21.92,3.46,2.48,,,254.75,1735.0,60.0,43.0,,,,,,,,,,,,,
473980,노머스,2026-07-08 05:27,2025.12,2026.12,2026.03,2026.06,20.61,2.97,1359.0,9426.0,15.64,16.3,19.61,,,11.28,757.0,123.0,148.0,7.84,,1425.0,,,18.41,,,,,1043.0,192.0,,13.23,1.74,367.0,9789.0,14.17,21.52,21.84,,,11.64,186.0,40.0,41.0,,,208.0,,,16.96,,,,,230.0,39.0,
131100,티엔엔터테인먼트,2026-07-08 05:27,2025.12,2026.12,2026.03,2026.06,121.85,0.63,11.0,2077.0,0.47,2.83,0.27,,,33.08,1183.0,34.0,3.0,,,,,,,,,,,,,,-12.49,0.61,-59.0,2018.0,-4.55,-4.56,-9.88,,,31.26,193.0,-9.0,-19.0,,,,,,,,,,,,,
182360,큐브엔터,2026-07-08 05:27,2025.12,2026.12,2026.03,2026.06,-40.28,1.27,-341.0,10823.0,-3.27,-8.33,-6.72,,,60.5,872.0,-73.0,-59.0,,,,,,,,,,,,,,-40.65,0.94,144.0,10989.0,-2.39,-34.29,14.8,,,59.81,151.0,-52.0,22.0,,,,,,,,,,,,,
424960,스마트레이더시스템,2026-07-08 05:27,2025.12,2026.12,2026.03,2026.06,-44.62,7.25,-188.0,1160.0,-16.84,-56.08,-31.58,,,76.19,94.0,-53.0,-30.0,-14.97,,-267.0,,,-22.03,,,,,118.0,-26.0,,-48.94,3.37,-105.0,1915.0,-9.3,-100.73,-118.73,,,94.98,15.0,-15.0,-17.0,,,,,,,,,,,,,
177350,베셀,2026-07-08 05:27,2025.12,2026.12,2026.03,2026.06,1.32,0.58,925.0,2106.0,56.27,-15.77,106.69,,,41.29,166.0,-26.0,177.0,,,,,,,,,,,,,,1.21,0.54,-61.0,2046.0,59.28,-3.51,-30.7,,,42.91,39.0,-1.0,-12.0,,,,,,,,,,,,,
187220,디티앤씨,2026-07-08 05:27,2025.12,2026.12,2026.03,2026.06,13.18,0.29,180.0,8318.0,2.27,-0.47,-0.61,4.21,54.69,125.67,1258.0,-6.0,-8.0,,,,,,,,,,,,,,4.35,0.34,534.0,8810.0,8.35,-6.68,-12.2,4.21,49.33,133.12,284.0,-19.0,-35.0,,,,,,,,,,,,,
035460,기산텔레콤,2026-07-08 05:27,2025.12,2026.12,2026.03,2026.06,6.6,0.51,290.0,3743.0,8.36,8.12,5.83,,,95.91,995.0,81.0,58.0,,,,,,,,,,,,,,5.63,0.62,167.0,3899.0,12.01,17.58,22.75,,,96.97,178.0,31.0,41.0,,,,,,,,,,,,,
105330,케이엔더블유,2026-07-08 05:27,2025.12,2026.12,2026.03,2026.06,-16.23,0.76,-359.0,7691.0,-4.61,-3.65,-7.12,,,118.83,811.0,-30.0,-58.0,,,,,,,,,,,,,,-24.46,1.18,-94.0,7587.0,-4.76,-6.75,-9.1,,,132.11,166.0,-11.0,-15.0,,,,,,,,,,,,,
005710,대원산업,2026-07-08 05:27,2025.12,2026.12,2026.03,2026.06,3.69,0.49,3836.0,29170.0,14.02,6.68,7.26,1.77,6.52,29.52,10589.0,708.0,769.0,,,,,,,,,,,,,,3.53,0.42,951.0,29959.0,12.5,4.71,8.08,1.77,91.49,30.39,2358.0,111.0,191.0,,,,,,,,,,,,,
016740,두올,2026-07-08 05:27,2025.12,2026.12,2026.03,2026.06,3.86,0.37,945.0,9739.0,11.34,6.1,3.93,3.29,11.8,96.71,7961.0,486.0,313.0,,,,,,,,,,,,,,6.58,0.45,130.0,9937.0,7.68,2.98,1.87,3.29,-246.17,98.13,2013.0,60.0,38.0,,,,,,,,,,,,,
024720,콜마홀딩스,2026-07-08 05:27,2025.12,2026.12,2026.03,2026.06,13.92,0.53,683.0,17926.0,3.85,7.58,1.77,2.84,39.51,60.41,6301.0,477.0,111.0,,,,,,,,,,,,,,5.84,0.47,811.0,18523.0,8.27,13.43,26.19,2.31,-51.39,53.93,1519.0,204.0,398.0,,,,,,,,,,,,,
187420,HLB제넥스,2026-07-08 05:27,2025.12,2026.12,2026.03,2026.06,3.42,1.89,775.0,1403.0,69.85,2.78,52.8,,,148.1,434.0,12.0,229.0,,,,,,,,,,,,,,3.45,1.89,-85.0,1343.0,69.19,8.61,-20.38,,,154.71,117.0,10.0,-24.0,,,,,,,,,,,,,
295310,에이치브이엠,2026-07-08 05:27,2025.12,2026.12,2026.03,2026.06,55.59,7.78,1060.0,7571.0,16.14,8.77,18.95,,,92.29,665.0,58.0,126.0,44.15,6.05,1216.0,8882.0,14.83,17.18,14.17,,,,1031.0,177.0,146.0,56.72,9.25,286.0,7948.0,18.98,18.98,14.67,,,95.12,233.0,44.0,34.0,,,334.0,,,18.59,15.51,,,,260.0,48.0,40.0
092870,엑시콘,2026-07-08 05:27,2025.12,2026.12,2026.03,2026.06,22.01,1.0,687.0,15111.0,4.81,0.12,13.58,0.66,14.45,14.72,660.0,1.0,90.0,12.55,1.1,1383.0,15752.0,9.03,11.5,13.95,,,,1287.0,148.0,180.0,29.04,1.69,72.0,15131.0,6.19,-20.05,9.53,0.66,9.96,15.01,98.0,-20.0,9.0,,,,,,10.69,13.45,,,,290.0,31.0,39.0
080580,오킨스전자,2026-07-08 05:27,2025.12,2026.12,2026.03,2026.06,24.92,4.11,413.0,2506.0,19.93,11.75,8.25,,,88.77,944.0,111.0,78.0,14.07,4.19,1002.0,3366.0,34.6,18.55,14.07,,,,1493.0,277.0,210.0,34.17,6.32,182.0,3002.0,23.66,14.08,14.68,,,82.77,256.0,36.0,38.0,,,,,,17.42,,,,,333.0,58.0,
253590,네오셈,2026-07-08 05:27,2025.12,2026.12,2026.03,2026.06,90.0,3.91,122.0,2805.0,4.54,6.34,8.36,0.91,79.55,30.08,639.0,41.0,53.0,,,,,,,,,,,,,,108.86,4.95,53.0,2953.0,4.9,4.12,15.91,0.91,95.84,28.13,145.0,6.0,23.0,,,,,,,,,,,,,
024890,대원화성,2026-07-08 05:27,2025.12,2026.12,2026.03,2026.06,8.54,0.66,425.0,5461.0,8.11,0.69,2.78,,,232.88,1264.0,9.0,35.0,,,,,,,,,,,,,,7.92,0.67,-38.0,5616.0,9.14,1.41,-0.88,,,238.69,350.0,5.0,-3.0,,,,,,,,,,,,,
215360,우리산업,2026-07-08 05:27,2025.12,2026.12,2026.03,2026.06,5.34,0.62,1536.0,13224.0,12.2,3.51,2.67,2.44,13.02,177.36,5320.0,187.0,142.0,,,,,,,,,,,,,,4.6,0.62,469.0,13492.0,14.31,3.57,3.67,2.44,26.98,196.13,1199.0,43.0,44.0,,,,,,,,,,,,,
128540,에코캡,2026-07-08 05:27,2025.12,2026.12,2026.03,2026.06,-19.19,0.43,-92.0,4162.0,-2.27,-2.08,-1.62,,,53.95,1518.0,-32.0,-25.0,,,,,,,,,,,,,,18.8,0.42,61.0,4297.0,2.31,-4.55,4.75,,,51.83,343.0,-16.0,16.0,,,,,,,,,,,,,
002880,디와이에이,2026-07-08 05:27,2025.12,2026.12,2026.03,2026.06,-79.91,1.09,-14.0,997.0,-1.4,4.77,-0.1,,,744.65,6334.0,302.0,-7.0,,,,,,,,,,,,,,31.29,0.86,76.0,1073.0,2.86,3.85,1.87,,,752.33,1893.0,73.0,35.0,,,,,,,,,,,,,
017370,우신시스템,2026-07-08 05:27,2025.12,2026.12,2026.03,2026.06,7.57,0.57,819.0,10957.0,10.18,5.37,3.86,0.48,3.04,137.05,3886.0,209.0,150.0,,,,,,,,,,,,,,9.47,0.49,74.0,11581.0,7.07,-0.41,1.65,0.48,8.21,139.47,822.0,-3.0,14.0,,,,,,,,,,,,,
234100,폴라리스세원,2026-07-08 05:27,2025.12,2026.12,2026.03,2026.06,169.29,0.4,31.0,13096.0,0.23,1.38,1.22,,,19.02,2426.0,34.0,30.0,,,,,,,,,,,,,,44.24,0.38,137.0,13113.0,0.85,2.16,6.61,,,19.81,545.0,12.0,36.0,,,,,,,,,,,,,
354320,알멕,2026-07-08 05:27,2025.12,2026.12,2026.03,2026.06,-98.19,0.86,-205.0,23535.0,-0.9,3.31,-3.26,,,112.69,1878.0,62.0,-61.0,24.34,1.18,1200.0,24716.0,4.97,6.5,4.26,,,,2295.0,149.0,98.0,142.91,1.98,603.0,24158.0,1.44,5.55,6.18,,,115.5,507.0,28.0,31.0,,,376.0,,,6.84,3.99,,,,572.0,39.0,23.0
240600,유진테크놀로지,2026-07-08 05:27,2025.12,2026.12,2026.03,2026.06,-3.4,0.68,-1121.0,5599.0,-18.58,-27.14,-27.08,,,54.37,287.0,-78.0,-78.0,,,,,,,,,,,,,,-3.27,0.59,-166.0,5462.0,-16.87,-21.8,-14.8,,,54.86,78.0,-17.0,-11.0,,,,,,,,,,,,,
012860,모베이스전자,2026-07-08 05:27,2025.12,2026.12,2026.03,2026.06,5.13,0.42,272.0,3346.0,8.59,3.52,1.99,2.87,14.6,208.58,10441.0,368.0,208.0,,,,,,,,,,,,,,11.53,0.95,82.0,3439.0,8.72,2.8,2.27,2.87,35.98,220.85,2653.0,74.0,60.0,,,,,,,,,,,,,
075970,동국알앤에스,2026-07-08 05:27,2025.12,2026.12,2026.03,2026.06,71.55,0.53,32.0,4295.0,0.74,3.05,0.52,3.54,253.29,53.27,1107.0,34.0,6.0,,,,,,,,,,,,,,35.11,0.51,5.0,4261.0,1.47,2.03,0.31,3.54,-333.29,56.22,278.0,6.0,1.0,,,,,,,,,,,,,
002710,TCC스틸,2026-07-08 05:27,2025.12,2026.12,2026.03,2026.06,-49.02,1.49,-284.0,9346.0,-2.98,-1.78,-1.24,0.5,-24.65,130.67,6115.0,-109.0,-76.0,,,,,,,,,,,,,,-38.62,1.41,-54.0,9362.0,-3.6,-2.28,-0.88,0.5,-31.63,132.65,1747.0,-40.0,-15.0,,,,,,,,,,,,,
091580,상신이디피,2026-07-08 05:27,2025.12,2026.12,2026.03,2026.06,86.88,1.09,151.0,12012.0,1.28,3.46,0.8,0.76,66.26,109.73,2501.0,87.0,20.0,11.01,1.16,1399.0,13310.0,11.05,8.05,5.3,,,,3517.0,283.0,186.0,27.6,1.39,259.0,12514.0,5.29,6.76,4.78,0.76,28.03,117.77,722.0,49.0,35.0,,,300.0,,,6.1,5.2,,,,770.0,47.0,40.0
042040,케이피엠테크,2026-07-08 05:27,2025.12,2026.12,2026.03,2026.06,-2.27,0.6,-7541.0,28500.0,-22.28,-22.3,-40.18,,,129.09,769.0,-172.0,-309.0,,,,,,,,,,,,,,-2.03,0.5,-3448.0,25322.0,-20.86,-18.88,-51.91,,,129.19,198.0,-37.0,-103.0,,,,,,,,,,,,,
083550,케이엠,2026-07-08 05:27,2025.12,2026.12,2026.03,2026.06,10.94,0.33,309.0,10283.0,3.26,-0.29,3.1,1.41,14.43,37.48,1354.0,-4.0,42.0,,,,,,,,,,,,,,9.11,0.34,-16.0,10333.0,4.12,-2.74,-0.68,1.41,26.47,38.56,338.0,-9.0,-2.0,,,,,,,,,,,,,
263020,디케이앤디,2026-07-08 05:27,2025.12,2026.12,2026.03,2026.06,5.53,0.54,547.0,5631.0,10.53,8.58,6.07,3.31,17.31,36.6,1426.0,122.0,87.0,,,,,,,,,,,,,,5.05,0.53,157.0,5838.0,11.42,5.46,5.75,3.31,74.1,39.0,397.0,22.0,23.0,,,,,,,,,,,,,
086450,동국제약,2026-07-08 05:27,2025.12,2026.12,2026.03,2026.06,11.75,1.17,1460.0,14714.0,10.42,10.42,7.98,1.17,13.67,39.17,9269.0,966.0,739.0,9.68,1.15,1974.0,16564.0,12.66,10.87,9.4,,,,10619.0,1154.0,998.0,14.32,1.57,552.0,15058.0,11.56,10.89,10.48,1.17,65.14,39.81,2510.0,273.0,263.0,,,449.0,,,10.17,,,,,2668.0,272.0,
018250,애경산업,2026-07-08 05:27,2025.12,2026.12,2026.03,2026.06,22.82,0.83,576.0,15841.0,3.8,3.23,2.31,1.52,33.14,24.74,6545.0,211.0,151.0,18.28,,625.0,,,2.69,,,,,6803.0,183.0,,16.79,0.93,519.0,16198.0,5.96,-1.0,8.63,1.52,-94.2,27.31,1588.0,-16.0,137.0,,,163.0,,,2.77,,,,,1735.0,48.0,
045520,크린앤사이언스,2026-07-08 05:27,2025.12,2026.12,2026.03,2026.06,-6.69,1.26,-519.0,2757.0,-18.46,-1.12,-3.91,,,343.79,861.0,-10.0,-34.0,,,,,,,,,,,,,,-6.82,1.08,213.0,2942.0,-15.65,3.37,5.56,,,323.28,249.0,8.0,14.0,,,,,,,,,,,,,
108230,톱텍,2026-07-08 05:27,2025.12,2026.12,2026.03,2026.06,-11.78,0.43,-388.0,10549.0,-3.74,-1.84,-12.04,2.19,-24.7,43.25,1710.0,-31.0,-206.0,,,,,,,,,,,,,,-51.48,0.38,325.0,10793.0,-0.76,18.54,34.66,2.19,-1080.94,40.31,326.0,60.0,113.0,,,,,,,,,,,,,
034940,조아제약,2026-07-08 05:27,2025.12,2026.12,2026.03,2026.06,-4.6,1.25,-220.0,807.0,-24.14,-11.13,-12.41,,,197.17,593.0,-66.0,-74.0,,,,,,,,,,,,,,-5.81,1.1,1.0,808.0,-17.39,-7.63,-1.02,,,191.59,147.0,-11.0,-2.0,,,,,,,,,,,,,
294140,레몬,2026-07-08 05:27,2025.12,2026.12,2026.03,2026.06,-9.34,12.74,-554.0,406.0,-112.59,-95.81,-162.25,,,181.44,75.0,-71.0,-121.0,,,,,,,,,,,,,,-14.04,10.1,-92.0,306.0,-48.56,-62.9,-62.04,,,260.93,33.0,-21.0,-21.0,,,,,,,,,,,,,
033130,디지틀조선,2026-07-08 05:27,2025.12,2026.12,2026.03,2026.06,11.58,0.69,147.0,2479.0,6.06,13.81,13.57,2.35,27.25,16.58,399.0,55.0,54.0,,,,,,,,,,,,,,11.4,0.99,59.0,2498.0,8.97,23.23,21.26,2.35,65.59,16.5,103.0,24.0,22.0,,,,,,,,,,,,,
052220,iMBC,2026-07-08 05:27,2025.12,2026.12,2026.03,2026.06,-13.11,1.27,-233.0,2413.0,-9.19,-19.06,-13.57,,,16.85,400.0,-76.0,-54.0,,,,,,,,,,,,,,-14.04,1.2,25.0,2417.0,-8.12,0.03,5.85,,,16.37,96.0,0.0,6.0,,,,,,,,,,,,,
053210,스카이라이프,2026-07-08 05:27,2025.12,2026.12,2026.03,2026.06,34.46,0.44,146.0,11465.0,1.27,2.33,0.15,6.96,238.61,73.34,9842.0,230.0,15.0,9.07,0.36,462.0,11589.0,4.03,3.65,1.9,,,,9893.0,361.0,188.0,55.35,0.42,23.0,11172.0,0.76,2.48,0.15,6.96,-74.67,75.73,2390.0,59.0,4.0,,,208.0,,,5.38,4.24,,,,2499.0,134.0,106.0
033830,티비씨,2026-07-08 05:27,2025.12,2026.12,2026.03,2026.06,16.08,0.44,190.0,6946.0,2.93,3.48,8.9,2.29,34.84,4.54,427.0,15.0,38.0,,,,,,,,,,,,,,18.5,0.43,10.0,6886.0,2.48,-6.17,2.79,2.29,84.13,4.63,74.0,-5.0,2.0,,,,,,,,,,,,,
241690,유니테크노,2026-07-08 05:27,2025.12,2026.12,2026.03,2026.06,-25.64,0.6,-131.0,5612.0,-2.33,1.92,-3.0,0.5,-4.64,74.59,1072.0,21.0,-32.0,,,,,,,,,,,,,,-30.61,0.61,36.0,5732.0,-1.99,5.19,3.11,0.5,-3.71,76.68,284.0,15.0,9.0,,,,,,,,,,,,,
004490,세방전지,2026-07-08 05:27,2025.12,2026.12,2026.03,2026.06,6.23,0.52,10076.0,121686.0,9.12,7.18,6.6,4.22,25.08,34.89,21421.0,1538.0,1414.0,,,,,,,,,,,,,,6.38,0.49,2642.0,122561.0,8.3,6.33,6.91,4.22,88.25,41.6,5254.0,333.0,363.0,,,,,,,,,,,,,
290550,디케이티,2026-07-08 05:27,2025.12,2026.12,2026.03,2026.06,5.92,0.68,1159.0,10140.0,12.05,5.07,5.44,,,57.62,4258.0,216.0,232.0,11.7,1.76,1800.0,11949.0,16.3,5.92,6.78,,,,5280.0,312.0,358.0,10.75,1.59,694.0,11114.0,16.09,7.65,12.0,,,58.45,1156.0,88.0,139.0,,,390.0,,,6.5,6.79,,,,1370.0,89.0,93.0
416180,신성에스티,2026-07-08 05:27,2025.12,2026.12,2026.03,2026.06,530.62,2.78,61.0,11704.0,0.54,1.94,0.47,0.62,320.91,136.12,1169.0,23.0,6.0,,,,,,1.82,,,,,1650.0,30.0,,-112.63,2.74,-105.0,11823.0,-2.48,-1.08,-1.89,0.62,-116.96,140.7,502.0,-5.0,-10.0,,,,,,,,,,,,,
066590,스모트로닉,2026-07-08 05:27,2025.12,2026.12,2026.03,2026.06,-8.78,1.18,-273.0,2034.0,-12.57,0.12,-3.08,,,240.77,3686.0,5.0,-113.0,,,,,,,,,,,,,,-18.98,1.25,108.0,2143.0,-6.34,3.56,4.39,,,235.41,950.0,34.0,42.0,,,,,,,,,,,,,
368770,파이버프로,2026-07-08 05:27,2025.12,2026.12,2026.03,2026.06,38.12,7.73,283.0,1398.0,22.06,23.27,21.41,0.8,30.27,32.59,435.0,101.0,93.0,,,,,,,,,,,,,,47.92,12.73,145.0,1457.0,29.71,33.31,33.41,0.8,99.33,51.31,143.0,48.0,48.0,,,,,,,,,,,,,
198940,한주라이트메탈,2026-07-08 05:27,2025.12,2026.12,2026.03,2026.06,-9.41,0.55,-137.0,2318.0,-5.77,0.51,-1.06,,,358.7,2595.0,13.0,-27.0,,,,,,,,,,,,,,-8.54,0.63,-11.0,2313.0,-7.19,1.93,-0.35,,,332.76,631.0,12.0,-2.0,,,,,,,,,,,,,
001780,알루코,2026-07-08 05:27,2025.12,2026.12,2026.03,2026.06,13.26,0.63,160.0,3371.0,4.86,6.06,2.76,,,125.5,5757.0,349.0,159.0,,,,,,,,,,,,,,14.87,0.75,134.0,3555.0,5.18,6.83,9.29,,,138.15,1421.0,97.0,132.0,,,,,,,,,,,,,
009520,포스코엠텍,2026-07-08 05:27,2025.12,2026.12,2026.03,2026.06,465.84,5.75,34.0,2744.0,1.25,0.29,0.4,0.06,29.5,35.84,3574.0,10.0,14.0,,,,,,,,,,,,,,162.25,6.17,54.0,2788.0,3.9,2.4,2.17,0.06,9.36,33.64,1033.0,25.0,22.0,,,,,,,,,,,,,
018470,조일알미늄,2026-07-08 05:27,2025.12,2026.12,2026.03,2026.06,20.65,0.79,63.0,1655.0,3.9,2.83,1.64,,,96.16,4867.0,138.0,80.0,,,,,,,,,,,,,,21.32,0.93,79.0,1734.0,4.47,8.68,6.66,,,99.66,1509.0,131.0,100.0,,,,,,,,,,,,,
006110,삼아알미늄,2026-07-08 05:27,2025.12,2026.12,2026.03,2026.06,-14.07,1.61,-1692.0,14814.0,-10.79,-6.5,-9.17,0.1,-1.52,107.42,2715.0,-176.0,-249.0,235.86,2.6,159.0,14441.0,1.1,1.67,0.21,,,,3839.0,64.0,8.0,-22.45,2.75,-366.0,14621.0,-11.5,-6.5,-8.15,0.1,-3.24,118.61,674.0,-44.0,-55.0,,,60.0,,,1.18,,,,,930.0,11.0,
008350,남선알미늄,2026-07-08 05:27,2025.12,2026.12,2026.03,2026.06,45.63,0.58,28.0,2196.0,1.25,-1.26,1.4,,,53.87,2589.0,-33.0,36.0,,,,,,,,,,,,,,-58.08,0.81,-8.0,2215.0,-1.36,-2.73,-1.71,,,60.68,631.0,-17.0,-11.0,,,,,,,,,,,,,
000520,삼일제약,2026-07-08 05:27,2025.12,2026.12,2026.03,2026.06,-6.06,1.54,-1598.0,6277.0,-22.41,-10.56,-16.49,,,178.85,2103.0,-222.0,-347.0,-7.88,,-830.0,,,-3.28,-7.66,,,,2350.0,-77.0,-180.0,-5.48,1.53,-499.0,6016.0,-24.71,-15.94,-20.62,,,189.63,525.0,-84.0,-108.0,,,,,,,,,,,,,
068100,케이웨더,2026-07-08 05:27,2025.12,2026.12,2026.03,2026.06,-17.55,2.63,-174.0,1162.0,-14.21,-9.79,-9.82,,,42.03,177.0,-17.0,-17.0,,,,,,,,,,,,,,-37.98,1.76,13.0,1517.0,-4.65,1.51,2.91,,,26.57,39.0,1.0,1.0,,,,,,,,,,,,,
080470,성창오토텍,2026-07-08 05:27,2025.12,2026.12,2026.03,2026.06,3.46,0.49,1163.0,8274.0,14.99,4.77,4.52,1.74,6.02,186.77,2435.0,116.0,110.0,,,,,,,,,,,,,,3.34,0.45,281.0,8471.0,14.37,3.62,6.11,1.74,27.91,167.03,564.0,20.0,34.0,,,,,,,,,,,,,
131030,옵투스제약,2026-07-08 05:27,2025.12,2026.12,2026.03,2026.06,9.93,0.7,693.0,9824.0,7.36,10.18,13.03,1.88,14.18,15.79,872.0,89.0,114.0,,,,,,,,,,,,,,17.8,1.33,142.0,10134.0,7.91,12.52,10.83,,,12.37,232.0,29.0,25.0,,,,,,,,,,,,,
187790,나노,2026-07-08 05:27,2025.12,2026.12,2026.03,2026.06,15.27,2.5,228.0,1393.0,19.01,6.45,5.66,,,136.29,857.0,55.0,49.0,13.87,2.05,248.0,1681.0,16.23,7.71,6.61,,,,1135.0,88.0,75.0,40.62,2.48,-33.0,1316.0,6.43,-8.06,-10.14,,,171.73,110.0,-9.0,-11.0,,,,,,,,,,,,,
092790,넥스틸,2026-07-08 05:27,2025.12,2026.12,2026.03,2026.06,6.57,0.51,1386.0,17845.0,7.76,7.25,6.54,12.68,83.31,50.71,5510.0,399.0,360.0,,,,,,,,,,,,,,15.02,0.6,106.0,18018.0,3.97,2.66,2.74,7.35,307.88,58.65,1006.0,27.0,28.0,,,,,,,,,,,,,
138360,앤로보틱스,2026-07-08 05:27,2025.12,2026.12,2026.03,2026.06,7.43,0.91,135.0,1110.0,9.96,2.49,29.36,,,27.43,234.0,6.0,69.0,,,,,,,,,,,,,,7.42,1.56,73.0,1134.0,9.96,4.25,62.27,,,50.4,90.0,4.0,56.0,,,,,,,,,,,,,
455900,엔젤로보틱스,2026-07-08 05:27,2025.12,2026.12,2026.03,2026.06,-47.76,14.3,-642.0,2144.0,-26.63,-221.41,-209.32,,,13.51,46.0,-103.0,-97.0,,,,,,,,,,,,,,-38.42,12.39,-166.0,2001.0,-28.6,-527.99,-498.17,,,15.89,5.0,-27.0,-25.0,,,,,,,,,,,,,
348340,뉴로메카,2026-07-08 05:27,2025.12,2026.12,2026.03,2026.06,-16.03,25.9,-1956.0,1211.0,-177.53,-78.38,-116.02,,,557.63,190.0,-149.0,-220.0,,,,,,,,,,,,,,-16.39,17.48,-2098.0,3265.0,-127.08,-144.21,-858.74,,,101.14,30.0,-43.0,-257.0,,,,,,,,,,,,,
285490,노바텍,2026-07-08 05:27,2025.12,2026.12,2026.03,2026.06,11.97,1.19,1675.0,16898.0,10.89,12.05,31.85,14.32,152.38,6.55,556.0,67.0,177.0,,,,,,,,,,,,,,12.15,1.37,382.0,15049.0,12.31,-0.2,36.18,14.32,1019.69,22.76,112.0,-0.0,40.0,,,,,,,,,,,,,
222420,쎄노텍,2026-07-08 05:27,2025.12,2026.12,2026.03,2026.06,28.14,1.02,30.0,815.0,3.77,8.89,3.79,,,118.16,356.0,32.0,13.0,,,,,,,,,,,,,,26.54,1.57,7.0,843.0,6.13,5.3,2.97,,,101.78,105.0,6.0,3.0,,,,,,,,,,,,,
402490,그린리소스,2026-07-08 05:27,2025.12,2026.12,2026.03,2026.06,13.36,1.96,619.0,4219.0,15.86,5.91,10.32,,,104.21,1022.0,60.0,105.0,,,,,,,,,,,,,,16.51,3.0,389.0,4608.0,19.98,11.85,30.8,,,96.43,209.0,25.0,64.0,,,,,,,,,,,,,
419080,엔젯,2026-07-08 05:27,2025.12,2026.12,2026.03,2026.06,-11.97,2.37,-682.0,3449.0,-19.24,-115.99,-133.39,,,26.24,54.0,-63.0,-72.0,,,,,,,,,,,,,,-6.89,1.43,-105.0,3323.0,-20.18,-31.18,-25.6,,,46.3,44.0,-14.0,-11.0,,,,,,,,,,,,,
109860,동일금속,2026-07-08 05:27,2025.12,2026.12,2026.03,2026.06,14.3,0.43,554.0,18440.0,3.25,1.56,5.5,4.04,53.65,15.85,917.0,14.0,50.0,,,,,,,,,,,,,,13.9,0.39,152.0,18356.0,3.0,5.41,4.84,4.04,2841.58,18.79,286.0,15.0,14.0,,,,,,,,,,,,,
019770,서연탑메탈,2026-07-08 05:27,2025.12,2026.12,2026.03,2026.06,4.76,0.44,798.0,8648.0,9.64,5.75,4.49,1.71,8.14,81.39,2071.0,119.0,93.0,,,,,,,,,,,,,,4.54,0.42,256.0,8838.0,9.79,5.98,5.41,1.71,331.44,73.34,551.0,33.0,30.0,,,,,,,,,,,,,
010240,흥국,2026-07-08 05:27,2025.12,2026.12,2026.03,2026.06,5.24,0.5,992.0,10298.0,10.73,10.87,8.9,5.38,25.48,14.68,1370.0,149.0,122.0,,,,,,,,,,,,,,4.46,0.45,420.0,11298.0,11.99,12.65,12.62,5.38,88.16,20.43,390.0,49.0,49.0,,,,,,,,,,,,,
317850,대모,2026-07-08 05:27,2025.12,2026.12,2026.03,2026.06,35.03,1.38,227.0,5781.0,4.0,4.69,4.65,0.75,26.37,34.66,407.0,19.0,19.0,,,,,,,,,,,,,,28.06,1.41,134.0,5862.0,5.12,8.67,9.52,0.75,-563.65,39.94,117.0,10.0,11.0,,,,,,,,,,,,,
210540,디와이파워,2026-07-08 05:27,2025.12,2026.12,2026.03,2026.06,5.9,0.47,2277.0,28321.0,8.3,7.95,6.57,3.72,21.96,20.26,3828.0,304.0,251.0,,,,,,,,,,,,,,5.62,0.46,889.0,29179.0,8.41,11.43,9.54,3.72,178.29,23.88,1029.0,118.0,98.0,,,,,,,,,,,,,
079900,전진건설로봇,2026-07-08 05:27,2025.12,2026.12,2026.03,2026.06,22.19,4.48,2161.0,10701.0,20.58,15.06,15.34,2.9,63.97,47.0,1907.0,287.0,292.0,16.45,3.55,2285.0,10579.0,21.57,14.75,15.96,,,,2024.0,298.0,323.0,24.7,5.01,503.0,10516.0,21.25,9.26,14.19,1.46,149.02,52.46,460.0,43.0,65.0,,,641.0,,,16.41,19.58,,,,521.0,86.0,102.0
278650,HLB바이오스텝,2026-07-08 05:27,2025.12,2026.12,2026.03,2026.06,-6.67,1.28,-1090.0,5699.0,-18.22,-11.64,-27.35,,,54.13,741.0,-86.0,-203.0,,,,,,,,,,,,,,-5.39,0.99,-112.0,6027.0,-17.95,-19.36,-15.69,,,44.02,135.0,-26.0,-21.0,,,,,,,,,,,,,
265740,엔에프씨,2026-07-08 05:27,2025.12,2026.12,2026.03,2026.06,7.48,1.15,563.0,3660.0,16.68,17.48,14.05,1.42,10.65,40.8,716.0,125.0,101.0,6.29,,840.0,,,18.04,15.03,,,,998.0,180.0,150.0,11.17,2.05,194.0,3794.0,20.05,18.14,15.62,1.42,27.17,36.21,222.0,40.0,35.0,,,224.0,,,18.05,15.04,,,,266.0,48.0,40.0
900100,애머릿지,2026-07-08 05:27,2025.12,2026.12,2026.03,2026.06,-2.28,0.82,-2515.0,7035.0,-31.2,-131.79,-186.67,,,22.05,63.0,-84.0,-118.0,,,,,,,,,,,,,,-1.82,0.52,-239.0,7107.0,-25.8,-89.13,-92.34,,,22.39,13.0,-12.0,-12.0,,,,,,,,,,,,,
333050,이노테나,2026-07-08 05:27,2025.12,2026.12,2026.03,2026.06,14.82,1.3,437.0,4976.0,9.71,6.57,7.17,1.85,25.87,37.75,300.0,20.0,21.0,,,,,,,,,,,,,,16.21,1.28,113.0,4976.0,8.62,7.09,7.88,2.05,21.7,36.98,70.0,5.0,6.0,,,,,,,,,,,,,
466410,사이냅소프트,2026-07-08 05:27,2025.12,2026.12,2026.03,2026.06,11.08,0.87,1132.0,14441.0,8.53,34.69,42.33,,,3.39,135.0,47.0,57.0,5.3,,1568.0,,,42.44,45.93,,,,172.0,73.0,79.0,9.12,0.73,288.0,14745.0,8.75,31.77,42.21,,,3.05,34.0,11.0,15.0,,,,,,,,,,,,,
263800,데이타솔루션,2026-07-08 05:27,2025.12,2026.12,2026.03,2026.06,77.36,2.3,65.0,2170.0,3.03,1.17,1.01,,,94.3,1038.0,12.0,10.0,,,,,,,,,,,,,,22.44,1.97,-58.0,2114.0,9.17,-3.39,-3.0,,,162.29,315.0,-11.0,-9.0,,,,,,,,,,,,,
450520,인스웨이브,2026-07-08 05:27,2025.12,2026.12,2026.03,2026.06,-14.06,1.21,-236.0,2755.0,-8.23,-12.46,-8.92,,,30.23,390.0,-49.0,-35.0,,,,,,,,,,,,,,-15.48,1.16,-153.0,2602.0,-7.24,-24.94,-19.92,,,26.56,113.0,-28.0,-22.0,,,,,,,,,,,,,
417970,모델솔루션,2026-07-08 05:27,2025.12,2026.12,2026.03,2026.06,24.54,2.32,1068.0,11302.0,9.82,10.55,8.93,1.07,26.23,34.72,765.0,81.0,68.0,,,,,,,,,,,,,,14.19,1.56,307.0,11307.0,11.5,4.0,10.51,1.07,85.3,18.73,187.0,7.0,20.0,,,,,,,,,,,,,
357880,SKAI,2026-07-08 05:27,2025.12,2026.12,2026.03,2026.06,-3.77,5.96,-424.0,268.0,-129.35,-28.07,-96.34,,,190.54,156.0,-44.0,-151.0,,,,,,,,,,,,,,-7.2,8.51,-116.0,371.0,-130.76,-51.13,-173.92,,,113.15,32.0,-17.0,-56.0,,,,,,,,,,,,,
301300,바이브컴퍼니,2026-07-08 05:27,2025.12,2026.12,2026.03,2026.06,-2.43,1.03,-1382.0,3275.0,-35.34,-19.75,-96.94,,,50.47,190.0,-38.0,-184.0,,,,,,,,,,,,,,-1.9,0.81,-212.0,3033.0,-35.23,-22.12,-94.48,,,52.25,29.0,-7.0,-28.0,,,,,,,,,,,,,
195500,마니커에프앤지,2026-07-08 05:27,2025.12,2026.12,2026.03,2026.06,20.85,0.57,136.0,4978.0,2.76,2.33,2.03,,,54.25,1068.0,25.0,22.0,,,,,,,,,,,,,,17.32,0.52,13.0,4991.0,3.07,0.86,0.77,,,53.8,277.0,2.0,2.0,,,,,,,,,,,,,
339770,교촌에프앤비,2026-07-08 05:27,2025.12,2026.12,2026.03,2026.06,12.35,1.15,351.0,3776.0,9.56,6.77,3.33,6.91,65.31,100.13,5174.0,350.0,172.0,9.06,0.95,416.0,3965.0,10.78,7.03,3.91,,,,5346.0,376.0,209.0,14.14,1.12,69.0,3617.0,8.02,4.29,2.74,1.23,51.75,98.55,1234.0,53.0,34.0,,,126.0,,,8.61,4.76,,,,1324.0,114.0,63.0
290720,푸드나무,2026-07-08 05:27,2025.12,2026.12,2026.03,2026.06,26.96,1.96,74.0,1019.0,10.9,-9.39,2.34,,,146.91,868.0,-82.0,20.0,,,,,,,,,,,,,,-34.78,3.66,-216.0,826.0,-15.84,-41.51,-45.01,,,178.05,169.0,-70.0,-76.0,,,,,,,,,,,,,
066360,체리부로,2026-07-08 05:27,2025.12,2026.12,2026.03,2026.06,1.52,0.36,496.0,2100.0,27.0,7.03,7.05,,,135.66,4054.0,285.0,286.0,,,,,,,,,,,,,,2.26,0.55,-2.0,2098.0,27.66,3.38,0.01,,,141.78,947.0,32.0,0.0,,,,,,,,,,,,,
389680,유디엠텍,2026-07-08 05:27,2025.12,2026.12,2026.03,2026.06,-5.96,2.01,-426.0,1264.0,-29.79,-113.5,-109.0,,,41.68,32.0,-36.0,-35.0,,,,,,,,,,,,,,-7.85,2.34,-63.0,1200.0,-27.07,-62.8,-59.2,,,43.1,9.0,-6.0,-5.0,,,,,,,,,,,,,
475400,씨메스로보틱스,2026-07-08 05:27,2025.12,2026.12,2026.03,2026.06,-23.0,6.57,-1439.0,5040.0,-25.19,-141.02,-128.49,,,16.89,131.0,-184.0,-168.0,-16.74,4.43,-1044.0,3947.0,-23.3,-55.23,-51.46,,,,239.0,-132.0,-123.0,-20.9,6.29,-407.0,4645.0,-26.34,-88.96,-82.71,,,13.11,58.0,-51.0,-48.0,,,,,,,,,,,,,
004410,서울식품,2026-07-08 05:27,2025.12,2026.12,2026.03,2026.06,-35.39,2.18,-42.0,682.0,-6.44,-0.67,-2.34,,,172.03,686.0,-5.0,-16.0,,,,,,,,,,,,,,-52.17,2.57,-12.0,678.0,-5.25,-0.81,-3.22,,,177.87,150.0,-1.0,-5.0,,,,,,,,,,,,,
006200,한국전자홀딩스,2026-07-08 05:27,2025.12,2026.12,2026.03,2026.06,-23.25,0.2,-140.0,16588.0,-0.9,-5.09,-7.17,3.08,-67.03,37.0,2759.0,-141.0,-198.0,,,,,,,,,,,,,,-12.93,0.26,53.0,16132.0,-2.08,-3.69,-3.74,3.08,-26.34,38.05,777.0,-29.0,-29.0,,,,,,,,,,,,,
032500,케이엠더블유,2026-07-08 05:27,2025.12,2026.12,2026.03,2026.06,-21.42,4.48,-672.0,3211.0,-19.66,-24.37,-27.72,,,87.99,975.0,-238.0,-270.0,340.45,4.68,48.0,3470.0,1.44,1.06,1.33,,,,1507.0,16.0,20.0,-39.09,7.58,-124.0,3358.0,-19.04,-26.68,-23.82,,,77.08,215.0,-57.0,-51.0,,,-112.0,,,-20.25,-20.25,,,,237.0,-48.0,-48.0
263600,덕우전자,2026-07-08 05:27,2025.12,2026.12,2026.03,2026.06,11.02,0.72,434.0,6629.0,6.68,0.89,3.67,,,116.09,1769.0,16.0,65.0,,,,,,,,,,,,,,3.35,0.63,1092.0,7718.0,20.68,2.84,32.98,,,75.74,519.0,15.0,171.0,,,,,,,,,,,,,
192440,슈피겐코리아,2026-07-08 05:27,2025.12,2026.12,2026.03,2026.06,4.72,0.24,4669.0,91806.0,5.55,7.16,6.26,2.27,9.93,8.25,4637.0,332.0,290.0,,,,,,,,,,,,,,4.09,0.24,2350.0,95280.0,6.57,9.93,12.94,2.27,29.33,8.15,1132.0,112.0,146.0,,,,,,,,,,,,,
357550,석경에이티,2026-07-08 05:27,2025.12,2026.12,2026.03,2026.06,100.82,8.66,696.0,8109.0,9.05,22.21,21.65,,,23.19,175.0,39.0,38.0,,,,,,,,,,,,,,80.9,6.14,256.0,8393.0,7.96,27.99,30.66,,,23.4,46.0,13.0,14.0,,,,,,,,,,,,,
255440,야스,2026-07-08 05:27,2025.12,2026.12,2026.03,2026.06,-24.98,0.94,-422.0,11182.0,-4.07,-18.6,-15.85,,,28.71,348.0,-65.0,-55.0,,,,,,,,,,,,,,26.02,0.88,429.0,11657.0,3.81,15.86,17.17,,,44.88,326.0,52.0,56.0,,,,,,,,,,,,,
241770,메카로,2026-07-08 05:27,2025.12,2026.12,2026.03,2026.06,18.59,1.12,1238.0,20599.0,6.37,16.23,13.33,1.52,27.63,9.83,946.0,154.0,126.0,,,,,,,,,,,,,,27.75,1.75,483.0,20959.0,6.7,16.1,19.31,1.52,425.26,11.77,255.0,41.0,49.0,,,,,,,,,,,,,
171090,선익시스템,2026-07-08 05:27,2025.12,2026.12,2026.03,2026.06,5.19,3.22,10110.0,16300.0,101.48,21.62,18.71,1.9,9.14,154.25,5158.0,1115.0,965.0,6.39,2.27,8417.0,23749.0,45.41,21.74,19.6,,,,4517.0,982.0,885.0,10.05,4.37,-1989.0,19179.0,70.41,9.16,-121.95,1.9,25.92,152.3,161.0,15.0,-196.0,,,,,,1.9,,,,,290.0,6.0,
320000,한울반도체,2026-07-08 05:27,2025.12,2026.12,2026.03,2026.06,-2.98,2.12,-3557.0,4994.0,-62.29,-44.04,-191.26,,,185.49,115.0,-50.0,-219.0,,,,,,,,,,,,,,-3.38,1.61,-641.0,4425.0,-42.62,-37.43,-53.49,,,215.42,113.0,-42.0,-61.0,,,,,,,,,,,,,
144960,뉴파워프라즈마,2026-07-08 05:27,2025.12,2026.12,2026.03,2026.06,26.5,0.73,195.0,7057.0,3.1,4.96,1.32,0.97,23.74,130.24,5780.0,287.0,76.0,9.76,1.1,902.0,7982.0,12.95,8.97,6.73,,,,7235.0,649.0,487.0,12.76,0.68,273.0,7388.0,5.96,9.12,10.42,0.97,-45.27,128.82,1485.0,135.0,155.0,,,,,,,,,,,,,
457370,한켐,2026-07-08 05:27,2025.12,2026.12,2026.03,2026.06,10.53,1.0,719.0,7581.0,10.09,14.31,17.03,2.64,27.11,10.76,339.0,49.0,58.0,,,,,,,,,,,,,,12.52,1.07,77.0,7471.0,9.03,7.32,9.77,2.64,111.2,10.47,63.0,5.0,6.0,,,,,,,,,,,,,
171010,램테크놀러지,2026-07-08 05:27,2025.12,2026.12,2026.03,2026.06,-6.67,1.4,-585.0,2778.0,-19.07,-2.24,-19.6,,,157.56,427.0,-10.0,-84.0,,,,,,,,,,,,,,-5.56,1.08,13.0,2867.0,-17.97,4.05,1.56,,,168.02,117.0,5.0,2.0,,,,,,,,,,,,,
078150,HB테크놀러지,2026-07-08 05:27,2025.12,2026.12,2026.03,2026.06,6.06,0.58,306.0,3208.0,10.48,3.89,17.72,1.08,6.26,34.08,1603.0,62.0,284.0,,,,,,,,,,,,,,3.94,0.59,196.0,3391.0,16.96,1.45,49.98,1.08,50.23,32.02,363.0,5.0,182.0,,,,,,,,,,,,,
264660,씨앤지하이테크,2026-07-08 05:27,2025.12,2026.12,2026.03,2026.06,7.91,1.05,2009.0,15198.0,14.8,12.61,9.96,3.46,26.52,37.96,1962.0,247.0,195.0,7.41,,1708.0,,,11.09,,,,,1921.0,213.0,,9.68,1.08,98.0,14759.0,12.2,-12.67,5.59,3.46,73.03,37.86,171.0,-22.0,10.0,,,,,,,,,,,,,
420770,기가비스,2026-07-08 05:27,2025.12,2026.12,2026.03,2026.06,25.84,1.89,1219.0,16646.0,7.42,23.08,29.47,2.54,65.63,13.4,524.0,121.0,155.0,158.06,8.55,959.0,17719.0,5.58,25.46,30.25,,,,784.0,200.0,237.0,97.02,4.57,50.0,15898.0,1.68,-16.21,10.61,2.54,82.55,20.69,60.0,-10.0,6.0,,,130.0,,,21.17,,,,,180.0,38.0,
040910,아이씨디,2026-07-08 05:27,2025.12,2026.12,2026.03,2026.06,-37.92,0.64,-102.0,6034.0,-1.95,2.26,-1.01,,,46.63,1970.0,45.0,-20.0,,,,,,,,,,,,,,65.22,0.89,-192.0,5812.0,1.6,-22.42,-15.88,,,86.91,224.0,-50.0,-36.0,,,,,,,,,,,,,
469750,아이비젼웍스,2026-07-08 05:27,2025.12,2026.12,2026.03,2026.06,-110.88,1.21,-11.0,1050.0,-1.09,-1.7,-1.7,,,28.94,230.0,-4.0,-4.0,,,,,,,,,,,,,,-454.65,1.02,-7.0,1043.0,-0.22,-10.39,-5.42,,,28.63,45.0,-5.0,-2.0,,,,,,,,,,,,,
267320,나인테크,2026-07-08 05:27,2025.12,2026.12,2026.03,2026.06,-8.84,1.81,-327.0,1599.0,-21.17,-10.83,-21.15,,,75.82,824.0,-89.0,-174.0,,,,,,,,,,,,,,-12.0,1.88,16.0,1615.0,-16.85,7.42,4.09,,,78.57,198.0,15.0,8.0,,,,,,,,,,,,,
043260,성호전자,2026-07-08 05:27,2025.12,2026.12,2026.03,2026.06,6.89,2.61,1341.0,3536.0,46.27,3.26,39.31,,,128.77,2316.0,76.0,910.0,4.35,2.12,4882.0,10044.0,71.78,13.27,115.21,,,,3020.0,401.0,3480.0,6.46,4.6,4505.0,8204.0,113.32,4.85,484.02,,,131.66,660.0,32.0,3195.0,,,,,,12.0,,,,,750.0,90.0,
081180,쎄크,2026-07-08 05:27,2025.12,2026.12,2026.03,2026.06,-35.35,3.96,-450.0,4016.0,-13.51,-5.18,-6.39,,,137.48,592.0,-31.0,-38.0,46.97,,130.0,,,2.58,1.65,,,,698.0,18.0,12.0,-21.33,3.17,-402.0,3622.0,-18.79,-38.56,-36.45,,,163.56,97.0,-38.0,-35.0,,,,,,,,,,,,,
310870,디와이씨,2026-07-08 05:27,2025.12,2026.12,2026.03,2026.06,7.01,0.48,178.0,2610.0,7.02,4.61,3.31,1.61,11.26,143.59,1110.0,51.0,37.0,,,,,,,,,,,,,,7.57,0.56,128.0,2718.0,7.69,7.72,7.98,1.61,48.4,153.37,332.0,26.0,26.0,,,,,,,,,,,,,
019540,일지테크,2026-07-08 05:27,2025.12,2026.12,2026.03,2026.06,1.24,0.29,3380.0,14517.0,26.7,5.62,5.34,3.58,4.34,237.01,8551.0,480.0,457.0,,,,,,,,,,,,,,1.47,0.37,1263.0,15865.0,29.63,6.16,7.68,3.58,8.21,216.71,2222.0,137.0,171.0,,,,,,,,,,,,,
371950,풍원정밀,2026-07-08 05:27,2025.12,2026.12,2026.03,2026.06,-8.38,16.8,-1087.0,542.0,-133.88,-61.59,-72.87,,,551.47,324.0,-199.0,-236.0,,,,,,,,,,,,,,-12.49,32.21,-175.0,380.0,-143.87,-33.47,-44.24,,,803.87,90.0,-30.0,-40.0,,,,,,,,,,,,,
482630,삼양엔씨켐,2026-07-08 05:27,2025.12,2026.12,2026.03,2026.06,16.65,2.1,688.0,5448.0,14.69,14.06,11.88,,,21.42,1254.0,176.0,149.0,14.42,2.24,1028.0,6602.0,17.06,15.39,13.69,,,,1644.0,253.0,225.0,19.9,2.68,259.0,5705.0,14.45,16.01,13.93,,,20.25,407.0,65.0,57.0,,,263.0,,,16.05,14.09,,,,408.0,66.0,58.0
079810,APS이노베이션,2026-07-08 05:27,2025.12,2026.12,2026.03,2026.06,1243.2,0.65,4.0,7818.0,0.05,3.45,0.12,,,32.61,740.0,26.0,1.0,,,,,,,,,,,,,,18.19,0.52,302.0,8150.0,3.0,15.28,33.11,,,32.32,196.0,30.0,65.0,,,,,,,,,,,,,
234030,싸이닉솔루션,2026-07-08 05:27,2025.12,2026.12,2026.03,2026.06,111.91,5.72,79.0,1548.0,6.2,1.63,1.15,,,74.37,1546.0,25.0,18.0,,,,,,,,,,,,,,,3.81,66.0,1621.0,,-0.08,3.87,,,87.85,404.0,-0.0,16.0,,,,,,,,,,,,,
466100,클로봇,2026-07-08 05:27,2025.12,2026.12,2026.03,2026.06,-687.16,26.09,-87.0,2415.0,-3.58,-7.68,-5.19,,,20.84,414.0,-32.0,-22.0,,,,,,,,,,,,,,-864.37,20.72,-88.0,2334.0,-2.27,-30.8,-27.17,,,15.36,81.0,-25.0,-22.0,,,,,,,,,,,,,
459510,나우로보틱스,2026-07-08 05:27,2025.12,2026.12,2026.03,2026.06,-30.32,17.03,-701.0,1248.0,-75.89,-65.51,-66.45,,,98.01,125.0,-82.0,-83.0,,,,,,,,,,,,,,-29.81,17.27,-242.0,1015.0,-77.18,-87.2,-106.07,,,568.13,30.0,-26.0,-32.0,,,,,,,,,,,,,
437730,삼현,2026-07-08 05:27,2025.12,2026.12,2026.03,2026.06,168.16,13.24,328.0,4168.0,8.46,0.85,10.2,0.09,15.12,53.4,950.0,8.0,97.0,,,,,,,,,,,,,,265.41,11.22,-76.0,4010.0,4.44,-13.3,-14.24,0.09,32.85,60.73,188.0,-25.0,-27.0,,,,,,,,,,,,,
298830,슈어소프트테크,2026-07-08 05:27,2025.12,2026.12,2026.03,2026.06,49.3,3.98,163.0,2019.0,8.6,13.41,10.25,,,46.84,939.0,126.0,96.0,,,,,,,,,,,,,,36.18,3.23,2.0,2020.0,9.58,-2.05,-3.22,,,38.88,202.0,-4.0,-7.0,,,,,,,,,,,,,
370090,퓨런티어,2026-07-08 05:27,2025.12,2026.12,2026.03,2026.06,-23.51,3.52,-719.0,4810.0,-13.92,-58.98,-50.67,,,8.24,121.0,-72.0,-62.0,,,,,,,,,,,,,,-17.28,2.55,-132.0,4678.0,-13.72,-42.45,-33.34,,,13.67,34.0,-14.0,-11.0,,,,,,,,,,,,,
082210,옵트론텍,2026-07-08 05:27,2025.12,2026.12,2026.03,2026.06,-2.61,0.92,-649.0,1841.0,-30.51,-1.59,-11.22,,,291.27,1957.0,-31.0,-220.0,13.66,,129.0,,,6.12,,,,,2287.0,140.0,,-3.11,1.0,-17.0,1886.0,-28.97,7.44,-0.95,,,291.27,593.0,44.0,-6.0,,,42.0,,,5.61,,,,,535.0,30.0,
123010,알엔티엑스,2026-07-08 05:27,2025.12,2026.12,2026.03,2026.06,-10.89,1.35,-101.0,815.0,-11.59,0.54,-8.57,,,75.2,384.0,2.0,-33.0,,,,,,,,,,,,,,-17.12,1.19,42.0,860.0,-6.68,13.96,14.06,,,76.88,97.0,14.0,14.0,,,,,,,,,,,,,
290740,액트로,2026-07-08 05:27,2025.12,2026.12,2026.03,2026.06,22.05,2.03,733.0,7978.0,10.37,2.69,2.99,0.62,12.43,68.99,2449.0,66.0,73.0,,,,,,,,,,,,,,16.4,1.84,249.0,9193.0,13.43,-1.0,5.16,0.62,27.14,49.79,487.0,-5.0,25.0,,,,,,,,,,,,,
208710,포톤,2026-07-08 05:27,2025.12,2026.12,2026.03,2026.06,-4.46,0.6,-483.0,3611.0,-12.54,-0.04,-4.94,,,94.87,1287.0,-0.0,-64.0,,,,,,,,,,,,,,-7.38,0.53,36.0,3707.0,-7.05,-1.0,1.77,,,85.54,267.0,-3.0,5.0,,,,,,,,,,,,,
017860,DS단석,2026-07-08 05:27,2025.12,2026.12,2026.03,2026.06,-26.84,1.19,-677.0,15301.0,-4.37,0.84,-1.26,0.05,-1.46,180.8,9549.0,80.0,-121.0,,,,,,,,,,,,,,-17.14,1.27,-105.0,15244.0,-7.24,1.58,-0.67,0.05,-1.53,208.59,2781.0,44.0,-19.0,,,,,,,,,,,,,
256940,킵스파마,2026-07-08 05:27,2025.12,2026.12,2026.03,2026.06,-20.85,3.37,-499.0,3088.0,-17.45,0.92,-6.1,,,187.01,1701.0,16.0,-104.0,,,,,,,,,,,,,,-63.8,2.3,282.0,3319.0,-3.91,-1.12,9.63,,,186.14,594.0,-7.0,57.0,,,,,,,,,,,,,
163560,동일고무벨트,2026-07-08 05:27,2025.12,2026.12,2026.03,2026.06,8.96,0.4,767.0,17082.0,4.59,5.09,2.68,2.18,19.56,48.68,3646.0,186.0,98.0,,,,,,,,,,,,,,4.91,0.38,746.0,17664.0,8.03,8.15,10.67,2.18,46.37,48.59,954.0,78.0,102.0,,,,,,,,,,,,,
365330,에스와이스틸텍,2026-07-08 05:27,2025.12,2026.12,2026.03,2026.06,-66.33,1.78,-51.0,1912.0,-2.87,-2.75,-2.15,0.65,25.26,26.58,974.0,-27.0,-21.0,,,,,,,,,,,,,,122.81,1.76,-14.0,1887.0,1.34,-3.37,-4.14,,,31.97,175.0,-6.0,-7.0,,,,,,,,,,,,,
023960,에쓰씨엔지니어링,2026-07-08 05:27,2025.12,2026.12,2026.03,2026.06,-9.99,1.05,-130.0,1242.0,-10.21,-2.88,-2.76,,,188.75,1723.0,-50.0,-48.0,,,,,,,,,,,,,,-8.12,1.19,-81.0,1170.0,-14.34,-9.53,-16.07,,,175.22,193.0,-18.0,-31.0,,,,,,,,,,,,,
192410,오늘이엔엠,2026-07-08 05:27,2025.12,2026.12,2026.03,2026.06,-0.23,10.7,-6389.0,137.0,-405.07,-11.07,-468.76,,,767.36,167.0,-18.0,-783.0,,,,,,,,,,,,,,-1.05,21.38,-46.0,221.0,-447.32,-7.54,-24.2,,,1191.29,51.0,-4.0,-12.0,,,,,,,,,,,,,
045970,코아시아,2026-07-08 05:27,2025.12,2026.12,2026.03,2026.06,-10.87,1.86,-533.0,3119.0,-16.66,-0.6,-5.12,,,195.95,3751.0,-22.0,-192.0,,,,,,,,,,,,,,-10.88,1.35,85.0,3382.0,-12.73,-1.67,-0.17,,,239.45,1218.0,-20.0,-2.0,,,,,,,,,,,,,
080520,오디텍,2026-07-08 05:27,2025.12,2026.12,2026.03,2026.06,41.72,0.28,76.0,11389.0,0.7,-6.0,2.35,3.15,127.13,4.03,380.0,-23.0,9.0,,,,,,,,,,,,,,-75.57,0.31,-92.0,11190.0,-0.43,-21.09,-15.59,3.15,131.29,11.17,111.0,-23.0,-17.0,,,,,,,,,,,,,
096870,엘디티,2026-07-08 05:27,2025.12,2026.12,2026.03,2026.06,13.98,1.05,182.0,2426.0,7.04,2.77,11.24,,,11.18,110.0,3.0,12.0,,,,,,,,,,,,,,11.66,0.93,-26.0,2400.0,7.96,-26.28,-12.94,,,11.64,17.0,-4.0,-2.0,,,,,,,,,,,,,
001210,금호전기,2026-07-08 05:27,2025.12,2026.12,2026.03,2026.06,-9.24,1.3,-56.0,400.0,-14.57,-2.67,-8.88,,,204.26,443.0,-12.0,-39.0,,,,,,,,,,,,,,-126.02,1.72,44.0,450.0,-1.49,0.39,25.08,,,125.99,108.0,0.0,27.0,,,,,,,,,,,,,
050760,에스폴리텍,2026-07-08 05:27,2025.12,2026.12,2026.03,2026.06,-2.6,0.38,-538.0,3652.0,-14.46,-7.21,-13.17,1.87,7.68,95.19,668.0,-48.0,-88.0,,,,,,,,,,,,,,-4.25,0.36,130.0,3805.0,-8.67,1.86,12.02,,,95.9,176.0,3.0,21.0,,,,,,,,,,,,,
382800,지앤비에스 에코,2026-07-08 05:27,2025.12,2026.12,2026.03,2026.06,14.25,0.76,199.0,3701.0,5.51,8.44,6.87,4.24,60.48,18.39,919.0,78.0,63.0,6.44,1.13,754.0,4313.0,18.82,18.1,16.19,,,,1440.0,260.0,233.0,12.3,1.51,316.0,3898.0,12.86,21.64,24.12,4.24,90.09,24.5,418.0,90.0,101.0,,,145.0,,,16.67,,,,,300.0,50.0,
072950,빛샘전자,2026-07-08 05:27,2025.12,2026.12,2026.03,2026.06,5.63,0.51,938.0,10357.0,9.57,7.44,6.39,1.33,7.42,39.07,1209.0,90.0,77.0,,,,,,,,,,,,,,5.68,0.63,406.0,10705.0,11.8,9.76,8.69,1.33,20.93,40.63,389.0,38.0,34.0,,,,,,,,,,,,,
267850,아시아나IDT,2026-07-08 05:27,2025.12,2026.12,2026.03,2026.06,10.0,0.72,1138.0,15701.0,7.37,6.25,6.51,4.39,43.93,24.11,1941.0,121.0,126.0,,,,,,,,,,,,,,8.86,0.66,247.0,15445.0,7.58,4.42,5.98,4.39,130.25,24.03,458.0,20.0,27.0,,,,,,,,,,,,,
070590,인티큐브,2026-07-08 05:27,2025.12,2026.12,2026.03,2026.06,37.66,2.26,57.0,954.0,6.2,1.62,1.38,,,143.94,648.0,10.0,9.0,,,,,,,,,,,,,,-12.36,2.52,-170.0,767.0,-18.34,-21.78,-22.63,,,128.9,104.0,-23.0,-24.0,,,,,,,,,,,,,
242040,나무기술,2026-07-08 05:27,2025.12,2026.12,2026.03,2026.06,-16.28,1.27,-81.0,1045.0,-8.02,2.2,-1.84,,,119.28,1023.0,23.0,-19.0,,,,,,,,,,,,,,-154.18,5.35,7.0,1131.0,-3.68,1.12,2.19,,,141.31,370.0,4.0,8.0,,,,,,,,,,,,,
029480,광무,2026-07-08 05:27,2025.12,2026.12,2026.03,2026.06,-4.33,0.61,-506.0,3601.0,-12.98,-55.84,-384.21,,,7.18,76.0,-42.0,-291.0,,,,,,,,,,,,,,3.88,0.52,306.0,3852.0,14.33,-75.89,1598.3,,,8.07,12.0,-9.0,188.0,,,,,,,,,,,,,
045510,정원엔시스,2026-07-08 05:27,2025.12,2026.12,2026.03,2026.06,25.6,0.62,35.0,1433.0,2.53,0.97,0.56,,,101.79,2009.0,19.0,11.0,,,,,,,,,,,,,,17.43,0.69,23.0,1456.0,4.12,1.7,0.97,,,129.33,753.0,13.0,7.0,,,,,,,,,,,,,
200230,텔콘RF제약,2026-07-08 05:27,2025.12,2026.12,2026.03,2026.06,-3.46,0.48,-2214.0,15856.0,-11.97,1.67,-26.48,,,43.97,432.0,7.0,-114.0,,,,,,,,,,,,,,-4.69,0.49,-1673.0,14191.0,-10.04,-14.7,-118.24,,,54.37,97.0,-14.0,-115.0,,,,,,,,,,,,,
109080,옵티시스,2026-07-08 05:27,2025.12,2026.12,2026.03,2026.06,10.31,0.65,785.0,12530.0,7.7,17.55,17.19,3.09,26.7,10.23,257.0,45.0,44.0,,,,,,,,,,,,,,14.5,0.81,282.0,12717.0,6.85,18.93,24.03,1.85,190.88,12.15,66.0,13.0,16.0,,,,,,,,,,,,,
088800,에이스테크,2026-07-08 05:27,2025.12,2026.12,2026.03,2026.06,-7.75,3.2,-378.0,914.0,-34.63,-12.42,-16.32,,,260.26,1784.0,-222.0,-291.0,,,,,,,,,,,,,,-10.06,4.48,-47.0,855.0,-35.51,-12.31,-11.02,,,291.84,332.0,-41.0,-37.0,,,,,,,,,,,,,
036810,에프에스티,2026-07-08 05:27,2025.12,2026.12,2026.03,2026.06,-55.15,2.61,-556.0,11742.0,-5.05,-0.19,-5.11,0.2,-0.83,122.88,2803.0,-5.0,-143.0,,,,,,,,,,,,,,-53.12,2.94,-130.0,12415.0,-5.96,2.04,-4.05,,-4.0,108.8,696.0,14.0,-28.0,,,,,,,,,,,,,
004870,티웨이홀딩스,2026-07-08 05:27,2025.12,2026.12,2026.03,2026.06,-0.97,0.58,-493.0,832.0,-45.84,-71.62,-1106.91,,,26.54,50.0,-36.0,-557.0,,,,,,,,,,,,,,-0.48,0.65,-322.0,510.0,-81.27,-30.17,-3336.9,,,42.51,11.0,-3.0,-364.0,,,,,,,,,,,,,
241790,티이엠씨씨엔에스,2026-07-08 05:27,2025.12,2026.12,2026.03,2026.06,15.72,0.56,420.0,11871.0,3.78,5.35,2.54,1.06,15.66,45.02,1680.0,90.0,43.0,,,,,,,,,,,,,,40.18,0.64,-13.0,11797.0,1.68,-15.49,-1.65,1.06,147.01,64.62,233.0,-36.0,-4.0,,,,,,,,,,,,,
333620,엔시스,2026-07-08 05:27,2025.12,2026.12,2026.03,2026.06,-9.72,1.25,-640.0,4968.0,-11.74,-12.51,-14.0,0.64,-6.12,65.43,488.0,-61.0,-68.0,,,,,,,,,,,,,,-6.33,1.16,-97.0,4830.0,-16.47,-14.43,-9.02,0.64,-12.0,90.49,114.0,-16.0,-10.0,,,,,,,,,,,,,
382480,지아이텍,2026-07-08 05:27,2025.12,2026.12,2026.03,2026.06,83.91,0.88,23.0,2160.0,1.08,3.1,2.62,0.58,54.77,33.41,362.0,11.0,10.0,,,,,,,,,,,,,,27.13,1.05,48.0,2198.0,4.05,5.12,21.74,0.58,24.63,36.56,101.0,5.0,22.0,,,,,,,,,,,,,
251630,브이원텍,2026-07-08 05:27,2025.12,2026.12,2026.03,2026.06,-9.47,0.82,-589.0,6767.0,-8.48,-26.18,-30.33,1.79,-16.8,62.44,490.0,-128.0,-149.0,,,,,,,,,,,,,,-9.74,0.78,-86.0,6615.0,-7.89,-25.41,-17.36,1.79,-48.43,53.09,189.0,-48.0,-33.0,,,,,,,,,,,,,
455180,케이지에이,2026-07-08 05:27,2025.12,2026.12,2026.03,2026.06,-4.07,1.05,-781.0,3014.0,-29.12,-20.35,-53.13,,,142.45,181.0,-37.0,-96.0,,,,,,,,,,,,,,-8.98,1.01,-112.0,2905.0,-20.53,-136.03,-174.04,,,152.03,9.0,-12.0,-16.0,,,,,,,,,,,,,
277880,티에스아이,2026-07-08 05:27,2025.12,2026.12,2026.03,2026.06,30.99,0.94,156.0,5136.0,3.08,3.12,1.46,,61.02,140.52,2647.0,82.0,39.0,,,,,,,,,,,,,,10.76,0.9,367.0,5437.0,8.74,7.47,17.84,,330.3,146.3,509.0,38.0,91.0,,,,,,,,,,,,,
032960,동일기연,2026-07-08 05:27,2025.12,2026.12,2026.03,2026.06,10.02,0.82,1575.0,19224.0,9.99,-0.29,30.35,3.17,25.79,6.63,216.0,-1.0,65.0,,,,,,,,,,,,,,6.72,0.82,1001.0,19587.0,14.38,9.59,57.31,3.17,62.84,8.38,61.0,6.0,35.0,,,,,,,,,,,,,
368600,아이씨에이치,2026-07-08 05:27,2025.12,2026.12,2026.03,2026.06,-0.94,0.86,-1254.0,1381.0,-70.4,-30.93,-52.73,,,255.47,469.0,-145.0,-247.0,,,,,,,,,,,,,,-0.99,0.64,6.0,1357.0,-50.54,6.82,1.2,,,189.07,106.0,7.0,1.0,,,,,,,,,,,,,
051490,나라엠앤디,2026-07-08 05:27,2025.12,2026.12,2026.03,2026.06,10.5,0.49,371.0,7899.0,5.12,-0.04,2.54,2.31,22.59,148.84,1846.0,-1.0,47.0,,,,,,,,,,,,,,46.49,0.45,-219.0,7762.0,1.05,-7.37,-9.43,2.31,-125.99,162.52,383.0,-28.0,-36.0,,,,,,,,,,,,,
475660,에스켐,2026-07-08 05:27,2025.12,2026.12,2026.03,2026.06,-20.3,1.22,-273.0,4552.0,-5.83,-9.19,-9.81,,,9.94,221.0,-20.0,-22.0,,,,,,,,,,,,,,-19.11,1.12,62.0,4614.0,-5.7,4.54,7.33,,,12.07,67.0,3.0,5.0,,,,,,,,,,,,,
015750,성우하이텍,2026-07-08 05:27,2025.12,2026.12,2026.03,2026.06,3.23,0.32,2110.0,21208.0,10.52,5.54,4.06,2.94,9.48,134.77,43827.0,2427.0,1778.0,,,,,,,,,,,,,,4.18,0.38,399.0,21854.0,9.73,5.1,2.92,2.94,29.5,140.81,10696.0,545.0,312.0,,,,,,,,,,,,,
067570,엔브이에이치코리아,2026-07-08 05:27,2025.12,2026.12,2026.03,2026.06,-7.16,0.45,-311.0,4978.0,-5.99,-1.35,-2.77,6.74,-47.78,371.09,16239.0,-219.0,-450.0,,,,,,,,,,,,,,-2.75,0.42,-13.0,4984.0,-14.66,2.75,0.02,6.74,-15.86,388.56,3832.0,105.0,1.0,,,,,,,,,,,,,
130500,GH신소재,2026-07-08 05:27,2025.12,2026.12,2026.03,2026.06,-7.12,0.44,-341.0,5566.0,-5.94,7.81,-4.54,,,105.92,876.0,68.0,-40.0,,,,,,,,,,,,,,-7.03,0.42,100.0,5747.0,-5.89,9.63,7.89,,,106.0,211.0,20.0,17.0,,,,,,,,,,,,,
172670,에이엘티,2026-07-08 05:27,2025.12,2026.12,2026.03,2026.06,-12.92,1.23,-1001.0,10470.0,-9.22,-15.29,-18.34,0.44,17.25,119.72,484.0,-74.0,-89.0,,,,,,,,,,,,,,-13.15,1.05,-265.0,10202.0,-7.78,-6.22,-16.12,,,113.66,138.0,-9.0,-22.0,,,,,,,,,,,,,
062970,한국첨단소재,2026-07-08 05:27,2025.12,2026.12,2026.03,2026.06,-4.39,4.66,-329.0,310.0,-134.86,-95.37,-347.98,,,41.46,36.0,-34.0,-125.0,,,,,,,,,,,,,,-22.01,3.48,-14.0,663.0,-15.79,-66.94,-56.59,,,13.44,11.0,-7.0,-6.0,,,,,,,,,,,,,
115440,우리넷,2026-07-08 05:27,2025.12,2026.12,2026.03,2026.06,21.32,0.79,340.0,9217.0,3.91,2.58,4.86,0.69,13.91,34.99,755.0,19.0,37.0,10.88,0.74,667.0,9870.0,7.39,7.51,6.22,,,,1158.0,87.0,72.0,108.3,1.08,-308.0,9218.0,1.06,-33.88,-32.55,0.69,115.34,38.04,118.0,-40.0,-38.0,,,,,,,,,,,,,
131760,파인텍,2026-07-08 05:27,2025.12,2026.12,2026.03,2026.06,-4.54,1.18,-844.0,3245.0,-22.65,-6.33,-17.25,,,195.42,463.0,-29.0,-80.0,,,,,,,,,,,,,,-3.59,0.98,-136.0,3201.0,-23.98,-26.82,-13.69,,,191.68,99.0,-27.0,-14.0,,,,,,,,,,,,,
469610,이노테크,2026-07-08 05:27,2025.12,2026.12,2026.03,2026.06,22.11,3.53,1110.0,6961.0,18.15,11.41,11.26,,,46.08,757.0,86.0,85.0,,,,,,,,,,,,,,14.84,2.39,445.0,7381.0,18.15,15.35,20.41,,,45.28,199.0,30.0,41.0,,,,,,,,,,,,,
141000,비아트론,2026-07-08 05:27,2025.12,2026.12,2026.03,2026.06,8.22,0.41,888.0,17991.0,6.0,14.1,16.01,1.37,9.33,13.09,651.0,92.0,104.0,,,,,,,,,,,,,,25.48,0.54,102.0,18033.0,2.56,-12.68,7.49,1.37,24.21,14.66,156.0,-20.0,12.0,,,,,,,,,,,,,
484120,도우인시스,2026-07-08 05:27,2025.12,2026.12,2026.03,2026.06,529.91,1.68,49.0,15451.0,0.34,2.42,0.35,,,35.77,1398.0,34.0,5.0,,,,,,,,,,,,,,21.8,1.17,524.0,16034.0,6.04,6.78,21.4,,,33.44,268.0,18.0,57.0,,,,,,,,,,,,,
179900,유티아이,2026-07-08 05:27,2025.12,2026.12,2026.03,2026.06,-10.22,5.98,-1957.0,3344.0,-53.43,-241.89,-187.21,,,227.41,200.0,-483.0,-374.0,,,,,,,,,,,,,,-7.08,5.28,-770.0,2881.0,-69.49,-276.11,-319.49,,,308.69,48.0,-132.0,-152.0,,,,,,,,,,,,,
014190,원익큐브,2026-07-08 05:27,2025.12,2026.12,2026.03,2026.06,20.42,0.52,79.0,3111.0,2.58,1.16,0.98,,,36.04,2848.0,33.0,28.0,,,,,,,,,,,,,,14.82,0.52,50.0,3161.0,3.6,3.55,2.48,,,43.12,714.0,25.0,18.0,,,,,,,,,,,,,
055490,테이팩스,2026-07-08 05:27,2025.12,2026.12,2026.03,2026.06,33.09,0.43,423.0,32645.0,1.3,1.78,1.43,1.43,47.3,29.11,1411.0,25.0,20.0,,,,,,,,,,,,,,14.34,0.47,416.0,32884.0,3.33,4.77,5.13,1.43,50.72,31.36,386.0,18.0,20.0,,,,,,,,,,,,,
441270,파인엠텍,2026-07-08 05:27,2025.12,2026.12,2026.03,2026.06,-25.04,2.2,-393.0,4459.0,-8.89,0.81,-6.46,,,94.54,2391.0,19.0,-154.0,10.61,,610.0,,,6.98,,,,,5287.0,369.0,,-41.74,2.1,58.0,4557.0,-5.16,-4.78,5.53,,,93.11,461.0,-22.0,25.0,,,59.0,,,5.78,,,,,709.0,41.0,
073570,리튬포어스,2026-07-08 05:27,2025.12,2026.12,2026.03,2026.06,-3.21,0.94,-1354.0,4643.0,-24.6,-42.07,-125.82,,,5.82,107.0,-45.0,-134.0,,,,,,,,,,,,,,-3.21,0.76,-88.0,4555.0,-24.6,-64.95,-43.35,,,11.21,29.0,-19.0,-13.0,,,,,,,,,,,,,
382840,원준,2026-07-08 05:27,2025.12,2026.12,2026.03,2026.06,-8.92,1.1,-861.0,6969.0,-11.68,4.68,-8.82,2.11,81.24,64.32,1491.0,70.0,-131.0,,,,,,,,,,,,,,-8.02,1.22,-143.0,6933.0,-14.44,-736.1,-358.93,,,67.44,6.0,-45.0,-22.0,,,,,,,,,,,,,
149950,아바텍,2026-07-08 05:27,2025.12,2026.12,2026.03,2026.06,21.83,0.9,459.0,11122.0,4.66,7.6,8.55,2.0,39.51,7.41,809.0,61.0,69.0,11.38,0.8,827.0,11750.0,7.23,12.21,13.14,,,,860.0,105.0,113.0,16.51,0.86,67.0,10945.0,5.71,4.52,5.42,2.0,99.93,7.29,170.0,8.0,9.0,,,205.0,,,12.26,13.21,,,,212.0,26.0,28.0
005070,코스모신소재,2026-07-08 05:27,2025.12,2026.12,2026.03,2026.06,-2692.39,2.83,-16.0,15288.0,-0.1,0.52,-0.11,,,45.14,4563.0,24.0,-5.0,181.14,2.64,221.0,15135.0,1.46,2.29,1.19,,,,6153.0,141.0,73.0,-279.13,3.18,-110.0,16215.0,-1.16,0.71,-2.91,,,50.51,1227.0,9.0,-36.0,,,12.0,,,1.83,0.33,,,,1220.0,22.0,4.0
290670,대보마그네틱,2026-07-08 05:27,2025.12,2026.12,2026.03,2026.06,-2.82,5.3,-4518.0,2406.0,-100.32,-39.94,-135.77,,,164.24,261.0,-104.0,-355.0,,,,,,,,,,,,,,-2.43,5.22,-238.0,2167.0,-106.31,-163.32,-163.96,,,193.01,11.0,-19.0,-19.0,,,,,,,,,,,,,
278280,천보,2026-07-08 05:27,2025.12,2026.12,2026.03,2026.06,-8.61,1.35,-5710.0,36443.0,-14.64,2.77,-44.84,,,81.76,1338.0,37.0,-600.0,-36.23,1.08,-1006.0,33656.0,-2.94,-5.01,-6.94,,,,1984.0,-99.0,-138.0,-7.58,1.33,-748.0,36471.0,-16.84,-8.37,-23.4,,,75.26,408.0,-34.0,-95.0,,,-460.0,,,-12.51,-13.18,,,,448.0,-56.0,-59.0
114190,강원에너지,2026-07-08 05:27,2025.12,2026.12,2026.03,2026.06,-53.62,9.5,-234.0,1321.0,-16.31,-2.87,-3.99,,,128.99,2123.0,-61.0,-85.0,,,,,,,,,,,,,,-55.17,12.14,-35.0,1285.0,-19.84,-1.66,-2.12,,,161.74,522.0,-9.0,-11.0,,,,,,,,,,,,,
051980,중앙첨단소재,2026-07-08 05:27,2025.12,2026.12,2026.03,2026.06,-46.85,2.64,-53.0,936.0,-5.49,-23.03,-27.79,,,22.65,198.0,-46.0,-55.0,,,,,,,,,,,,,,-44.3,1.59,-1.0,937.0,-3.61,-99.62,-4.12,,,22.76,23.0,-23.0,-1.0,,,,,,,,,,,,,
011500,한농화성,2026-07-08 05:27,2025.12,2026.12,2026.03,2026.06,59.87,1.33,247.0,11152.0,2.28,1.67,1.8,0.27,16.18,36.68,2145.0,36.0,39.0,,,,,,,,,,,,,,75.97,1.76,213.0,11325.0,2.39,5.63,5.61,0.27,-241.51,39.6,594.0,33.0,33.0,,,,,,,,,,,,,
413390,엠오티,2026-07-08 05:27,2025.12,2026.12,2026.03,2026.06,23.71,1.37,300.0,5203.0,5.9,5.84,4.6,1.41,33.34,99.13,755.0,44.0,35.0,,,,,,,,,,,,,,25.97,1.55,25.0,5135.0,6.13,1.34,2.6,1.41,95.28,128.13,114.0,2.0,3.0,,,,,,,,,,,,,
281740,레이크머티리얼즈,2026-07-08 05:27,2025.12,2026.12,2026.03,2026.06,126.11,7.2,117.0,2049.0,5.8,9.4,5.53,0.2,25.65,161.94,1412.0,133.0,78.0,,,,,,,,,,,,,,104.56,9.22,97.0,2116.0,9.16,12.8,19.43,0.2,45.35,164.49,332.0,42.0,64.0,,,,,,,,,,,,,
259630,엠플러스,2026-07-08 05:27,2025.12,2026.12,2026.03,2026.06,7.0,1.37,1689.0,8620.0,22.12,13.33,11.2,1.69,11.5,136.71,1842.0,246.0,206.0,5.73,1.01,1781.0,10140.0,19.39,13.77,11.86,,,,1830.0,252.0,217.0,5.43,1.36,972.0,9420.0,29.0,19.99,23.09,1.69,71.64,107.07,510.0,102.0,118.0,,,,,,,,,,,,,
457190,이수스페셜티케미컬,2026-07-08 05:27,2025.12,2026.12,2026.03,2026.06,2323.95,13.46,25.0,4398.0,0.6,0.39,0.19,,,175.79,4115.0,16.0,8.0,,,,,,2.04,0.47,,,,4435.0,90.0,21.0,239.2,20.01,62.0,4462.0,4.48,3.21,1.74,,,195.03,1086.0,35.0,19.0,,,,,,1.84,,,,,1090.0,20.0,
317330,덕산테코피아,2026-07-08 05:27,2025.12,2026.12,2026.03,2026.06,-4.52,3.0,-3746.0,5642.0,-48.94,-38.39,-94.17,,,507.37,1121.0,-430.0,-1056.0,,,,,,2.2,,,,,2450.0,54.0,,-5.02,3.45,-457.0,5392.0,-50.8,-26.53,-38.6,,,580.87,391.0,-104.0,-151.0,,,,,,,,,,,,,
131400,이브이첨단소재,2026-07-08 05:27,2025.12,2026.12,2026.03,2026.06,-4.44,0.81,-313.0,1723.0,-17.09,-5.39,-36.59,,,32.86,590.0,-32.0,-216.0,,,,,,,,,,,,,,-6.78,0.93,3.0,1712.0,-13.05,2.23,1.26,,,28.38,159.0,4.0,2.0,,,,,,,,,,,,,
418550,제이오,2026-07-08 05:27,2025.12,2026.12,2026.03,2026.06,-30.15,1.23,-232.0,5708.0,-4.27,-7.67,-13.49,,,21.94,552.0,-42.0,-74.0,,,,,,,,,,,,,,-18.41,1.36,-12.0,5696.0,-7.95,-27.36,-5.5,,,19.5,72.0,-20.0,-4.0,,,,,,,,,,,,,
218410,RFHIC,2026-07-08 05:27,2025.12,2026.12,2026.03,2026.06,30.18,2.44,1082.0,13376.0,8.84,16.63,19.11,1.23,35.39,37.77,1858.0,309.0,355.0,34.78,4.04,1665.0,14329.0,12.35,20.73,19.96,,,,2616.0,542.0,522.0,63.19,5.45,253.0,13755.0,9.39,17.96,20.1,1.23,84.51,33.63,431.0,77.0,87.0,,,381.0,,,20.38,16.51,,,,600.0,122.0,99.0
010170,대한광통신,2026-07-08 05:27,2025.12,2026.12,2026.03,2026.06,-8.79,4.34,-242.0,491.0,-52.05,-15.35,-20.06,,,228.6,1394.0,-214.0,-280.0,,,,,,,,,,,,,,-37.77,9.7,-26.0,746.0,-28.74,-11.57,-10.72,,,116.7,342.0,-40.0,-37.0,,,,,,,,,,,,,
100590,머큐리,2026-07-08 05:27,2025.12,2026.12,2026.03,2026.06,-19.43,0.34,-156.0,8897.0,-2.07,-0.59,-1.9,,,24.08,1239.0,-7.0,-24.0,,,,,,,,,,,,,,63.45,0.53,86.0,8983.0,1.01,-4.48,5.13,,,29.46,260.0,-12.0,13.0,,,,,,,,,,,,,
388790,라이콤,2026-07-08 05:27,2025.12,2026.12,2026.03,2026.06,306.84,3.71,9.0,709.0,1.23,3.29,1.47,,,32.52,177.0,6.0,3.0,,,,,,,,,,,,,,-298.1,7.21,-23.0,684.0,-2.43,-32.19,-26.13,,,35.62,27.0,-9.0,-7.0,,,,,,,,,,,,,
069540,빛과전자,2026-07-08 05:27,2025.12,2026.12,2026.03,2026.06,-1.56,0.62,-380.0,947.0,-32.62,-52.03,-61.85,,,57.3,318.0,-165.0,-197.0,,,,,,,,,,,,,,-7.29,3.15,-38.0,787.0,-30.4,-24.38,-46.65,,,36.52,71.0,-17.0,-33.0,,,,,,,,,,,,,
327260,RF머트리얼즈,2026-07-08 05:27,2025.12,2026.12,2026.03,2026.06,27.71,3.71,812.0,6069.0,15.05,11.5,16.19,,,48.39,641.0,74.0,104.0,34.29,6.49,1379.0,7290.0,20.67,16.52,14.8,,,,989.0,163.0,146.0,57.68,9.42,281.0,6470.0,18.73,15.96,16.88,,,41.31,200.0,32.0,34.0,,,382.0,,,16.5,,,,,248.0,41.0,
446540,메가터치,2026-07-08 05:27,2025.12,2026.12,2026.03,2026.06,-25.65,1.4,-138.0,2519.0,-5.32,-9.65,-6.61,,,19.65,432.0,-42.0,-29.0,,,,,,,,,,,,,,31.77,1.47,81.0,2725.0,4.49,12.2,12.59,,,16.1,159.0,19.0,20.0,,,,,,,,,,,,,
